activity_id,employee_id,first_name,last_name,business_unit,contract_type,sport_type,declared_sport,activity_date,start_ts,end_ts,duration_minutes,distance_km,source
4739,96902,Nicole,Durand,Marketing,CDI,Marche,,2026-09-16,2026-09-16T10:17:47.884Z,2026-09-16T11:03:47.884Z,46.0,10.73,live
4740,34678,Astrid,Mendes,Finance,CDI,Randonnée,Randonnée,2026-09-16,2026-09-16T10:47:32.025Z,2026-09-16T11:58:32.025Z,71.0,4.57,live
4741,70643,Antoine,Rodriguez,Finance,CDI,Marche,,2026-09-16,2026-09-16T10:48:55.154Z,2026-09-16T11:19:55.154Z,31.0,2.27,live
4742,34922,Claire,Da Silva,Ventes,CDI,Tennis,Tennis,2026-09-16,2026-09-16T11:49:14.065Z,2026-09-16T12:25:14.065Z,36.0,,live
4743,29793,Marine,Chauvin,Finance,CDI,Running,Runing,2026-09-16,2026-09-16T13:26:09.011Z,2026-09-16T14:24:09.011Z,58.0,13.45,live
4744,17036,Julien,Jacques,Marketing,CDI,Escalade,Escalade,2026-09-16,2026-09-16T14:40:45.053Z,2026-09-16T15:44:45.053Z,64.0,,live
4745,12497,Gabriel_TEST2,Fontaine,DEMO-MANAGER,CDI,Tennis,Tennis,2026-07-21,2026-07-21T14:57:30.913Z,2026-07-21T16:32:36.913Z,95.1,,simulation_historical
4746,12497,Gabriel_TEST2,Fontaine,DEMO-MANAGER,CDI,Tennis,Tennis,2026-05-14,2026-05-14T08:36:30.913Z,2026-05-14T09:24:29.913Z,48.0,,simulation_historical
4747,12497,Gabriel_TEST2,Fontaine,DEMO-MANAGER,CDI,Tennis,Tennis,2025-10-04,2025-10-04T15:47:30.913Z,2025-10-04T18:36:25.913Z,168.9,,simulation_historical
4748,12497,Gabriel_TEST2,Fontaine,DEMO-MANAGER,CDI,Tennis,Tennis,2026-08-02,2026-08-02T21:17:30.913Z,2026-08-02T21:46:10.913Z,28.7,,simulation_historical
4749,12497,Gabriel_TEST2,Fontaine,DEMO-MANAGER,CDI,Tennis,Tennis,2026-09-01,2026-09-01T13:31:30.913Z,2026-09-01T14:55:01.913Z,83.5,,simulation_historical
4750,12497,Gabriel_TEST2,Fontaine,DEMO-MANAGER,CDI,Tennis,Tennis,2025-12-31,2025-12-31T20:43:30.913Z,2025-12-31T23:36:45.913Z,173.3,,simulation_historical
4751,12497,Gabriel_TEST2,Fontaine,DEMO-MANAGER,CDI,Tennis,Tennis,2026-06-06,2026-06-06T17:03:30.913Z,2026-06-06T19:52:18.913Z,168.8,,simulation_historical
4752,12497,Gabriel_TEST2,Fontaine,DEMO-MANAGER,CDI,Tennis,Tennis,2026-02-14,2026-02-14T08:16:30.913Z,2026-02-14T09:52:27.913Z,96.0,,simulation_historical
4753,12497,Gabriel_TEST2,Fontaine,DEMO-MANAGER,CDI,Tennis,Tennis,2026-09-13,2026-09-13T10:00:30.913Z,2026-09-13T12:15:54.913Z,135.4,,simulation_historical
4754,12497,Gabriel_TEST2,Fontaine,DEMO-MANAGER,CDI,Tennis,Tennis,2026-03-26,2026-03-26T07:35:30.913Z,2026-03-26T08:54:17.913Z,78.8,,simulation_historical
4755,12497,Gabriel_TEST2,Fontaine,DEMO-MANAGER,CDI,Tennis,Tennis,2026-03-28,2026-03-28T12:39:30.913Z,2026-03-28T14:43:14.913Z,123.7,,simulation_historical
4756,12497,Gabriel_TEST2,Fontaine,DEMO-MANAGER,CDI,Tennis,Tennis,2026-07-29,2026-07-29T03:50:30.913Z,2026-07-29T05:44:25.913Z,113.9,,simulation_historical
4757,12497,Gabriel_TEST2,Fontaine,DEMO-MANAGER,CDI,Tennis,Tennis,2025-11-11,2025-11-11T06:53:30.913Z,2025-11-11T07:25:21.913Z,31.9,,simulation_historical
4758,12497,Gabriel_TEST2,Fontaine,DEMO-MANAGER,CDI,Tennis,Tennis,2026-01-23,2026-01-23T22:37:30.913Z,2026-01-24T00:40:51.913Z,123.4,,simulation_historical
4759,12497,Gabriel_TEST2,Fontaine,DEMO-MANAGER,CDI,Tennis,Tennis,2026-08-06,2026-08-06T22:26:30.913Z,2026-08-07T00:25:15.913Z,118.8,,simulation_historical
4760,12497,Gabriel_TEST2,Fontaine,DEMO-MANAGER,CDI,Tennis,Tennis,2025-11-25,2025-11-25T08:59:30.913Z,2025-11-25T09:38:29.913Z,39.0,,simulation_historical
4761,12497,Gabriel_TEST2,Fontaine,DEMO-MANAGER,CDI,Tennis,Tennis,2026-08-23,2026-08-23T18:30:30.913Z,2026-08-23T20:09:31.913Z,99.0,,simulation_historical
4762,12497,Gabriel_TEST2,Fontaine,DEMO-MANAGER,CDI,Tennis,Tennis,2026-08-07,2026-08-07T07:49:30.913Z,2026-08-07T08:37:04.913Z,47.6,,simulation_historical
4763,12497,Gabriel_TEST2,Fontaine,DEMO-MANAGER,CDI,Tennis,Tennis,2026-03-06,2026-03-06T07:15:30.913Z,2026-03-06T09:15:07.913Z,119.6,,simulation_historical
4764,12497,Gabriel_TEST2,Fontaine,DEMO-MANAGER,CDI,Tennis,Tennis,2026-06-25,2026-06-25T04:22:30.913Z,2026-06-25T05:39:42.913Z,77.2,,simulation_historical
4765,12497,Gabriel_TEST2,Fontaine,DEMO-MANAGER,CDI,Tennis,Tennis,2025-10-08,2025-10-08T07:00:30.913Z,2025-10-08T07:39:59.913Z,39.5,,simulation_historical
4766,12497,Gabriel_TEST2,Fontaine,DEMO-MANAGER,CDI,Tennis,Tennis,2025-11-08,2025-11-08T19:34:30.913Z,2025-11-08T22:20:21.913Z,165.9,,simulation_historical
4767,12497,Gabriel_TEST2,Fontaine,DEMO-MANAGER,CDI,Tennis,Tennis,2026-05-14,2026-05-14T10:15:30.913Z,2026-05-14T12:19:06.913Z,123.6,,simulation_historical
4768,12497,Gabriel_TEST2,Fontaine,DEMO-MANAGER,CDI,Tennis,Tennis,2026-04-30,2026-04-30T19:00:30.913Z,2026-04-30T21:52:35.913Z,172.1,,simulation_historical
4769,12497,Gabriel_TEST2,Fontaine,DEMO-MANAGER,CDI,Tennis,Tennis,2026-05-26,2026-05-26T18:24:30.913Z,2026-05-26T18:59:46.913Z,35.3,,simulation_historical
4770,12497,Gabriel_TEST2,Fontaine,DEMO-MANAGER,CDI,Tennis,Tennis,2026-05-22,2026-05-22T13:53:30.913Z,2026-05-22T15:39:38.913Z,106.1,,simulation_historical
4771,12497,Gabriel_TEST2,Fontaine,DEMO-MANAGER,CDI,Tennis,Tennis,2026-02-23,2026-02-23T07:40:30.913Z,2026-02-23T08:58:06.913Z,77.6,,simulation_historical
4772,12497,Gabriel_TEST2,Fontaine,DEMO-MANAGER,CDI,Tennis,Tennis,2025-11-29,2025-11-29T17:24:30.913Z,2025-11-29T18:42:33.913Z,78.1,,simulation_historical
4773,12497,Gabriel_TEST2,Fontaine,DEMO-MANAGER,CDI,Tennis,Tennis,2025-10-16,2025-10-16T00:19:30.913Z,2025-10-16T02:44:47.913Z,145.3,,simulation_historical
4774,12497,Gabriel_TEST2,Fontaine,DEMO-MANAGER,CDI,Tennis,Tennis,2026-07-05,2026-07-05T07:36:30.913Z,2026-07-05T09:03:50.913Z,87.3,,simulation_historical
4775,12497,Gabriel_TEST2,Fontaine,DEMO-MANAGER,CDI,Tennis,Tennis,2025-12-02,2025-12-02T22:28:30.913Z,2025-12-03T01:28:07.913Z,179.6,,simulation_historical
4776,12497,Gabriel_TEST2,Fontaine,DEMO-MANAGER,CDI,Tennis,Tennis,2026-02-08,2026-02-08T21:19:30.913Z,2026-02-08T23:18:20.913Z,118.8,,simulation_historical
4777,12497,Gabriel_TEST2,Fontaine,DEMO-MANAGER,CDI,Tennis,Tennis,2026-05-27,2026-05-27T11:12:30.913Z,2026-05-27T13:47:15.913Z,154.8,,simulation_historical
4778,12497,Gabriel_TEST2,Fontaine,DEMO-MANAGER,CDI,Tennis,Tennis,2026-08-01,2026-08-01T13:49:30.913Z,2026-08-01T14:39:26.913Z,49.9,,simulation_historical
4779,12497,Gabriel_TEST2,Fontaine,DEMO-MANAGER,CDI,Tennis,Tennis,2026-06-29,2026-06-29T19:34:30.913Z,2026-06-29T21:49:46.913Z,135.3,,simulation_historical
4780,12497,Gabriel_TEST2,Fontaine,DEMO-MANAGER,CDI,Tennis,Tennis,2025-11-15,2025-11-15T13:20:30.913Z,2025-11-15T15:24:42.913Z,124.2,,simulation_historical
4781,12497,Gabriel_TEST2,Fontaine,DEMO-MANAGER,CDI,Tennis,Tennis,2025-11-15,2025-11-15T01:11:30.913Z,2025-11-15T02:40:09.913Z,88.7,,simulation_historical
4782,12497,Gabriel_TEST2,Fontaine,DEMO-MANAGER,CDI,Tennis,Tennis,2025-12-07,2025-12-07T15:01:30.913Z,2025-12-07T15:52:46.913Z,51.3,,simulation_historical
4783,12497,Gabriel_TEST2,Fontaine,DEMO-MANAGER,CDI,Tennis,Tennis,2025-10-01,2025-10-01T21:56:30.913Z,2025-10-01T23:29:21.913Z,92.9,,simulation_historical
4784,12497,Gabriel_TEST2,Fontaine,DEMO-MANAGER,CDI,Tennis,Tennis,2025-10-23,2025-10-23T05:37:30.913Z,2025-10-23T07:17:38.913Z,100.1,,simulation_historical
4785,12497,Gabriel_TEST2,Fontaine,DEMO-MANAGER,CDI,Tennis,Tennis,2026-02-06,2026-02-06T10:15:30.913Z,2026-02-06T10:36:23.913Z,20.9,,simulation_historical
4786,12497,Gabriel_TEST2,Fontaine,DEMO-MANAGER,CDI,Tennis,Tennis,2026-05-04,2026-05-04T22:56:30.913Z,2026-05-05T00:05:17.913Z,68.8,,simulation_historical
4787,12497,Gabriel_TEST2,Fontaine,DEMO-MANAGER,CDI,Tennis,Tennis,2025-12-31,2025-12-31T11:49:30.913Z,2025-12-31T13:30:59.913Z,101.5,,simulation_historical
4788,12497,Gabriel_TEST2,Fontaine,DEMO-MANAGER,CDI,Tennis,Tennis,2025-10-23,2025-10-23T23:06:30.913Z,2025-10-24T00:20:48.913Z,74.3,,simulation_historical
4789,12497,Gabriel_TEST2,Fontaine,DEMO-MANAGER,CDI,Tennis,Tennis,2026-06-30,2026-06-30T03:56:30.913Z,2026-06-30T05:00:36.913Z,64.1,,simulation_historical
4790,13064,Henriette,Thibault,R&D,CDI,Marche,,2025-12-19,2025-12-19T15:06:30.913Z,2025-12-19T16:55:00.913Z,108.5,9.01,simulation_historical
4791,13064,Henriette,Thibault,R&D,CDI,Marche,,2026-09-07,2026-09-07T11:45:30.913Z,2026-09-07T13:44:37.913Z,119.1,14.63,simulation_historical
4792,13064,Henriette,Thibault,R&D,CDI,Marche,,2026-04-12,2026-04-12T08:41:30.913Z,2026-04-12T10:07:16.913Z,85.8,10.3,simulation_historical
4793,13064,Henriette,Thibault,R&D,CDI,Marche,,2026-08-07,2026-08-07T12:58:30.913Z,2026-08-07T15:31:12.913Z,152.7,14.37,simulation_historical
4794,13064,Henriette,Thibault,R&D,CDI,Marche,,2026-08-11,2026-08-11T21:55:30.913Z,2026-08-11T22:49:50.913Z,54.3,3.1,simulation_historical
4795,13064,Henriette,Thibault,R&D,CDI,Marche,,2025-10-14,2025-10-14T00:09:30.913Z,2025-10-14T01:14:35.913Z,65.1,5.34,simulation_historical
4796,13064,Henriette,Thibault,R&D,CDI,Marche,,2025-12-19,2025-12-19T20:17:30.913Z,2025-12-19T21:35:20.913Z,77.8,9.84,simulation_historical
4797,13064,Henriette,Thibault,R&D,CDI,Marche,,2025-09-28,2025-09-28T08:59:30.913Z,2025-09-28T10:44:37.913Z,105.1,7.54,simulation_historical
4798,13064,Henriette,Thibault,R&D,CDI,Marche,,2025-10-07,2025-10-07T19:21:30.913Z,2025-10-07T21:41:07.913Z,139.6,9.48,simulation_historical
4799,13064,Henriette,Thibault,R&D,CDI,Marche,,2026-01-28,2026-01-28T12:29:30.913Z,2026-01-28T13:50:51.913Z,81.4,2.05,simulation_historical
4800,13064,Henriette,Thibault,R&D,CDI,Marche,,2026-03-27,2026-03-27T15:07:30.913Z,2026-03-27T17:58:45.913Z,171.3,4.77,simulation_historical
4801,13064,Henriette,Thibault,R&D,CDI,Marche,,2025-11-19,2025-11-19T08:44:30.913Z,2025-11-19T09:23:53.913Z,39.4,12.6,simulation_historical
4802,13064,Henriette,Thibault,R&D,CDI,Marche,,2025-10-28,2025-10-28T14:30:30.913Z,2025-10-28T15:08:54.913Z,38.4,1.51,simulation_historical
4803,13064,Henriette,Thibault,R&D,CDI,Marche,,2026-03-31,2026-03-31T13:12:30.913Z,2026-03-31T14:37:29.913Z,85.0,5.56,simulation_historical
4804,13064,Henriette,Thibault,R&D,CDI,Marche,,2025-10-09,2025-10-09T00:31:30.913Z,2025-10-09T03:18:44.913Z,167.2,3.17,simulation_historical
4805,13064,Henriette,Thibault,R&D,CDI,Marche,,2025-11-27,2025-11-27T21:14:30.913Z,2025-11-27T22:40:51.913Z,86.4,13.86,simulation_historical
4806,13064,Henriette,Thibault,R&D,CDI,Marche,,2026-01-17,2026-01-17T02:32:30.913Z,2026-01-17T03:18:15.913Z,45.8,2.59,simulation_historical
4807,13064,Henriette,Thibault,R&D,CDI,Marche,,2025-10-14,2025-10-14T02:22:30.913Z,2025-10-14T04:38:09.913Z,135.7,7.74,simulation_historical
4808,13064,Henriette,Thibault,R&D,CDI,Marche,,2026-01-19,2026-01-19T16:41:30.913Z,2026-01-19T17:28:22.913Z,46.9,1.99,simulation_historical
4809,13064,Henriette,Thibault,R&D,CDI,Marche,,2026-02-21,2026-02-21T16:23:30.913Z,2026-02-21T17:13:20.913Z,49.8,5.07,simulation_historical
4810,13064,Henriette,Thibault,R&D,CDI,Marche,,2026-06-10,2026-06-10T09:10:30.913Z,2026-06-10T11:33:00.913Z,142.5,3.3,simulation_historical
4811,13064,Henriette,Thibault,R&D,CDI,Marche,,2026-02-12,2026-02-12T10:27:30.913Z,2026-02-12T12:53:49.913Z,146.3,5.09,simulation_historical
4812,13064,Henriette,Thibault,R&D,CDI,Marche,,2026-08-09,2026-08-09T00:53:30.913Z,2026-08-09T03:43:46.913Z,170.3,2.6,simulation_historical
4813,13064,Henriette,Thibault,R&D,CDI,Marche,,2026-08-21,2026-08-21T19:10:30.913Z,2026-08-21T19:34:31.913Z,24.0,2.53,simulation_historical
4814,13064,Henriette,Thibault,R&D,CDI,Marche,,2026-05-18,2026-05-18T10:18:30.913Z,2026-05-18T12:51:06.913Z,152.6,8.89,simulation_historical
4815,13064,Henriette,Thibault,R&D,CDI,Marche,,2026-05-30,2026-05-30T02:47:30.913Z,2026-05-30T03:23:30.913Z,36.0,3.7,simulation_historical
4816,13064,Henriette,Thibault,R&D,CDI,Marche,,2026-03-06,2026-03-06T15:20:30.913Z,2026-03-06T16:52:55.913Z,92.4,13.85,simulation_historical
4817,13064,Henriette,Thibault,R&D,CDI,Marche,,2026-01-27,2026-01-27T06:17:30.913Z,2026-01-27T09:09:15.913Z,171.8,11.84,simulation_historical
4818,13064,Henriette,Thibault,R&D,CDI,Marche,,2026-01-10,2026-01-10T11:32:30.913Z,2026-01-10T13:13:31.913Z,101.0,4.57,simulation_historical
4819,13064,Henriette,Thibault,R&D,CDI,Marche,,2026-08-17,2026-08-17T20:57:30.913Z,2026-08-17T23:45:33.913Z,168.1,2.0,simulation_historical
4820,13064,Henriette,Thibault,R&D,CDI,Marche,,2026-04-09,2026-04-09T14:41:30.913Z,2026-04-09T17:41:01.913Z,179.5,8.81,simulation_historical
4821,13064,Henriette,Thibault,R&D,CDI,Marche,,2026-01-01,2026-01-01T23:34:30.913Z,2026-01-02T00:10:01.913Z,35.5,9.32,simulation_historical
4822,13064,Henriette,Thibault,R&D,CDI,Marche,,2026-08-06,2026-08-06T10:40:30.913Z,2026-08-06T11:19:03.913Z,38.6,12.06,simulation_historical
4823,13064,Henriette,Thibault,R&D,CDI,Marche,,2026-05-19,2026-05-19T03:37:30.913Z,2026-05-19T06:33:03.913Z,175.6,5.03,simulation_historical
4824,13064,Henriette,Thibault,R&D,CDI,Marche,,2025-11-23,2025-11-23T20:42:30.913Z,2025-11-23T21:24:53.913Z,42.4,7.87,simulation_historical
4825,13064,Henriette,Thibault,R&D,CDI,Marche,,2025-10-14,2025-10-14T21:08:30.913Z,2025-10-14T23:51:15.913Z,162.8,6.18,simulation_historical
4826,13064,Henriette,Thibault,R&D,CDI,Marche,,2026-05-06,2026-05-06T09:02:30.913Z,2026-05-06T10:48:17.913Z,105.8,4.91,simulation_historical
4827,13064,Henriette,Thibault,R&D,CDI,Marche,,2026-05-04,2026-05-04T03:36:30.913Z,2026-05-04T05:18:25.913Z,101.9,8.49,simulation_historical
4828,13064,Henriette,Thibault,R&D,CDI,Marche,,2026-04-08,2026-04-08T13:44:30.913Z,2026-04-08T16:09:38.913Z,145.1,11.18,simulation_historical
4829,13780,Sylvain,Renard,Finance,CDI,Marche,,2026-07-27,2026-07-27T13:10:30.913Z,2026-07-27T14:28:42.913Z,78.2,9.29,simulation_historical
4830,13780,Sylvain,Renard,Finance,CDI,Marche,,2026-05-04,2026-05-04T10:45:30.913Z,2026-05-04T12:40:48.913Z,115.3,2.13,simulation_historical
4831,13780,Sylvain,Renard,Finance,CDI,Marche,,2026-05-14,2026-05-14T04:26:30.913Z,2026-05-14T05:29:34.913Z,63.1,8.18,simulation_historical
4832,13780,Sylvain,Renard,Finance,CDI,Marche,,2025-12-11,2025-12-11T17:25:30.913Z,2025-12-11T20:09:56.913Z,164.4,1.13,simulation_historical
4833,13780,Sylvain,Renard,Finance,CDI,Marche,,2025-10-09,2025-10-09T22:25:30.913Z,2025-10-09T23:13:47.913Z,48.3,3.2,simulation_historical
4834,13780,Sylvain,Renard,Finance,CDI,Marche,,2026-05-04,2026-05-04T11:48:30.913Z,2026-05-04T12:37:43.913Z,49.2,13.16,simulation_historical
4835,13780,Sylvain,Renard,Finance,CDI,Marche,,2025-12-07,2025-12-07T11:27:30.913Z,2025-12-07T13:04:26.913Z,96.9,10.91,simulation_historical
4836,13780,Sylvain,Renard,Finance,CDI,Marche,,2026-05-31,2026-05-31T17:23:30.913Z,2026-05-31T18:39:05.913Z,75.6,12.26,simulation_historical
4837,13780,Sylvain,Renard,Finance,CDI,Marche,,2025-10-27,2025-10-27T07:12:30.913Z,2025-10-27T09:45:54.913Z,153.4,5.11,simulation_historical
4838,13780,Sylvain,Renard,Finance,CDI,Marche,,2026-08-21,2026-08-21T13:04:30.913Z,2026-08-21T15:20:09.913Z,135.7,14.59,simulation_historical
4839,13780,Sylvain,Renard,Finance,CDI,Marche,,2026-04-28,2026-04-28T14:44:30.913Z,2026-04-28T16:35:34.913Z,111.1,13.63,simulation_historical
4840,13780,Sylvain,Renard,Finance,CDI,Marche,,2026-07-11,2026-07-11T19:28:30.913Z,2026-07-11T20:32:37.913Z,64.1,13.14,simulation_historical
4841,13780,Sylvain,Renard,Finance,CDI,Marche,,2026-02-01,2026-02-01T21:59:30.913Z,2026-02-02T00:16:17.913Z,136.8,10.19,simulation_historical
4842,13780,Sylvain,Renard,Finance,CDI,Marche,,2026-09-12,2026-09-12T12:40:30.913Z,2026-09-12T13:41:12.913Z,60.7,9.94,simulation_historical
4843,13780,Sylvain,Renard,Finance,CDI,Marche,,2026-08-29,2026-08-29T04:07:30.913Z,2026-08-29T06:58:22.913Z,170.9,3.43,simulation_historical
4844,13780,Sylvain,Renard,Finance,CDI,Marche,,2026-02-08,2026-02-08T11:42:30.913Z,2026-02-08T13:26:40.913Z,104.2,6.97,simulation_historical
4845,13780,Sylvain,Renard,Finance,CDI,Marche,,2026-08-27,2026-08-27T04:31:30.913Z,2026-08-27T05:59:38.913Z,88.1,11.93,simulation_historical
4846,13780,Sylvain,Renard,Finance,CDI,Marche,,2026-07-26,2026-07-26T03:55:30.913Z,2026-07-26T06:48:23.913Z,172.9,7.66,simulation_historical
4847,13780,Sylvain,Renard,Finance,CDI,Marche,,2025-11-02,2025-11-02T16:35:30.913Z,2025-11-02T18:00:08.913Z,84.6,3.66,simulation_historical
4848,13780,Sylvain,Renard,Finance,CDI,Marche,,2026-06-18,2026-06-18T02:43:30.913Z,2026-06-18T03:52:28.913Z,69.0,13.07,simulation_historical
4849,13780,Sylvain,Renard,Finance,CDI,Marche,,2026-03-30,2026-03-30T01:53:30.913Z,2026-03-30T03:21:15.913Z,87.8,5.37,simulation_historical
4850,13780,Sylvain,Renard,Finance,CDI,Marche,,2026-06-26,2026-06-26T17:38:30.913Z,2026-06-26T19:42:57.913Z,124.5,1.63,simulation_historical
4851,13780,Sylvain,Renard,Finance,CDI,Marche,,2026-01-19,2026-01-19T08:32:30.913Z,2026-01-19T10:58:11.913Z,145.7,6.73,simulation_historical
4852,13780,Sylvain,Renard,Finance,CDI,Marche,,2026-04-13,2026-04-13T08:30:30.913Z,2026-04-13T08:56:57.913Z,26.5,11.81,simulation_historical
4853,13780,Sylvain,Renard,Finance,CDI,Marche,,2026-06-10,2026-06-10T03:23:30.913Z,2026-06-10T04:59:34.913Z,96.1,2.14,simulation_historical
4854,13780,Sylvain,Renard,Finance,CDI,Marche,,2026-04-27,2026-04-27T04:03:30.913Z,2026-04-27T06:42:36.913Z,159.1,7.55,simulation_historical
4855,13780,Sylvain,Renard,Finance,CDI,Marche,,2025-10-03,2025-10-03T22:23:30.913Z,2025-10-03T22:51:02.913Z,27.5,2.89,simulation_historical
4856,13780,Sylvain,Renard,Finance,CDI,Marche,,2026-05-06,2026-05-06T10:07:30.913Z,2026-05-06T11:39:59.913Z,92.5,1.63,simulation_historical
4857,13780,Sylvain,Renard,Finance,CDI,Marche,,2026-07-22,2026-07-22T20:17:30.913Z,2026-07-22T22:11:53.913Z,114.4,12.94,simulation_historical
4858,13780,Sylvain,Renard,Finance,CDI,Marche,,2026-04-09,2026-04-09T02:06:30.913Z,2026-04-09T04:46:09.913Z,159.7,2.89,simulation_historical
4859,13780,Sylvain,Renard,Finance,CDI,Marche,,2026-03-02,2026-03-02T21:32:30.913Z,2026-03-02T23:02:03.913Z,89.6,1.73,simulation_historical
4860,13780,Sylvain,Renard,Finance,CDI,Marche,,2025-09-19,2025-09-19T02:44:30.913Z,2025-09-19T05:26:28.913Z,162.0,14.21,simulation_historical
4861,13780,Sylvain,Renard,Finance,CDI,Marche,,2025-12-14,2025-12-14T17:58:30.913Z,2025-12-14T19:12:18.913Z,73.8,6.97,simulation_historical
4862,13780,Sylvain,Renard,Finance,CDI,Marche,,2026-02-08,2026-02-08T13:02:30.913Z,2026-02-08T14:52:39.913Z,110.2,11.21,simulation_historical
4863,13780,Sylvain,Renard,Finance,CDI,Marche,,2026-04-08,2026-04-08T17:50:30.913Z,2026-04-08T18:44:31.913Z,54.0,12.79,simulation_historical
4864,13780,Sylvain,Renard,Finance,CDI,Marche,,2026-04-15,2026-04-15T23:25:30.913Z,2026-04-16T01:37:01.913Z,131.5,6.34,simulation_historical
4865,13780,Sylvain,Renard,Finance,CDI,Marche,,2026-02-21,2026-02-21T17:26:30.913Z,2026-02-21T20:17:53.913Z,171.4,3.09,simulation_historical
4866,13780,Sylvain,Renard,Finance,CDI,Marche,,2026-06-10,2026-06-10T02:02:30.913Z,2026-06-10T04:06:01.913Z,123.5,12.1,simulation_historical
4867,13780,Sylvain,Renard,Finance,CDI,Marche,,2026-06-18,2026-06-18T20:08:30.913Z,2026-06-18T21:50:40.913Z,102.2,7.65,simulation_historical
4868,13780,Sylvain,Renard,Finance,CDI,Marche,,2025-12-10,2025-12-10T15:25:30.913Z,2025-12-10T17:03:50.913Z,98.3,4.44,simulation_historical
4869,13780,Sylvain,Renard,Finance,CDI,Marche,,2026-02-07,2026-02-07T21:06:30.913Z,2026-02-07T22:54:29.913Z,108.0,8.62,simulation_historical
4870,15493,Alice,Devaux,Support,CDI,Marche,,2026-02-01,2026-02-01T18:31:30.913Z,2026-02-01T21:11:05.913Z,159.6,8.75,simulation_historical
4871,15493,Alice,Devaux,Support,CDI,Marche,,2026-06-21,2026-06-21T18:39:30.913Z,2026-06-21T20:16:59.913Z,97.5,9.45,simulation_historical
4872,15493,Alice,Devaux,Support,CDI,Marche,,2025-10-11,2025-10-11T19:05:30.913Z,2025-10-11T20:57:01.913Z,111.5,2.53,simulation_historical
4873,15493,Alice,Devaux,Support,CDI,Marche,,2026-05-18,2026-05-18T18:25:30.913Z,2026-05-18T19:46:50.913Z,81.3,14.21,simulation_historical
4874,15493,Alice,Devaux,Support,CDI,Marche,,2026-06-07,2026-06-07T11:43:30.913Z,2026-06-07T12:16:07.913Z,32.6,5.01,simulation_historical
4875,15493,Alice,Devaux,Support,CDI,Marche,,2026-01-15,2026-01-15T19:50:30.913Z,2026-01-15T20:30:23.913Z,39.9,8.46,simulation_historical
4876,15493,Alice,Devaux,Support,CDI,Marche,,2026-02-15,2026-02-15T19:08:30.913Z,2026-02-15T20:21:35.913Z,73.1,12.77,simulation_historical
4877,15493,Alice,Devaux,Support,CDI,Marche,,2025-09-25,2025-09-25T03:13:30.913Z,2025-09-25T05:22:37.913Z,129.1,5.0,simulation_historical
4878,15493,Alice,Devaux,Support,CDI,Marche,,2026-07-02,2026-07-02T19:00:30.913Z,2026-07-02T19:22:00.913Z,21.5,13.3,simulation_historical
4879,15493,Alice,Devaux,Support,CDI,Marche,,2026-07-24,2026-07-24T02:30:30.913Z,2026-07-24T03:38:31.913Z,68.0,14.17,simulation_historical
4880,15493,Alice,Devaux,Support,CDI,Marche,,2025-09-24,2025-09-24T23:15:30.913Z,2025-09-24T23:49:12.913Z,33.7,10.13,simulation_historical
4881,15493,Alice,Devaux,Support,CDI,Marche,,2026-05-12,2026-05-12T12:15:30.913Z,2026-05-12T13:11:54.913Z,56.4,14.13,simulation_historical
4882,15493,Alice,Devaux,Support,CDI,Marche,,2026-01-21,2026-01-21T18:11:30.913Z,2026-01-21T21:04:07.913Z,172.6,10.76,simulation_historical
4883,15493,Alice,Devaux,Support,CDI,Marche,,2026-04-07,2026-04-07T01:05:30.913Z,2026-04-07T03:43:20.913Z,157.8,7.99,simulation_historical
4884,15493,Alice,Devaux,Support,CDI,Marche,,2025-12-10,2025-12-10T00:47:30.913Z,2025-12-10T01:50:57.913Z,63.5,13.18,simulation_historical
4885,15493,Alice,Devaux,Support,CDI,Marche,,2026-01-16,2026-01-16T01:28:30.913Z,2026-01-16T02:56:00.913Z,87.5,14.76,simulation_historical
4886,15493,Alice,Devaux,Support,CDI,Marche,,2025-10-25,2025-10-25T06:55:30.913Z,2025-10-25T09:37:50.913Z,162.3,8.94,simulation_historical
4887,15493,Alice,Devaux,Support,CDI,Marche,,2025-10-31,2025-10-31T08:27:30.913Z,2025-10-31T10:47:36.913Z,140.1,2.27,simulation_historical
4888,15493,Alice,Devaux,Support,CDI,Marche,,2026-04-23,2026-04-23T08:27:30.913Z,2026-04-23T10:19:12.913Z,111.7,6.24,simulation_historical
4889,15493,Alice,Devaux,Support,CDI,Marche,,2025-12-14,2025-12-14T13:36:30.913Z,2025-12-14T14:37:41.913Z,61.2,4.79,simulation_historical
4890,15493,Alice,Devaux,Support,CDI,Marche,,2026-03-03,2026-03-03T17:35:30.913Z,2026-03-03T18:53:55.913Z,78.4,2.05,simulation_historical
4891,15493,Alice,Devaux,Support,CDI,Marche,,2026-02-16,2026-02-16T02:23:30.913Z,2026-02-16T05:11:40.913Z,168.2,8.63,simulation_historical
4892,15493,Alice,Devaux,Support,CDI,Marche,,2026-02-16,2026-02-16T14:31:30.913Z,2026-02-16T16:46:13.913Z,134.7,7.38,simulation_historical
4893,15493,Alice,Devaux,Support,CDI,Marche,,2025-11-20,2025-11-20T17:43:30.913Z,2025-11-20T20:40:42.913Z,177.2,7.23,simulation_historical
4894,15493,Alice,Devaux,Support,CDI,Marche,,2026-01-15,2026-01-15T15:22:30.913Z,2026-01-15T17:04:02.913Z,101.5,13.34,simulation_historical
4895,15493,Alice,Devaux,Support,CDI,Marche,,2026-03-01,2026-03-01T02:10:30.913Z,2026-03-01T04:59:37.913Z,169.1,14.11,simulation_historical
4896,15493,Alice,Devaux,Support,CDI,Marche,,2025-11-12,2025-11-12T08:13:30.913Z,2025-11-12T09:33:25.913Z,79.9,5.47,simulation_historical
4897,15493,Alice,Devaux,Support,CDI,Marche,,2026-02-05,2026-02-05T00:43:30.913Z,2026-02-05T02:49:41.913Z,126.2,6.51,simulation_historical
4898,15493,Alice,Devaux,Support,CDI,Marche,,2025-10-08,2025-10-08T17:53:30.913Z,2025-10-08T20:03:54.913Z,130.4,12.86,simulation_historical
4899,15493,Alice,Devaux,Support,CDI,Marche,,2026-06-24,2026-06-24T00:46:30.913Z,2026-06-24T01:41:21.913Z,54.9,11.2,simulation_historical
4900,15493,Alice,Devaux,Support,CDI,Marche,,2025-12-17,2025-12-17T14:46:30.913Z,2025-12-17T16:54:05.913Z,127.6,10.7,simulation_historical
4901,15493,Alice,Devaux,Support,CDI,Marche,,2025-12-01,2025-12-01T18:43:30.913Z,2025-12-01T19:26:25.913Z,42.9,11.53,simulation_historical
4902,15493,Alice,Devaux,Support,CDI,Marche,,2026-02-09,2026-02-09T10:49:30.913Z,2026-02-09T13:15:34.913Z,146.1,3.98,simulation_historical
4903,16872,Francoise,Toussaint,Finance,CDI,Marche,,2026-05-06,2026-05-06T03:24:30.913Z,2026-05-06T04:42:17.913Z,77.8,8.45,simulation_historical
4904,16872,Francoise,Toussaint,Finance,CDI,Marche,,2026-04-02,2026-04-02T04:56:30.913Z,2026-04-02T07:00:01.913Z,123.5,5.56,simulation_historical
4905,16872,Francoise,Toussaint,Finance,CDI,Marche,,2026-02-13,2026-02-13T06:51:30.913Z,2026-02-13T07:33:51.913Z,42.4,8.71,simulation_historical
4906,16872,Francoise,Toussaint,Finance,CDI,Marche,,2026-09-06,2026-09-06T16:10:30.913Z,2026-09-06T16:44:43.913Z,34.2,6.73,simulation_historical
4907,16872,Francoise,Toussaint,Finance,CDI,Marche,,2026-05-24,2026-05-24T19:40:30.913Z,2026-05-24T20:11:29.913Z,31.0,13.36,simulation_historical
4908,16872,Francoise,Toussaint,Finance,CDI,Marche,,2026-09-01,2026-09-01T08:32:30.913Z,2026-09-01T08:58:03.913Z,25.6,11.18,simulation_historical
4909,16872,Francoise,Toussaint,Finance,CDI,Marche,,2026-06-30,2026-06-30T08:36:30.913Z,2026-06-30T11:05:48.913Z,149.3,11.97,simulation_historical
4910,16872,Francoise,Toussaint,Finance,CDI,Marche,,2026-07-19,2026-07-19T21:31:30.913Z,2026-07-19T23:58:29.913Z,147.0,12.46,simulation_historical
4911,17027,Julie,Boyer,Support,CDI,Tennis,Tennis,2026-03-12,2026-03-12T10:06:30.913Z,2026-03-12T10:57:46.913Z,51.3,,simulation_historical
4912,17027,Julie,Boyer,Support,CDI,Tennis,Tennis,2026-06-25,2026-06-25T06:38:30.913Z,2026-06-25T09:36:31.913Z,178.0,,simulation_historical
4913,17027,Julie,Boyer,Support,CDI,Tennis,Tennis,2026-09-03,2026-09-03T06:08:30.913Z,2026-09-03T08:10:59.913Z,122.5,,simulation_historical
4914,17027,Julie,Boyer,Support,CDI,Tennis,Tennis,2026-02-24,2026-02-24T17:32:30.913Z,2026-02-24T18:13:15.913Z,40.8,,simulation_historical
4915,17027,Julie,Boyer,Support,CDI,Tennis,Tennis,2025-11-16,2025-11-16T16:51:30.913Z,2025-11-16T18:17:48.913Z,86.3,,simulation_historical
4916,17027,Julie,Boyer,Support,CDI,Tennis,Tennis,2026-07-25,2026-07-25T16:55:30.913Z,2026-07-25T18:37:51.913Z,102.4,,simulation_historical
4917,17027,Julie,Boyer,Support,CDI,Tennis,Tennis,2025-09-30,2025-09-30T19:53:30.913Z,2025-09-30T20:46:33.913Z,53.1,,simulation_historical
4918,17027,Julie,Boyer,Support,CDI,Tennis,Tennis,2025-12-01,2025-12-01T14:22:30.913Z,2025-12-01T17:07:58.913Z,165.5,,simulation_historical
4919,17027,Julie,Boyer,Support,CDI,Tennis,Tennis,2026-02-08,2026-02-08T18:21:30.913Z,2026-02-08T19:00:19.913Z,38.8,,simulation_historical
4920,17027,Julie,Boyer,Support,CDI,Tennis,Tennis,2025-12-30,2025-12-30T19:23:30.913Z,2025-12-30T19:46:57.913Z,23.5,,simulation_historical
4921,17027,Julie,Boyer,Support,CDI,Tennis,Tennis,2026-02-13,2026-02-13T00:38:30.913Z,2026-02-13T02:56:52.913Z,138.4,,simulation_historical
4922,17027,Julie,Boyer,Support,CDI,Tennis,Tennis,2026-03-14,2026-03-14T18:47:30.913Z,2026-03-14T21:13:02.913Z,145.5,,simulation_historical
4923,17027,Julie,Boyer,Support,CDI,Tennis,Tennis,2025-09-19,2025-09-19T11:17:30.913Z,2025-09-19T12:25:35.913Z,68.1,,simulation_historical
4924,17027,Julie,Boyer,Support,CDI,Tennis,Tennis,2025-12-22,2025-12-22T19:27:30.913Z,2025-12-22T22:14:27.913Z,167.0,,simulation_historical
4925,17027,Julie,Boyer,Support,CDI,Tennis,Tennis,2026-01-12,2026-01-12T01:17:30.913Z,2026-01-12T02:50:47.913Z,93.3,,simulation_historical
4926,17027,Julie,Boyer,Support,CDI,Tennis,Tennis,2026-04-04,2026-04-04T07:51:30.913Z,2026-04-04T08:35:09.913Z,43.7,,simulation_historical
4927,17027,Julie,Boyer,Support,CDI,Tennis,Tennis,2026-04-27,2026-04-27T01:29:30.913Z,2026-04-27T03:56:23.913Z,146.9,,simulation_historical
4928,17027,Julie,Boyer,Support,CDI,Tennis,Tennis,2025-11-28,2025-11-28T20:02:30.913Z,2025-11-28T22:05:59.913Z,123.5,,simulation_historical
4929,17027,Julie,Boyer,Support,CDI,Tennis,Tennis,2026-03-28,2026-03-28T15:13:30.913Z,2026-03-28T17:02:15.913Z,108.8,,simulation_historical
4930,17027,Julie,Boyer,Support,CDI,Tennis,Tennis,2026-06-15,2026-06-15T00:31:30.913Z,2026-06-15T02:28:23.913Z,116.9,,simulation_historical
4931,17027,Julie,Boyer,Support,CDI,Tennis,Tennis,2026-05-07,2026-05-07T05:27:30.913Z,2026-05-07T07:02:56.913Z,95.4,,simulation_historical
4932,17036,Julien,Jacques,Marketing,CDI,Escalade,Escalade,2026-09-10,2026-09-10T23:32:30.913Z,2026-09-11T00:15:52.913Z,43.4,,simulation_historical
4933,17036,Julien,Jacques,Marketing,CDI,Escalade,Escalade,2026-05-15,2026-05-15T16:18:30.913Z,2026-05-15T18:51:54.913Z,153.4,,simulation_historical
4934,17036,Julien,Jacques,Marketing,CDI,Escalade,Escalade,2025-12-06,2025-12-06T08:00:30.913Z,2025-12-06T10:30:30.913Z,150.0,,simulation_historical
4935,17036,Julien,Jacques,Marketing,CDI,Escalade,Escalade,2025-10-20,2025-10-20T17:13:30.913Z,2025-10-20T19:35:52.913Z,142.4,,simulation_historical
4936,17036,Julien,Jacques,Marketing,CDI,Escalade,Escalade,2026-09-08,2026-09-08T13:26:30.913Z,2026-09-08T14:47:00.913Z,80.5,,simulation_historical
4937,17036,Julien,Jacques,Marketing,CDI,Escalade,Escalade,2026-02-20,2026-02-20T17:29:30.913Z,2026-02-20T19:13:06.913Z,103.6,,simulation_historical
4938,17036,Julien,Jacques,Marketing,CDI,Escalade,Escalade,2025-10-11,2025-10-11T21:21:30.913Z,2025-10-11T23:50:43.913Z,149.2,,simulation_historical
4939,17036,Julien,Jacques,Marketing,CDI,Escalade,Escalade,2025-12-06,2025-12-06T23:22:30.913Z,2025-12-07T01:38:41.913Z,136.2,,simulation_historical
4940,17036,Julien,Jacques,Marketing,CDI,Escalade,Escalade,2025-12-09,2025-12-09T05:22:30.913Z,2025-12-09T07:46:24.913Z,143.9,,simulation_historical
4941,17036,Julien,Jacques,Marketing,CDI,Escalade,Escalade,2026-05-01,2026-05-01T06:28:30.913Z,2026-05-01T07:51:27.913Z,83.0,,simulation_historical
4942,17036,Julien,Jacques,Marketing,CDI,Escalade,Escalade,2026-07-16,2026-07-16T16:32:30.913Z,2026-07-16T18:18:39.913Z,106.2,,simulation_historical
4943,17036,Julien,Jacques,Marketing,CDI,Escalade,Escalade,2026-07-16,2026-07-16T16:10:30.913Z,2026-07-16T17:21:03.913Z,70.6,,simulation_historical
4944,17036,Julien,Jacques,Marketing,CDI,Escalade,Escalade,2026-06-10,2026-06-10T08:57:30.913Z,2026-06-10T11:29:43.913Z,152.2,,simulation_historical
4945,17036,Julien,Jacques,Marketing,CDI,Escalade,Escalade,2026-04-27,2026-04-27T16:07:30.913Z,2026-04-27T18:50:45.913Z,163.3,,simulation_historical
4946,17036,Julien,Jacques,Marketing,CDI,Escalade,Escalade,2025-11-15,2025-11-15T06:38:30.913Z,2025-11-15T07:51:30.913Z,73.0,,simulation_historical
4947,17036,Julien,Jacques,Marketing,CDI,Escalade,Escalade,2026-04-18,2026-04-18T08:21:30.913Z,2026-04-18T09:30:29.913Z,69.0,,simulation_historical
4948,17036,Julien,Jacques,Marketing,CDI,Escalade,Escalade,2026-04-15,2026-04-15T14:59:30.913Z,2026-04-15T17:45:21.913Z,165.9,,simulation_historical
4949,17036,Julien,Jacques,Marketing,CDI,Escalade,Escalade,2026-07-14,2026-07-14T07:42:30.913Z,2026-07-14T08:17:23.913Z,34.9,,simulation_historical
4950,17036,Julien,Jacques,Marketing,CDI,Escalade,Escalade,2025-12-07,2025-12-07T06:00:30.913Z,2025-12-07T06:54:58.913Z,54.5,,simulation_historical
4951,17036,Julien,Jacques,Marketing,CDI,Escalade,Escalade,2025-10-25,2025-10-25T00:38:30.913Z,2025-10-25T01:01:50.913Z,23.3,,simulation_historical
4952,17036,Julien,Jacques,Marketing,CDI,Escalade,Escalade,2025-11-27,2025-11-27T06:14:30.913Z,2025-11-27T08:45:13.913Z,150.7,,simulation_historical
4953,17036,Julien,Jacques,Marketing,CDI,Escalade,Escalade,2026-02-03,2026-02-03T05:33:30.913Z,2026-02-03T06:07:31.913Z,34.0,,simulation_historical
4954,17036,Julien,Jacques,Marketing,CDI,Escalade,Escalade,2026-05-10,2026-05-10T00:37:30.913Z,2026-05-10T01:15:20.913Z,37.8,,simulation_historical
4955,17036,Julien,Jacques,Marketing,CDI,Escalade,Escalade,2026-02-23,2026-02-23T00:40:30.913Z,2026-02-23T03:38:03.913Z,177.6,,simulation_historical
4956,17036,Julien,Jacques,Marketing,CDI,Escalade,Escalade,2025-10-28,2025-10-28T18:41:30.913Z,2025-10-28T19:42:55.913Z,61.4,,simulation_historical
4957,17036,Julien,Jacques,Marketing,CDI,Escalade,Escalade,2026-07-01,2026-07-01T21:25:30.913Z,2026-07-01T22:08:45.913Z,43.3,,simulation_historical
4958,17036,Julien,Jacques,Marketing,CDI,Escalade,Escalade,2026-05-12,2026-05-12T12:09:30.913Z,2026-05-12T14:23:08.913Z,133.6,,simulation_historical
4959,17036,Julien,Jacques,Marketing,CDI,Escalade,Escalade,2025-11-09,2025-11-09T19:54:30.913Z,2025-11-09T21:16:07.913Z,81.6,,simulation_historical
4960,17036,Julien,Jacques,Marketing,CDI,Escalade,Escalade,2025-12-23,2025-12-23T03:16:30.913Z,2025-12-23T05:37:23.913Z,140.9,,simulation_historical
4961,17036,Julien,Jacques,Marketing,CDI,Escalade,Escalade,2026-04-16,2026-04-16T21:17:30.913Z,2026-04-16T23:00:53.913Z,103.4,,simulation_historical
4962,17036,Julien,Jacques,Marketing,CDI,Escalade,Escalade,2025-11-28,2025-11-28T20:41:30.913Z,2025-11-28T21:28:35.913Z,47.1,,simulation_historical
4963,17036,Julien,Jacques,Marketing,CDI,Escalade,Escalade,2026-06-01,2026-06-01T19:31:30.913Z,2026-06-01T21:03:45.913Z,92.3,,simulation_historical
4964,17036,Julien,Jacques,Marketing,CDI,Escalade,Escalade,2025-10-13,2025-10-13T13:34:30.913Z,2025-10-13T14:59:59.913Z,85.5,,simulation_historical
4965,17036,Julien,Jacques,Marketing,CDI,Escalade,Escalade,2026-06-19,2026-06-19T22:40:30.913Z,2026-06-19T23:43:14.913Z,62.7,,simulation_historical
4966,17036,Julien,Jacques,Marketing,CDI,Escalade,Escalade,2026-09-15,2026-09-15T02:16:30.913Z,2026-09-15T04:44:49.913Z,148.3,,simulation_historical
4967,17036,Julien,Jacques,Marketing,CDI,Escalade,Escalade,2026-04-20,2026-04-20T14:30:30.913Z,2026-04-20T16:09:10.913Z,98.7,,simulation_historical
4968,17036,Julien,Jacques,Marketing,CDI,Escalade,Escalade,2025-09-20,2025-09-20T06:00:30.913Z,2025-09-20T08:24:28.913Z,144.0,,simulation_historical
4969,17036,Julien,Jacques,Marketing,CDI,Escalade,Escalade,2026-08-10,2026-08-10T18:30:30.913Z,2026-08-10T20:02:44.913Z,92.2,,simulation_historical
4970,17036,Julien,Jacques,Marketing,CDI,Escalade,Escalade,2025-10-30,2025-10-30T21:02:30.913Z,2025-10-30T22:16:31.913Z,74.0,,simulation_historical
4971,17036,Julien,Jacques,Marketing,CDI,Escalade,Escalade,2026-02-11,2026-02-11T12:10:30.913Z,2026-02-11T13:31:53.913Z,81.4,,simulation_historical
4972,17376,Diane,Rey,Finance,CDI,Marche,,2026-07-02,2026-07-02T06:52:30.913Z,2026-07-02T07:51:20.913Z,58.8,2.17,simulation_historical
4973,17376,Diane,Rey,Finance,CDI,Marche,,2026-08-17,2026-08-17T09:54:30.913Z,2026-08-17T11:38:29.913Z,104.0,10.75,simulation_historical
4974,17376,Diane,Rey,Finance,CDI,Marche,,2025-11-29,2025-11-29T06:16:30.913Z,2025-11-29T07:10:27.913Z,54.0,8.68,simulation_historical
4975,17376,Diane,Rey,Finance,CDI,Marche,,2025-09-29,2025-09-29T06:00:30.913Z,2025-09-29T08:10:24.913Z,129.9,5.46,simulation_historical
4976,17376,Diane,Rey,Finance,CDI,Marche,,2026-01-02,2026-01-02T22:13:30.913Z,2026-01-03T00:33:02.913Z,139.5,2.32,simulation_historical
4977,17376,Diane,Rey,Finance,CDI,Marche,,2025-11-14,2025-11-14T13:48:30.913Z,2025-11-14T16:06:28.913Z,138.0,13.03,simulation_historical
4978,17376,Diane,Rey,Finance,CDI,Marche,,2026-04-03,2026-04-03T20:28:30.913Z,2026-04-03T20:55:33.913Z,27.1,2.5,simulation_historical
4979,17376,Diane,Rey,Finance,CDI,Marche,,2026-05-21,2026-05-21T17:51:30.913Z,2026-05-21T20:48:34.913Z,177.1,10.62,simulation_historical
4980,17376,Diane,Rey,Finance,CDI,Marche,,2026-09-05,2026-09-05T17:52:30.913Z,2026-09-05T19:26:05.913Z,93.6,10.44,simulation_historical
4981,17376,Diane,Rey,Finance,CDI,Marche,,2026-08-27,2026-08-27T10:14:30.913Z,2026-08-27T12:56:12.913Z,161.7,11.67,simulation_historical
4982,17376,Diane,Rey,Finance,CDI,Marche,,2026-02-02,2026-02-02T07:33:30.913Z,2026-02-02T10:33:20.913Z,179.8,8.14,simulation_historical
4983,17376,Diane,Rey,Finance,CDI,Marche,,2025-10-26,2025-10-26T00:39:30.913Z,2025-10-26T03:07:50.913Z,148.3,6.7,simulation_historical
4984,17376,Diane,Rey,Finance,CDI,Marche,,2026-02-19,2026-02-19T05:24:30.913Z,2026-02-19T06:13:03.913Z,48.6,3.63,simulation_historical
4985,17376,Diane,Rey,Finance,CDI,Marche,,2026-04-01,2026-04-01T02:00:30.913Z,2026-04-01T04:35:47.913Z,155.3,5.72,simulation_historical
4986,17376,Diane,Rey,Finance,CDI,Marche,,2025-10-12,2025-10-12T02:52:30.913Z,2025-10-12T05:42:42.913Z,170.2,1.6,simulation_historical
4987,17376,Diane,Rey,Finance,CDI,Marche,,2026-01-27,2026-01-27T13:24:30.913Z,2026-01-27T14:53:25.913Z,88.9,6.3,simulation_historical
4988,17376,Diane,Rey,Finance,CDI,Marche,,2026-07-19,2026-07-19T02:49:30.913Z,2026-07-19T05:30:01.913Z,160.5,14.52,simulation_historical
4989,17376,Diane,Rey,Finance,CDI,Marche,,2026-09-15,2026-09-15T17:49:30.913Z,2026-09-15T20:37:39.913Z,168.2,8.57,simulation_historical
4990,17376,Diane,Rey,Finance,CDI,Marche,,2026-02-17,2026-02-17T14:32:30.913Z,2026-02-17T17:14:04.913Z,161.6,6.93,simulation_historical
4991,17376,Diane,Rey,Finance,CDI,Marche,,2025-11-02,2025-11-02T00:04:30.913Z,2025-11-02T02:25:12.913Z,140.7,13.45,simulation_historical
4992,17376,Diane,Rey,Finance,CDI,Marche,,2026-08-21,2026-08-21T09:27:30.913Z,2026-08-21T12:17:28.913Z,170.0,3.15,simulation_historical
4993,17376,Diane,Rey,Finance,CDI,Marche,,2026-04-22,2026-04-22T00:48:30.913Z,2026-04-22T03:20:51.913Z,152.4,2.99,simulation_historical
4994,17376,Diane,Rey,Finance,CDI,Marche,,2026-09-01,2026-09-01T19:06:30.913Z,2026-09-01T20:31:50.913Z,85.3,12.63,simulation_historical
4995,17376,Diane,Rey,Finance,CDI,Marche,,2026-06-27,2026-06-27T06:09:30.913Z,2026-06-27T06:33:14.913Z,23.7,10.05,simulation_historical
4996,17376,Diane,Rey,Finance,CDI,Marche,,2026-02-20,2026-02-20T13:30:30.913Z,2026-02-20T14:21:28.913Z,51.0,8.56,simulation_historical
4997,17376,Diane,Rey,Finance,CDI,Marche,,2026-07-17,2026-07-17T18:51:30.913Z,2026-07-17T19:53:32.913Z,62.0,9.17,simulation_historical
4998,17376,Diane,Rey,Finance,CDI,Marche,,2026-04-19,2026-04-19T22:59:30.913Z,2026-04-20T00:34:09.913Z,94.7,7.81,simulation_historical
4999,17376,Diane,Rey,Finance,CDI,Marche,,2026-01-12,2026-01-12T00:29:30.913Z,2026-01-12T02:54:13.913Z,144.7,10.03,simulation_historical
5000,17376,Diane,Rey,Finance,CDI,Marche,,2026-07-04,2026-07-04T03:32:30.913Z,2026-07-04T06:11:17.913Z,158.8,13.23,simulation_historical
5001,17376,Diane,Rey,Finance,CDI,Marche,,2026-07-09,2026-07-09T13:27:30.913Z,2026-07-09T15:40:48.913Z,133.3,6.57,simulation_historical
5002,17376,Diane,Rey,Finance,CDI,Marche,,2025-12-31,2025-12-31T06:52:30.913Z,2025-12-31T07:13:12.913Z,20.7,5.63,simulation_historical
5003,17376,Diane,Rey,Finance,CDI,Marche,,2026-04-16,2026-04-16T21:07:30.913Z,2026-04-16T23:41:12.913Z,153.7,3.43,simulation_historical
5004,17376,Diane,Rey,Finance,CDI,Marche,,2026-01-30,2026-01-30T22:14:30.913Z,2026-01-31T00:08:44.913Z,114.2,6.45,simulation_historical
5005,17376,Diane,Rey,Finance,CDI,Marche,,2025-12-07,2025-12-07T22:20:30.913Z,2025-12-08T00:44:50.913Z,144.3,6.27,simulation_historical
5006,17376,Diane,Rey,Finance,CDI,Marche,,2026-06-11,2026-06-11T17:29:30.913Z,2026-06-11T20:25:38.913Z,176.1,7.27,simulation_historical
5007,17376,Diane,Rey,Finance,CDI,Marche,,2026-05-20,2026-05-20T02:42:30.913Z,2026-05-20T04:29:23.913Z,106.9,13.2,simulation_historical
5008,17376,Diane,Rey,Finance,CDI,Marche,,2026-01-16,2026-01-16T16:46:30.913Z,2026-01-16T18:50:36.913Z,124.1,7.33,simulation_historical
5009,17376,Diane,Rey,Finance,CDI,Marche,,2025-10-11,2025-10-11T19:35:30.913Z,2025-10-11T22:10:45.913Z,155.3,1.61,simulation_historical
5010,17376,Diane,Rey,Finance,CDI,Marche,,2026-07-13,2026-07-13T23:07:30.913Z,2026-07-14T00:58:09.913Z,110.7,2.64,simulation_historical
5011,17376,Diane,Rey,Finance,CDI,Marche,,2026-02-03,2026-02-03T12:11:30.913Z,2026-02-03T14:36:16.913Z,144.8,1.25,simulation_historical
5012,17376,Diane,Rey,Finance,CDI,Marche,,2026-07-05,2026-07-05T01:49:30.913Z,2026-07-05T02:51:39.913Z,62.2,2.23,simulation_historical
5013,17376,Diane,Rey,Finance,CDI,Marche,,2026-01-19,2026-01-19T07:23:30.913Z,2026-01-19T09:32:02.913Z,128.5,11.65,simulation_historical
5014,17376,Diane,Rey,Finance,CDI,Marche,,2026-08-06,2026-08-06T04:50:30.913Z,2026-08-06T07:36:12.913Z,165.7,7.23,simulation_historical
5015,17376,Diane,Rey,Finance,CDI,Marche,,2026-04-06,2026-04-06T18:59:30.913Z,2026-04-06T21:32:44.913Z,153.2,9.86,simulation_historical
5016,17376,Diane,Rey,Finance,CDI,Marche,,2026-08-28,2026-08-28T20:40:30.913Z,2026-08-28T22:04:36.913Z,84.1,11.34,simulation_historical
5017,17376,Diane,Rey,Finance,CDI,Marche,,2025-10-01,2025-10-01T06:30:30.913Z,2025-10-01T07:15:10.913Z,44.7,8.11,simulation_historical
5018,17757,Margaret,Bazin,Support,CDI,Badminton,Badminton,2025-10-26,2025-10-26T16:49:30.913Z,2025-10-26T17:36:56.913Z,47.4,,simulation_historical
5019,17757,Margaret,Bazin,Support,CDI,Badminton,Badminton,2026-02-01,2026-02-01T10:00:30.913Z,2026-02-01T11:42:16.913Z,101.8,,simulation_historical
5020,17757,Margaret,Bazin,Support,CDI,Badminton,Badminton,2026-09-02,2026-09-02T14:24:30.913Z,2026-09-02T14:59:49.913Z,35.3,,simulation_historical
5021,17757,Margaret,Bazin,Support,CDI,Badminton,Badminton,2026-04-19,2026-04-19T04:21:30.913Z,2026-04-19T06:39:06.913Z,137.6,,simulation_historical
5022,17757,Margaret,Bazin,Support,CDI,Badminton,Badminton,2026-07-04,2026-07-04T08:11:30.913Z,2026-07-04T10:24:01.913Z,132.5,,simulation_historical
5023,17757,Margaret,Bazin,Support,CDI,Badminton,Badminton,2025-11-30,2025-11-30T17:54:30.913Z,2025-11-30T19:03:40.913Z,69.2,,simulation_historical
5024,17757,Margaret,Bazin,Support,CDI,Badminton,Badminton,2026-06-21,2026-06-21T10:39:30.913Z,2026-06-21T12:43:57.913Z,124.5,,simulation_historical
5025,17757,Margaret,Bazin,Support,CDI,Badminton,Badminton,2025-11-02,2025-11-02T18:29:30.913Z,2025-11-02T21:05:23.913Z,155.9,,simulation_historical
5026,17757,Margaret,Bazin,Support,CDI,Badminton,Badminton,2025-11-22,2025-11-22T11:30:30.913Z,2025-11-22T13:56:25.913Z,145.9,,simulation_historical
5027,17757,Margaret,Bazin,Support,CDI,Badminton,Badminton,2025-10-25,2025-10-25T07:15:30.913Z,2025-10-25T08:45:13.913Z,89.7,,simulation_historical
5028,17757,Margaret,Bazin,Support,CDI,Badminton,Badminton,2025-10-10,2025-10-10T14:47:30.913Z,2025-10-10T17:14:32.913Z,147.0,,simulation_historical
5029,17997,Mathilde,Dias,Support,CDI,Tennis de table,Tennis de table,2025-10-04,2025-10-04T22:34:30.913Z,2025-10-04T23:14:40.913Z,40.2,,simulation_historical
5030,17997,Mathilde,Dias,Support,CDI,Tennis de table,Tennis de table,2026-02-02,2026-02-02T04:07:30.913Z,2026-02-02T05:49:11.913Z,101.7,,simulation_historical
5031,17997,Mathilde,Dias,Support,CDI,Tennis de table,Tennis de table,2025-10-24,2025-10-24T02:00:30.913Z,2025-10-24T03:28:47.913Z,88.3,,simulation_historical
5032,17997,Mathilde,Dias,Support,CDI,Tennis de table,Tennis de table,2026-01-26,2026-01-26T06:32:30.913Z,2026-01-26T08:37:32.913Z,125.0,,simulation_historical
5033,17997,Mathilde,Dias,Support,CDI,Tennis de table,Tennis de table,2026-01-12,2026-01-12T12:29:30.913Z,2026-01-12T14:33:38.913Z,124.1,,simulation_historical
5034,17997,Mathilde,Dias,Support,CDI,Tennis de table,Tennis de table,2025-11-28,2025-11-28T04:08:30.913Z,2025-11-28T05:49:17.913Z,100.8,,simulation_historical
5035,17997,Mathilde,Dias,Support,CDI,Tennis de table,Tennis de table,2025-09-23,2025-09-23T06:43:30.913Z,2025-09-23T08:51:34.913Z,128.1,,simulation_historical
5036,17997,Mathilde,Dias,Support,CDI,Tennis de table,Tennis de table,2026-04-29,2026-04-29T15:08:30.913Z,2026-04-29T15:41:53.913Z,33.4,,simulation_historical
5037,17997,Mathilde,Dias,Support,CDI,Tennis de table,Tennis de table,2025-11-09,2025-11-09T16:13:30.913Z,2025-11-09T17:51:39.913Z,98.2,,simulation_historical
5038,17997,Mathilde,Dias,Support,CDI,Tennis de table,Tennis de table,2026-05-21,2026-05-21T19:53:30.913Z,2026-05-21T21:49:42.913Z,116.2,,simulation_historical
5039,17997,Mathilde,Dias,Support,CDI,Tennis de table,Tennis de table,2026-05-26,2026-05-26T19:32:30.913Z,2026-05-26T21:00:56.913Z,88.4,,simulation_historical
5040,17997,Mathilde,Dias,Support,CDI,Tennis de table,Tennis de table,2025-10-03,2025-10-03T15:55:30.913Z,2025-10-03T16:52:50.913Z,57.3,,simulation_historical
5041,17997,Mathilde,Dias,Support,CDI,Tennis de table,Tennis de table,2025-10-30,2025-10-30T11:47:30.913Z,2025-10-30T12:18:15.913Z,30.8,,simulation_historical
5042,17997,Mathilde,Dias,Support,CDI,Tennis de table,Tennis de table,2026-04-11,2026-04-11T01:42:30.913Z,2026-04-11T04:40:45.913Z,178.3,,simulation_historical
5043,17997,Mathilde,Dias,Support,CDI,Tennis de table,Tennis de table,2026-03-13,2026-03-13T16:36:30.913Z,2026-03-13T17:21:06.913Z,44.6,,simulation_historical
5044,17997,Mathilde,Dias,Support,CDI,Tennis de table,Tennis de table,2026-04-18,2026-04-18T04:57:30.913Z,2026-04-18T07:10:57.913Z,133.5,,simulation_historical
5045,17997,Mathilde,Dias,Support,CDI,Tennis de table,Tennis de table,2026-06-19,2026-06-19T09:36:30.913Z,2026-06-19T12:23:47.913Z,167.3,,simulation_historical
5046,17997,Mathilde,Dias,Support,CDI,Tennis de table,Tennis de table,2026-03-12,2026-03-12T23:12:30.913Z,2026-03-13T00:46:55.913Z,94.4,,simulation_historical
5047,17997,Mathilde,Dias,Support,CDI,Tennis de table,Tennis de table,2026-06-24,2026-06-24T06:46:30.913Z,2026-06-24T09:18:04.913Z,151.6,,simulation_historical
5048,17997,Mathilde,Dias,Support,CDI,Tennis de table,Tennis de table,2026-04-17,2026-04-17T15:49:30.913Z,2026-04-17T17:41:59.913Z,112.5,,simulation_historical
5049,17997,Mathilde,Dias,Support,CDI,Tennis de table,Tennis de table,2026-07-20,2026-07-20T01:40:30.913Z,2026-07-20T02:38:56.913Z,58.4,,simulation_historical
5050,17997,Mathilde,Dias,Support,CDI,Tennis de table,Tennis de table,2026-05-23,2026-05-23T17:58:30.913Z,2026-05-23T20:07:01.913Z,128.5,,simulation_historical
5051,17997,Mathilde,Dias,Support,CDI,Tennis de table,Tennis de table,2025-12-05,2025-12-05T04:39:30.913Z,2025-12-05T06:47:14.913Z,127.7,,simulation_historical
5052,18246,Francoise,Tessier,Ventes,CDI,Marche,,2026-05-03,2026-05-03T22:37:30.913Z,2026-05-04T01:01:41.913Z,144.2,7.04,simulation_historical
5053,18246,Francoise,Tessier,Ventes,CDI,Marche,,2025-10-06,2025-10-06T16:01:30.913Z,2025-10-06T17:33:05.913Z,91.6,10.58,simulation_historical
5054,18246,Francoise,Tessier,Ventes,CDI,Marche,,2026-03-04,2026-03-04T19:21:30.913Z,2026-03-04T20:11:05.913Z,49.6,12.06,simulation_historical
5055,18246,Francoise,Tessier,Ventes,CDI,Marche,,2026-05-20,2026-05-20T00:43:30.913Z,2026-05-20T03:36:48.913Z,173.3,6.37,simulation_historical
5056,18246,Francoise,Tessier,Ventes,CDI,Marche,,2025-11-08,2025-11-08T08:03:30.913Z,2025-11-08T08:40:45.913Z,37.3,11.41,simulation_historical
5057,18918,Naomie,Michaud,Marketing,CDI,Tennis,Tennis,2025-09-23,2025-09-23T06:03:30.913Z,2025-09-23T08:14:59.913Z,131.5,,simulation_historical
5058,18918,Naomie,Michaud,Marketing,CDI,Tennis,Tennis,2026-07-19,2026-07-19T11:42:30.913Z,2026-07-19T12:12:39.913Z,30.2,,simulation_historical
5059,18918,Naomie,Michaud,Marketing,CDI,Tennis,Tennis,2026-04-14,2026-04-14T00:37:30.913Z,2026-04-14T01:24:02.913Z,46.5,,simulation_historical
5060,18918,Naomie,Michaud,Marketing,CDI,Tennis,Tennis,2026-05-18,2026-05-18T22:36:30.913Z,2026-05-19T00:42:37.913Z,126.1,,simulation_historical
5061,18918,Naomie,Michaud,Marketing,CDI,Tennis,Tennis,2026-01-27,2026-01-27T04:02:30.913Z,2026-01-27T06:50:00.913Z,167.5,,simulation_historical
5062,18918,Naomie,Michaud,Marketing,CDI,Tennis,Tennis,2026-02-13,2026-02-13T20:57:30.913Z,2026-02-13T21:59:41.913Z,62.2,,simulation_historical
5063,18918,Naomie,Michaud,Marketing,CDI,Tennis,Tennis,2026-02-15,2026-02-15T19:38:30.913Z,2026-02-15T22:12:07.913Z,153.6,,simulation_historical
5064,18918,Naomie,Michaud,Marketing,CDI,Tennis,Tennis,2025-11-05,2025-11-05T02:27:30.913Z,2025-11-05T02:56:26.913Z,28.9,,simulation_historical
5065,18918,Naomie,Michaud,Marketing,CDI,Tennis,Tennis,2025-09-28,2025-09-28T04:31:30.913Z,2025-09-28T06:52:34.913Z,141.1,,simulation_historical
5066,18918,Naomie,Michaud,Marketing,CDI,Tennis,Tennis,2026-02-01,2026-02-01T07:50:30.913Z,2026-02-01T09:49:32.913Z,119.0,,simulation_historical
5067,18918,Naomie,Michaud,Marketing,CDI,Tennis,Tennis,2026-07-27,2026-07-27T18:21:30.913Z,2026-07-27T21:10:10.913Z,168.7,,simulation_historical
5068,18918,Naomie,Michaud,Marketing,CDI,Tennis,Tennis,2025-10-21,2025-10-21T04:41:30.913Z,2025-10-21T06:50:13.913Z,128.7,,simulation_historical
5069,18918,Naomie,Michaud,Marketing,CDI,Tennis,Tennis,2026-04-28,2026-04-28T09:37:30.913Z,2026-04-28T12:01:40.913Z,144.2,,simulation_historical
5070,18918,Naomie,Michaud,Marketing,CDI,Tennis,Tennis,2026-07-31,2026-07-31T18:31:30.913Z,2026-07-31T18:57:19.913Z,25.8,,simulation_historical
5071,18918,Naomie,Michaud,Marketing,CDI,Tennis,Tennis,2026-08-22,2026-08-22T05:29:30.913Z,2026-08-22T06:23:53.913Z,54.4,,simulation_historical
5072,18918,Naomie,Michaud,Marketing,CDI,Tennis,Tennis,2025-12-01,2025-12-01T09:40:30.913Z,2025-12-01T12:31:50.913Z,171.3,,simulation_historical
5073,18918,Naomie,Michaud,Marketing,CDI,Tennis,Tennis,2026-06-01,2026-06-01T21:31:30.913Z,2026-06-01T22:55:07.913Z,83.6,,simulation_historical
5074,18918,Naomie,Michaud,Marketing,CDI,Tennis,Tennis,2026-04-01,2026-04-01T10:54:30.913Z,2026-04-01T11:15:16.913Z,20.8,,simulation_historical
5075,18918,Naomie,Michaud,Marketing,CDI,Tennis,Tennis,2026-04-28,2026-04-28T11:36:30.913Z,2026-04-28T14:24:00.913Z,167.5,,simulation_historical
5076,18918,Naomie,Michaud,Marketing,CDI,Tennis,Tennis,2026-05-11,2026-05-11T10:37:30.913Z,2026-05-11T11:04:32.913Z,27.0,,simulation_historical
5077,18918,Naomie,Michaud,Marketing,CDI,Tennis,Tennis,2026-07-11,2026-07-11T15:22:30.913Z,2026-07-11T16:47:28.913Z,85.0,,simulation_historical
5078,18918,Naomie,Michaud,Marketing,CDI,Tennis,Tennis,2025-11-19,2025-11-19T05:43:30.913Z,2025-11-19T06:51:04.913Z,67.6,,simulation_historical
5079,18918,Naomie,Michaud,Marketing,CDI,Tennis,Tennis,2026-05-04,2026-05-04T14:36:30.913Z,2026-05-04T16:51:27.913Z,135.0,,simulation_historical
5080,18918,Naomie,Michaud,Marketing,CDI,Tennis,Tennis,2025-12-21,2025-12-21T11:57:30.913Z,2025-12-21T12:34:51.913Z,37.4,,simulation_historical
5081,18918,Naomie,Michaud,Marketing,CDI,Tennis,Tennis,2026-01-16,2026-01-16T00:55:30.913Z,2026-01-16T02:54:21.913Z,118.9,,simulation_historical
5082,18918,Naomie,Michaud,Marketing,CDI,Tennis,Tennis,2025-12-27,2025-12-27T21:38:30.913Z,2025-12-28T00:01:55.913Z,143.4,,simulation_historical
5083,18918,Naomie,Michaud,Marketing,CDI,Tennis,Tennis,2026-01-02,2026-01-02T08:05:30.913Z,2026-01-02T08:37:20.913Z,31.8,,simulation_historical
5084,18918,Naomie,Michaud,Marketing,CDI,Tennis,Tennis,2025-10-13,2025-10-13T23:25:30.913Z,2025-10-14T01:50:34.913Z,145.1,,simulation_historical
5085,18918,Naomie,Michaud,Marketing,CDI,Tennis,Tennis,2025-10-22,2025-10-22T15:41:30.913Z,2025-10-22T18:12:17.913Z,150.8,,simulation_historical
5086,18918,Naomie,Michaud,Marketing,CDI,Tennis,Tennis,2026-02-23,2026-02-23T02:01:30.913Z,2026-02-23T02:50:58.913Z,49.5,,simulation_historical
5087,18918,Naomie,Michaud,Marketing,CDI,Tennis,Tennis,2026-01-07,2026-01-07T16:46:30.913Z,2026-01-07T19:07:37.913Z,141.1,,simulation_historical
5088,18918,Naomie,Michaud,Marketing,CDI,Tennis,Tennis,2026-08-10,2026-08-10T13:24:30.913Z,2026-08-10T14:25:00.913Z,60.5,,simulation_historical
5089,18918,Naomie,Michaud,Marketing,CDI,Tennis,Tennis,2026-08-14,2026-08-14T11:27:30.913Z,2026-08-14T14:27:20.913Z,179.8,,simulation_historical
5090,18918,Naomie,Michaud,Marketing,CDI,Tennis,Tennis,2025-12-09,2025-12-09T17:24:30.913Z,2025-12-09T19:28:30.913Z,124.0,,simulation_historical
5091,18941,Gilles,Guillou,Finance,CDI,Running,Runing,2025-12-19,2025-12-19T06:15:30.913Z,2025-12-19T08:53:32.913Z,158.0,20.84,simulation_historical
5092,18941,Gilles,Guillou,Finance,CDI,Running,Runing,2026-02-08,2026-02-08T11:54:30.913Z,2026-02-08T12:45:44.913Z,51.2,28.94,simulation_historical
5093,18941,Gilles,Guillou,Finance,CDI,Running,Runing,2025-10-15,2025-10-15T18:48:30.913Z,2025-10-15T21:39:03.913Z,170.6,24.62,simulation_historical
5094,18941,Gilles,Guillou,Finance,CDI,Running,Runing,2026-05-29,2026-05-29T02:16:30.913Z,2026-05-29T03:38:53.913Z,82.4,14.56,simulation_historical
5095,18941,Gilles,Guillou,Finance,CDI,Running,Runing,2026-03-27,2026-03-27T01:19:30.913Z,2026-03-27T03:33:05.913Z,133.6,24.91,simulation_historical
5096,18941,Gilles,Guillou,Finance,CDI,Running,Runing,2026-07-30,2026-07-30T05:17:30.913Z,2026-07-30T07:02:50.913Z,105.3,22.79,simulation_historical
5097,18941,Gilles,Guillou,Finance,CDI,Running,Runing,2026-05-09,2026-05-09T04:35:30.913Z,2026-05-09T07:05:00.913Z,149.5,3.2,simulation_historical
5098,18941,Gilles,Guillou,Finance,CDI,Running,Runing,2026-08-01,2026-08-01T13:39:30.913Z,2026-08-01T15:57:25.913Z,137.9,4.16,simulation_historical
5099,18941,Gilles,Guillou,Finance,CDI,Running,Runing,2026-03-10,2026-03-10T11:09:30.913Z,2026-03-10T11:45:52.913Z,36.4,20.22,simulation_historical
5100,18941,Gilles,Guillou,Finance,CDI,Running,Runing,2025-12-02,2025-12-02T22:23:30.913Z,2025-12-02T23:16:52.913Z,53.4,14.46,simulation_historical
5101,18941,Gilles,Guillou,Finance,CDI,Running,Runing,2026-03-18,2026-03-18T17:56:30.913Z,2026-03-18T20:11:59.913Z,135.5,29.45,simulation_historical
5102,18941,Gilles,Guillou,Finance,CDI,Running,Runing,2026-08-21,2026-08-21T06:06:30.913Z,2026-08-21T07:51:49.913Z,105.3,12.52,simulation_historical
5103,18941,Gilles,Guillou,Finance,CDI,Running,Runing,2026-07-24,2026-07-24T21:12:30.913Z,2026-07-24T22:30:35.913Z,78.1,6.07,simulation_historical
5104,18941,Gilles,Guillou,Finance,CDI,Running,Runing,2025-10-15,2025-10-15T00:30:30.913Z,2025-10-15T01:20:03.913Z,49.6,12.47,simulation_historical
5105,18941,Gilles,Guillou,Finance,CDI,Running,Runing,2025-12-06,2025-12-06T04:37:30.913Z,2025-12-06T06:13:34.913Z,96.1,19.81,simulation_historical
5106,18941,Gilles,Guillou,Finance,CDI,Running,Runing,2026-05-24,2026-05-24T01:50:30.913Z,2026-05-24T04:43:40.913Z,173.2,26.15,simulation_historical
5107,18941,Gilles,Guillou,Finance,CDI,Running,Runing,2025-11-01,2025-11-01T20:01:30.913Z,2025-11-01T22:53:31.913Z,172.0,1.86,simulation_historical
5108,18941,Gilles,Guillou,Finance,CDI,Running,Runing,2025-11-08,2025-11-08T17:51:30.913Z,2025-11-08T19:24:31.913Z,93.0,1.95,simulation_historical
5109,18941,Gilles,Guillou,Finance,CDI,Running,Runing,2026-06-16,2026-06-16T07:00:30.913Z,2026-06-16T08:44:52.913Z,104.4,12.14,simulation_historical
5110,18941,Gilles,Guillou,Finance,CDI,Running,Runing,2026-03-21,2026-03-21T15:33:30.913Z,2026-03-21T16:32:37.913Z,59.1,19.56,simulation_historical
5111,18941,Gilles,Guillou,Finance,CDI,Running,Runing,2025-10-15,2025-10-15T03:40:30.913Z,2025-10-15T04:39:14.913Z,58.7,25.28,simulation_historical
5112,18941,Gilles,Guillou,Finance,CDI,Running,Runing,2025-10-27,2025-10-27T15:39:30.913Z,2025-10-27T18:24:21.913Z,164.9,8.05,simulation_historical
5113,18941,Gilles,Guillou,Finance,CDI,Running,Runing,2026-03-08,2026-03-08T02:15:30.913Z,2026-03-08T04:08:35.913Z,113.1,6.16,simulation_historical
5114,18941,Gilles,Guillou,Finance,CDI,Running,Runing,2026-03-11,2026-03-11T05:58:30.913Z,2026-03-11T07:47:04.913Z,108.6,26.46,simulation_historical
5115,18941,Gilles,Guillou,Finance,CDI,Running,Runing,2025-11-29,2025-11-29T20:39:30.913Z,2025-11-29T21:13:51.913Z,34.4,6.1,simulation_historical
5116,18941,Gilles,Guillou,Finance,CDI,Running,Runing,2026-06-27,2026-06-27T20:41:30.913Z,2026-06-27T21:23:46.913Z,42.3,9.92,simulation_historical
5117,18941,Gilles,Guillou,Finance,CDI,Running,Runing,2026-02-01,2026-02-01T18:17:30.913Z,2026-02-01T20:50:07.913Z,152.6,20.89,simulation_historical
5118,18941,Gilles,Guillou,Finance,CDI,Running,Runing,2026-02-02,2026-02-02T02:27:30.913Z,2026-02-02T03:46:21.913Z,78.9,25.74,simulation_historical
5119,18941,Gilles,Guillou,Finance,CDI,Running,Runing,2025-12-28,2025-12-28T12:22:30.913Z,2025-12-28T14:39:53.913Z,137.4,4.63,simulation_historical
5120,18941,Gilles,Guillou,Finance,CDI,Running,Runing,2026-04-23,2026-04-23T18:01:30.913Z,2026-04-23T20:34:22.913Z,152.9,18.27,simulation_historical
5121,18941,Gilles,Guillou,Finance,CDI,Running,Runing,2025-10-10,2025-10-10T06:42:30.913Z,2025-10-10T08:02:42.913Z,80.2,13.95,simulation_historical
5122,18941,Gilles,Guillou,Finance,CDI,Running,Runing,2025-11-14,2025-11-14T14:44:30.913Z,2025-11-14T16:00:19.913Z,75.8,10.88,simulation_historical
5123,18941,Gilles,Guillou,Finance,CDI,Running,Runing,2026-05-31,2026-05-31T10:56:30.913Z,2026-05-31T12:26:16.913Z,89.8,10.48,simulation_historical
5124,18941,Gilles,Guillou,Finance,CDI,Running,Runing,2026-04-02,2026-04-02T12:44:30.913Z,2026-04-02T15:20:19.913Z,155.8,25.48,simulation_historical
5125,18941,Gilles,Guillou,Finance,CDI,Running,Runing,2026-02-08,2026-02-08T10:36:30.913Z,2026-02-08T12:40:19.913Z,123.8,18.45,simulation_historical
5126,18941,Gilles,Guillou,Finance,CDI,Running,Runing,2025-09-21,2025-09-21T08:12:30.913Z,2025-09-21T11:05:04.913Z,172.6,28.31,simulation_historical
5127,18941,Gilles,Guillou,Finance,CDI,Running,Runing,2025-10-09,2025-10-09T04:40:30.913Z,2025-10-09T06:48:55.913Z,128.4,29.24,simulation_historical
5128,18941,Gilles,Guillou,Finance,CDI,Running,Runing,2026-08-26,2026-08-26T02:43:30.913Z,2026-08-26T05:09:02.913Z,145.5,3.55,simulation_historical
5129,18941,Gilles,Guillou,Finance,CDI,Running,Runing,2026-04-08,2026-04-08T21:17:30.913Z,2026-04-09T00:14:04.913Z,176.6,14.25,simulation_historical
5130,18941,Gilles,Guillou,Finance,CDI,Running,Runing,2025-09-17,2025-09-17T19:18:30.913Z,2025-09-17T20:57:33.913Z,99.1,4.77,simulation_historical
5131,18941,Gilles,Guillou,Finance,CDI,Running,Runing,2026-02-21,2026-02-21T15:24:30.913Z,2026-02-21T16:31:25.913Z,66.9,27.26,simulation_historical
5132,18941,Gilles,Guillou,Finance,CDI,Running,Runing,2025-11-04,2025-11-04T00:51:30.913Z,2025-11-04T02:50:18.913Z,118.8,3.89,simulation_historical
5133,18941,Gilles,Guillou,Finance,CDI,Running,Runing,2026-02-05,2026-02-05T12:29:30.913Z,2026-02-05T14:48:28.913Z,139.0,20.3,simulation_historical
5134,19260,René,Marchand,Finance,CDI,Running,Runing,2025-12-22,2025-12-22T13:19:30.913Z,2025-12-22T15:04:13.913Z,104.7,25.44,simulation_historical
5135,19260,René,Marchand,Finance,CDI,Running,Runing,2026-03-27,2026-03-27T08:23:30.913Z,2026-03-27T09:29:24.913Z,65.9,3.5,simulation_historical
5136,19260,René,Marchand,Finance,CDI,Running,Runing,2025-12-28,2025-12-28T19:37:30.913Z,2025-12-28T22:22:23.913Z,164.9,17.71,simulation_historical
5137,19260,René,Marchand,Finance,CDI,Running,Runing,2026-06-09,2026-06-09T04:22:30.913Z,2026-06-09T05:22:49.913Z,60.3,8.74,simulation_historical
5138,19260,René,Marchand,Finance,CDI,Running,Runing,2026-07-26,2026-07-26T11:28:30.913Z,2026-07-26T12:42:22.913Z,73.9,6.69,simulation_historical
5139,19260,René,Marchand,Finance,CDI,Running,Runing,2025-11-12,2025-11-12T10:56:30.913Z,2025-11-12T11:37:04.913Z,40.6,6.8,simulation_historical
5140,19260,René,Marchand,Finance,CDI,Running,Runing,2025-10-30,2025-10-30T00:15:30.913Z,2025-10-30T03:09:26.913Z,173.9,25.9,simulation_historical
5141,19260,René,Marchand,Finance,CDI,Running,Runing,2025-11-24,2025-11-24T01:01:30.913Z,2025-11-24T03:55:38.913Z,174.1,22.07,simulation_historical
5142,19260,René,Marchand,Finance,CDI,Running,Runing,2025-10-25,2025-10-25T20:24:30.913Z,2025-10-25T22:10:49.913Z,106.3,5.95,simulation_historical
5143,19260,René,Marchand,Finance,CDI,Running,Runing,2026-02-03,2026-02-03T13:14:30.913Z,2026-02-03T15:35:15.913Z,140.8,21.69,simulation_historical
5144,19260,René,Marchand,Finance,CDI,Running,Runing,2026-04-14,2026-04-14T07:07:30.913Z,2026-04-14T07:42:50.913Z,35.3,12.53,simulation_historical
5145,19260,René,Marchand,Finance,CDI,Running,Runing,2025-12-31,2025-12-31T13:25:30.913Z,2025-12-31T15:51:35.913Z,146.1,15.81,simulation_historical
5146,19260,René,Marchand,Finance,CDI,Running,Runing,2026-08-28,2026-08-28T14:21:30.913Z,2026-08-28T15:59:53.913Z,98.4,3.51,simulation_historical
5147,19260,René,Marchand,Finance,CDI,Running,Runing,2025-10-21,2025-10-21T13:05:30.913Z,2025-10-21T15:43:57.913Z,158.5,13.6,simulation_historical
5148,19260,René,Marchand,Finance,CDI,Running,Runing,2026-01-22,2026-01-22T21:09:30.913Z,2026-01-22T21:40:42.913Z,31.2,15.74,simulation_historical
5149,19260,René,Marchand,Finance,CDI,Running,Runing,2025-11-27,2025-11-27T19:32:30.913Z,2025-11-27T21:20:17.913Z,107.8,20.82,simulation_historical
5150,19260,René,Marchand,Finance,CDI,Running,Runing,2026-01-15,2026-01-15T23:35:30.913Z,2026-01-16T00:12:23.913Z,36.9,15.76,simulation_historical
5151,19260,René,Marchand,Finance,CDI,Running,Runing,2026-07-26,2026-07-26T04:59:30.913Z,2026-07-26T05:42:31.913Z,43.0,17.53,simulation_historical
5152,19260,René,Marchand,Finance,CDI,Running,Runing,2025-10-21,2025-10-21T10:42:30.913Z,2025-10-21T12:10:09.913Z,87.7,24.19,simulation_historical
5153,19260,René,Marchand,Finance,CDI,Running,Runing,2026-02-04,2026-02-04T01:11:30.913Z,2026-02-04T03:54:14.913Z,162.7,20.98,simulation_historical
5154,19260,René,Marchand,Finance,CDI,Running,Runing,2026-06-27,2026-06-27T04:21:30.913Z,2026-06-27T05:58:44.913Z,97.2,13.69,simulation_historical
5155,19260,René,Marchand,Finance,CDI,Running,Runing,2026-02-19,2026-02-19T05:01:30.913Z,2026-02-19T05:35:47.913Z,34.3,26.86,simulation_historical
5156,19260,René,Marchand,Finance,CDI,Running,Runing,2025-10-27,2025-10-27T19:23:30.913Z,2025-10-27T20:01:29.913Z,38.0,11.8,simulation_historical
5157,19260,René,Marchand,Finance,CDI,Running,Runing,2026-07-29,2026-07-29T22:01:30.913Z,2026-07-30T00:07:03.913Z,125.6,10.31,simulation_historical
5158,19260,René,Marchand,Finance,CDI,Running,Runing,2026-05-09,2026-05-09T15:50:30.913Z,2026-05-09T16:51:33.913Z,61.1,11.92,simulation_historical
5159,19260,René,Marchand,Finance,CDI,Running,Runing,2026-08-05,2026-08-05T21:02:30.913Z,2026-08-05T22:01:07.913Z,58.6,12.46,simulation_historical
5160,19260,René,Marchand,Finance,CDI,Running,Runing,2026-04-10,2026-04-10T19:00:30.913Z,2026-04-10T21:07:31.913Z,127.0,5.23,simulation_historical
5161,19260,René,Marchand,Finance,CDI,Running,Runing,2025-11-15,2025-11-15T17:39:30.913Z,2025-11-15T19:24:02.913Z,104.5,19.31,simulation_historical
5162,19260,René,Marchand,Finance,CDI,Running,Runing,2026-03-07,2026-03-07T18:54:30.913Z,2026-03-07T20:44:11.913Z,109.7,27.65,simulation_historical
5163,19260,René,Marchand,Finance,CDI,Running,Runing,2026-07-12,2026-07-12T18:00:30.913Z,2026-07-12T20:44:14.913Z,163.7,4.06,simulation_historical
5164,19773,Benoit,Fischer,Support,CDI,Marche,,2025-10-08,2025-10-08T02:12:30.913Z,2025-10-08T04:11:18.913Z,118.8,1.3,simulation_historical
5165,19773,Benoit,Fischer,Support,CDI,Marche,,2026-03-15,2026-03-15T06:33:30.913Z,2026-03-15T07:51:59.913Z,78.5,6.6,simulation_historical
5166,19773,Benoit,Fischer,Support,CDI,Marche,,2026-01-11,2026-01-11T09:30:30.913Z,2026-01-11T10:28:03.913Z,57.6,3.54,simulation_historical
5167,19773,Benoit,Fischer,Support,CDI,Marche,,2026-08-08,2026-08-08T05:50:30.913Z,2026-08-08T06:38:07.913Z,47.6,9.32,simulation_historical
5168,19773,Benoit,Fischer,Support,CDI,Marche,,2025-12-13,2025-12-13T15:48:30.913Z,2025-12-13T18:32:16.913Z,163.8,1.62,simulation_historical
5169,19773,Benoit,Fischer,Support,CDI,Marche,,2025-10-13,2025-10-13T04:48:30.913Z,2025-10-13T05:44:17.913Z,55.8,10.79,simulation_historical
5170,19773,Benoit,Fischer,Support,CDI,Marche,,2026-03-08,2026-03-08T11:34:30.913Z,2026-03-08T12:43:52.913Z,69.4,14.62,simulation_historical
5171,19773,Benoit,Fischer,Support,CDI,Marche,,2025-09-26,2025-09-26T19:53:30.913Z,2025-09-26T20:58:42.913Z,65.2,12.82,simulation_historical
5172,19773,Benoit,Fischer,Support,CDI,Marche,,2026-02-04,2026-02-04T14:18:30.913Z,2026-02-04T16:17:58.913Z,119.5,12.08,simulation_historical
5173,19773,Benoit,Fischer,Support,CDI,Marche,,2026-05-18,2026-05-18T01:05:30.913Z,2026-05-18T02:43:18.913Z,97.8,13.33,simulation_historical
5174,19773,Benoit,Fischer,Support,CDI,Marche,,2026-01-30,2026-01-30T08:10:30.913Z,2026-01-30T09:35:48.913Z,85.3,6.07,simulation_historical
5175,19773,Benoit,Fischer,Support,CDI,Marche,,2026-01-19,2026-01-19T09:21:30.913Z,2026-01-19T12:17:15.913Z,175.8,8.22,simulation_historical
5176,19773,Benoit,Fischer,Support,CDI,Marche,,2026-01-23,2026-01-23T05:55:30.913Z,2026-01-23T07:59:46.913Z,124.3,9.24,simulation_historical
5177,19773,Benoit,Fischer,Support,CDI,Marche,,2025-12-20,2025-12-20T02:34:30.913Z,2025-12-20T03:49:01.913Z,74.5,14.13,simulation_historical
5178,19773,Benoit,Fischer,Support,CDI,Marche,,2025-11-11,2025-11-11T10:49:30.913Z,2025-11-11T12:17:46.913Z,88.3,1.85,simulation_historical
5179,19773,Benoit,Fischer,Support,CDI,Marche,,2025-10-22,2025-10-22T23:49:30.913Z,2025-10-23T01:50:51.913Z,121.4,10.09,simulation_historical
5180,19773,Benoit,Fischer,Support,CDI,Marche,,2026-07-25,2026-07-25T16:50:30.913Z,2026-07-25T19:31:22.913Z,160.9,14.95,simulation_historical
5181,19773,Benoit,Fischer,Support,CDI,Marche,,2026-07-15,2026-07-15T06:39:30.913Z,2026-07-15T07:43:16.913Z,63.8,5.47,simulation_historical
5182,19773,Benoit,Fischer,Support,CDI,Marche,,2026-01-28,2026-01-28T23:35:30.913Z,2026-01-29T01:54:57.913Z,139.5,2.5,simulation_historical
5183,19773,Benoit,Fischer,Support,CDI,Marche,,2026-05-26,2026-05-26T00:48:30.913Z,2026-05-26T02:43:57.913Z,115.5,1.44,simulation_historical
5184,19773,Benoit,Fischer,Support,CDI,Marche,,2026-02-16,2026-02-16T14:19:30.913Z,2026-02-16T16:56:34.913Z,157.1,7.13,simulation_historical
5185,19773,Benoit,Fischer,Support,CDI,Marche,,2026-05-19,2026-05-19T03:39:30.913Z,2026-05-19T05:41:52.913Z,122.4,4.68,simulation_historical
5186,19773,Benoit,Fischer,Support,CDI,Marche,,2026-09-02,2026-09-02T04:45:30.913Z,2026-09-02T05:32:33.913Z,47.1,14.75,simulation_historical
5187,19773,Benoit,Fischer,Support,CDI,Marche,,2025-10-19,2025-10-19T04:54:30.913Z,2025-10-19T05:54:22.913Z,59.9,3.25,simulation_historical
5188,19773,Benoit,Fischer,Support,CDI,Marche,,2026-08-28,2026-08-28T05:46:30.913Z,2026-08-28T08:15:30.913Z,149.0,12.4,simulation_historical
5189,19773,Benoit,Fischer,Support,CDI,Marche,,2026-07-06,2026-07-06T17:14:30.913Z,2026-07-06T19:36:59.913Z,142.5,11.08,simulation_historical
5190,19773,Benoit,Fischer,Support,CDI,Marche,,2026-09-14,2026-09-14T13:43:30.913Z,2026-09-14T15:13:23.913Z,89.9,4.53,simulation_historical
5191,19773,Benoit,Fischer,Support,CDI,Marche,,2026-07-01,2026-07-01T21:58:30.913Z,2026-07-02T00:42:37.913Z,164.1,7.93,simulation_historical
5192,19773,Benoit,Fischer,Support,CDI,Marche,,2026-07-22,2026-07-22T06:29:30.913Z,2026-07-22T08:11:44.913Z,102.2,3.0,simulation_historical
5193,19773,Benoit,Fischer,Support,CDI,Marche,,2026-08-23,2026-08-23T08:18:30.913Z,2026-08-23T10:43:19.913Z,144.8,2.03,simulation_historical
5194,19773,Benoit,Fischer,Support,CDI,Marche,,2026-07-22,2026-07-22T00:06:30.913Z,2026-07-22T02:52:52.913Z,166.4,1.27,simulation_historical
5195,19773,Benoit,Fischer,Support,CDI,Marche,,2025-10-27,2025-10-27T23:08:30.913Z,2025-10-28T00:34:33.913Z,86.1,12.77,simulation_historical
5196,19773,Benoit,Fischer,Support,CDI,Marche,,2026-07-05,2026-07-05T06:17:30.913Z,2026-07-05T06:37:55.913Z,20.4,11.07,simulation_historical
5197,19773,Benoit,Fischer,Support,CDI,Marche,,2026-03-20,2026-03-20T08:08:30.913Z,2026-03-20T10:22:15.913Z,133.8,4.07,simulation_historical
5198,19773,Benoit,Fischer,Support,CDI,Marche,,2025-10-10,2025-10-10T18:39:30.913Z,2025-10-10T21:22:26.913Z,162.9,6.91,simulation_historical
5199,19773,Benoit,Fischer,Support,CDI,Marche,,2026-08-12,2026-08-12T23:10:30.913Z,2026-08-13T01:49:02.913Z,158.5,13.88,simulation_historical
5200,19773,Benoit,Fischer,Support,CDI,Marche,,2025-12-30,2025-12-30T22:43:30.913Z,2025-12-31T00:50:07.913Z,126.6,8.7,simulation_historical
5201,19773,Benoit,Fischer,Support,CDI,Marche,,2026-08-24,2026-08-24T19:20:30.913Z,2026-08-24T21:22:26.913Z,121.9,5.16,simulation_historical
5202,19773,Benoit,Fischer,Support,CDI,Marche,,2026-09-08,2026-09-08T03:54:30.913Z,2026-09-08T04:32:56.913Z,38.4,6.65,simulation_historical
5203,19773,Benoit,Fischer,Support,CDI,Marche,,2026-05-15,2026-05-15T16:02:30.913Z,2026-05-15T16:50:48.913Z,48.3,13.64,simulation_historical
5204,19773,Benoit,Fischer,Support,CDI,Marche,,2025-11-22,2025-11-22T15:56:30.913Z,2025-11-22T17:47:17.913Z,110.8,3.19,simulation_historical
5205,19773,Benoit,Fischer,Support,CDI,Marche,,2026-08-25,2026-08-25T04:10:30.913Z,2026-08-25T06:02:56.913Z,112.4,14.33,simulation_historical
5206,19773,Benoit,Fischer,Support,CDI,Marche,,2025-10-22,2025-10-22T09:51:30.913Z,2025-10-22T12:18:22.913Z,146.9,12.39,simulation_historical
5207,19773,Benoit,Fischer,Support,CDI,Marche,,2026-01-13,2026-01-13T19:33:30.913Z,2026-01-13T20:30:19.913Z,56.8,2.03,simulation_historical
5208,19773,Benoit,Fischer,Support,CDI,Marche,,2026-01-25,2026-01-25T14:26:30.913Z,2026-01-25T15:41:32.913Z,75.0,1.72,simulation_historical
5209,19773,Benoit,Fischer,Support,CDI,Marche,,2026-06-06,2026-06-06T14:24:30.913Z,2026-06-06T16:09:10.913Z,104.7,9.44,simulation_historical
5210,19841,Monique,Ledoux,R&D,CDI,Marche,,2025-12-12,2025-12-12T00:28:30.913Z,2025-12-12T00:58:29.913Z,30.0,13.34,simulation_historical
5211,19841,Monique,Ledoux,R&D,CDI,Marche,,2025-10-20,2025-10-20T09:26:30.913Z,2025-10-20T11:23:58.913Z,117.5,13.79,simulation_historical
5212,19841,Monique,Ledoux,R&D,CDI,Marche,,2026-08-22,2026-08-22T19:23:30.913Z,2026-08-22T20:58:06.913Z,94.6,3.04,simulation_historical
5213,19841,Monique,Ledoux,R&D,CDI,Marche,,2026-03-12,2026-03-12T01:48:30.913Z,2026-03-12T03:57:43.913Z,129.2,13.18,simulation_historical
5214,19841,Monique,Ledoux,R&D,CDI,Marche,,2026-02-03,2026-02-03T03:23:30.913Z,2026-02-03T04:34:30.913Z,71.0,9.13,simulation_historical
5215,19841,Monique,Ledoux,R&D,CDI,Marche,,2025-09-27,2025-09-27T00:21:30.913Z,2025-09-27T03:03:17.913Z,161.8,5.37,simulation_historical
5216,19841,Monique,Ledoux,R&D,CDI,Marche,,2026-08-04,2026-08-04T16:17:30.913Z,2026-08-04T16:59:03.913Z,41.6,8.06,simulation_historical
5217,19841,Monique,Ledoux,R&D,CDI,Marche,,2025-11-12,2025-11-12T10:10:30.913Z,2025-11-12T11:50:43.913Z,100.2,6.26,simulation_historical
5218,19841,Monique,Ledoux,R&D,CDI,Marche,,2026-07-26,2026-07-26T13:24:30.913Z,2026-07-26T15:05:13.913Z,100.7,6.02,simulation_historical
5219,19841,Monique,Ledoux,R&D,CDI,Marche,,2026-01-30,2026-01-30T19:59:30.913Z,2026-01-30T22:15:51.913Z,136.4,3.73,simulation_historical
5220,19841,Monique,Ledoux,R&D,CDI,Marche,,2025-09-28,2025-09-28T01:22:30.913Z,2025-09-28T03:44:35.913Z,142.1,1.69,simulation_historical
5221,19841,Monique,Ledoux,R&D,CDI,Marche,,2026-03-19,2026-03-19T20:17:30.913Z,2026-03-19T21:52:28.913Z,95.0,11.48,simulation_historical
5222,19841,Monique,Ledoux,R&D,CDI,Marche,,2026-08-18,2026-08-18T13:02:30.913Z,2026-08-18T15:13:25.913Z,130.9,6.95,simulation_historical
5223,19841,Monique,Ledoux,R&D,CDI,Marche,,2025-12-27,2025-12-27T16:01:30.913Z,2025-12-27T17:05:11.913Z,63.7,1.51,simulation_historical
5224,19841,Monique,Ledoux,R&D,CDI,Marche,,2026-07-04,2026-07-04T20:01:30.913Z,2026-07-04T22:21:09.913Z,139.7,1.57,simulation_historical
5225,19841,Monique,Ledoux,R&D,CDI,Marche,,2026-07-14,2026-07-14T13:29:30.913Z,2026-07-14T15:29:31.913Z,120.0,6.93,simulation_historical
5226,19841,Monique,Ledoux,R&D,CDI,Marche,,2026-03-03,2026-03-03T21:42:30.913Z,2026-03-03T22:44:23.913Z,61.9,12.13,simulation_historical
5227,19841,Monique,Ledoux,R&D,CDI,Marche,,2026-01-29,2026-01-29T04:21:30.913Z,2026-01-29T06:42:43.913Z,141.2,13.5,simulation_historical
5228,19841,Monique,Ledoux,R&D,CDI,Marche,,2026-08-07,2026-08-07T21:36:30.913Z,2026-08-08T00:21:04.913Z,164.6,7.01,simulation_historical
5229,19841,Monique,Ledoux,R&D,CDI,Marche,,2026-02-25,2026-02-25T05:03:30.913Z,2026-02-25T06:39:36.913Z,96.1,5.09,simulation_historical
5230,19841,Monique,Ledoux,R&D,CDI,Marche,,2026-07-20,2026-07-20T14:57:30.913Z,2026-07-20T16:08:18.913Z,70.8,9.18,simulation_historical
5231,19841,Monique,Ledoux,R&D,CDI,Marche,,2025-12-25,2025-12-25T02:46:30.913Z,2025-12-25T05:39:52.913Z,173.4,2.93,simulation_historical
5232,19841,Monique,Ledoux,R&D,CDI,Marche,,2026-05-05,2026-05-05T06:59:30.913Z,2026-05-05T09:21:21.913Z,141.9,4.52,simulation_historical
5233,19841,Monique,Ledoux,R&D,CDI,Marche,,2025-11-07,2025-11-07T06:00:30.913Z,2025-11-07T08:34:37.913Z,154.1,4.28,simulation_historical
5234,19841,Monique,Ledoux,R&D,CDI,Marche,,2026-07-16,2026-07-16T10:50:30.913Z,2026-07-16T11:30:43.913Z,40.2,8.41,simulation_historical
5235,19841,Monique,Ledoux,R&D,CDI,Marche,,2026-06-19,2026-06-19T17:16:30.913Z,2026-06-19T18:00:28.913Z,44.0,14.28,simulation_historical
5236,19841,Monique,Ledoux,R&D,CDI,Marche,,2025-10-02,2025-10-02T05:02:30.913Z,2025-10-02T06:57:22.913Z,114.9,12.63,simulation_historical
5237,19841,Monique,Ledoux,R&D,CDI,Marche,,2026-08-13,2026-08-13T22:10:30.913Z,2026-08-13T23:49:47.913Z,99.3,5.91,simulation_historical
5238,19841,Monique,Ledoux,R&D,CDI,Marche,,2026-06-27,2026-06-27T16:59:30.913Z,2026-06-27T18:07:02.913Z,67.5,14.0,simulation_historical
5239,19841,Monique,Ledoux,R&D,CDI,Marche,,2026-03-14,2026-03-14T23:30:30.913Z,2026-03-15T00:23:38.913Z,53.1,4.29,simulation_historical
5240,20083,Marcel,Jacquot,Support,CDI,Marche,,2026-07-07,2026-07-07T07:54:30.913Z,2026-07-07T10:29:24.913Z,154.9,1.43,simulation_historical
5241,20083,Marcel,Jacquot,Support,CDI,Marche,,2026-03-15,2026-03-15T22:08:30.913Z,2026-03-16T00:09:14.913Z,120.7,8.66,simulation_historical
5242,20083,Marcel,Jacquot,Support,CDI,Marche,,2025-12-08,2025-12-08T11:05:30.913Z,2025-12-08T11:49:02.913Z,43.5,2.08,simulation_historical
5243,20083,Marcel,Jacquot,Support,CDI,Marche,,2026-04-11,2026-04-11T02:59:30.913Z,2026-04-11T05:30:12.913Z,150.7,9.61,simulation_historical
5244,20083,Marcel,Jacquot,Support,CDI,Marche,,2026-02-18,2026-02-18T01:52:30.913Z,2026-02-18T04:49:29.913Z,177.0,2.21,simulation_historical
5245,20083,Marcel,Jacquot,Support,CDI,Marche,,2026-07-14,2026-07-14T05:03:30.913Z,2026-07-14T05:43:45.913Z,40.3,8.37,simulation_historical
5246,20083,Marcel,Jacquot,Support,CDI,Marche,,2026-01-20,2026-01-20T18:11:30.913Z,2026-01-20T20:05:34.913Z,114.1,3.1,simulation_historical
5247,20083,Marcel,Jacquot,Support,CDI,Marche,,2025-12-07,2025-12-07T19:07:30.913Z,2025-12-07T20:17:11.913Z,69.7,13.58,simulation_historical
5248,20083,Marcel,Jacquot,Support,CDI,Marche,,2026-07-12,2026-07-12T02:12:30.913Z,2026-07-12T02:47:37.913Z,35.1,14.62,simulation_historical
5249,20083,Marcel,Jacquot,Support,CDI,Marche,,2026-07-14,2026-07-14T23:35:30.913Z,2026-07-15T01:18:32.913Z,103.0,3.7,simulation_historical
5250,20083,Marcel,Jacquot,Support,CDI,Marche,,2026-06-26,2026-06-26T04:45:30.913Z,2026-06-26T06:07:04.913Z,81.6,6.67,simulation_historical
5251,20083,Marcel,Jacquot,Support,CDI,Marche,,2025-12-25,2025-12-25T05:50:30.913Z,2025-12-25T06:32:02.913Z,41.5,5.11,simulation_historical
5252,20083,Marcel,Jacquot,Support,CDI,Marche,,2026-06-07,2026-06-07T19:09:30.913Z,2026-06-07T20:44:26.913Z,94.9,3.05,simulation_historical
5253,20083,Marcel,Jacquot,Support,CDI,Marche,,2025-10-31,2025-10-31T06:05:30.913Z,2025-10-31T08:51:10.913Z,165.7,2.53,simulation_historical
5254,20083,Marcel,Jacquot,Support,CDI,Marche,,2026-01-01,2026-01-01T19:34:30.913Z,2026-01-01T22:33:03.913Z,178.6,3.53,simulation_historical
5255,20083,Marcel,Jacquot,Support,CDI,Marche,,2026-06-20,2026-06-20T18:05:30.913Z,2026-06-20T19:57:41.913Z,112.2,14.8,simulation_historical
5256,20083,Marcel,Jacquot,Support,CDI,Marche,,2025-12-02,2025-12-02T13:52:30.913Z,2025-12-02T14:20:14.913Z,27.7,2.33,simulation_historical
5257,20083,Marcel,Jacquot,Support,CDI,Marche,,2026-08-23,2026-08-23T18:55:30.913Z,2026-08-23T21:52:59.913Z,177.5,5.34,simulation_historical
5258,20083,Marcel,Jacquot,Support,CDI,Marche,,2025-10-18,2025-10-18T08:55:30.913Z,2025-10-18T11:51:43.913Z,176.2,7.83,simulation_historical
5259,20083,Marcel,Jacquot,Support,CDI,Marche,,2025-11-03,2025-11-03T19:43:30.913Z,2025-11-03T22:19:29.913Z,156.0,11.28,simulation_historical
5260,20083,Marcel,Jacquot,Support,CDI,Marche,,2025-12-11,2025-12-11T06:03:30.913Z,2025-12-11T07:45:59.913Z,102.5,8.91,simulation_historical
5261,20083,Marcel,Jacquot,Support,CDI,Marche,,2026-05-13,2026-05-13T18:19:30.913Z,2026-05-13T20:00:43.913Z,101.2,8.43,simulation_historical
5262,20083,Marcel,Jacquot,Support,CDI,Marche,,2026-08-09,2026-08-09T17:41:30.913Z,2026-08-09T18:44:39.913Z,63.2,8.2,simulation_historical
5263,20083,Marcel,Jacquot,Support,CDI,Marche,,2026-02-16,2026-02-16T00:15:30.913Z,2026-02-16T01:31:12.913Z,75.7,6.57,simulation_historical
5264,20083,Marcel,Jacquot,Support,CDI,Marche,,2025-11-10,2025-11-10T11:24:30.913Z,2025-11-10T13:11:41.913Z,107.2,13.03,simulation_historical
5265,20083,Marcel,Jacquot,Support,CDI,Marche,,2026-03-24,2026-03-24T03:36:30.913Z,2026-03-24T05:37:40.913Z,121.2,9.44,simulation_historical
5266,20083,Marcel,Jacquot,Support,CDI,Marche,,2025-12-03,2025-12-03T12:24:30.913Z,2025-12-03T13:50:30.913Z,86.0,8.64,simulation_historical
5267,20083,Marcel,Jacquot,Support,CDI,Marche,,2026-07-16,2026-07-16T07:16:30.913Z,2026-07-16T08:44:11.913Z,87.7,3.31,simulation_historical
5268,20083,Marcel,Jacquot,Support,CDI,Marche,,2026-07-29,2026-07-29T14:26:30.913Z,2026-07-29T16:31:23.913Z,124.9,11.08,simulation_historical
5269,20083,Marcel,Jacquot,Support,CDI,Marche,,2026-02-14,2026-02-14T07:49:30.913Z,2026-02-14T08:53:06.913Z,63.6,14.33,simulation_historical
5270,20083,Marcel,Jacquot,Support,CDI,Marche,,2026-04-01,2026-04-01T20:58:30.913Z,2026-04-01T22:43:53.913Z,105.4,4.11,simulation_historical
5271,20083,Marcel,Jacquot,Support,CDI,Marche,,2026-06-27,2026-06-27T00:12:30.913Z,2026-06-27T02:39:58.913Z,147.5,9.17,simulation_historical
5272,20083,Marcel,Jacquot,Support,CDI,Marche,,2026-04-12,2026-04-12T00:43:30.913Z,2026-04-12T01:28:05.913Z,44.6,7.44,simulation_historical
5273,20083,Marcel,Jacquot,Support,CDI,Marche,,2026-01-01,2026-01-01T01:29:30.913Z,2026-01-01T02:48:14.913Z,78.7,10.56,simulation_historical
5274,20083,Marcel,Jacquot,Support,CDI,Marche,,2026-03-20,2026-03-20T14:41:30.913Z,2026-03-20T16:18:19.913Z,96.8,9.11,simulation_historical
5275,20083,Marcel,Jacquot,Support,CDI,Marche,,2025-11-14,2025-11-14T19:01:30.913Z,2025-11-14T21:30:00.913Z,148.5,5.68,simulation_historical
5276,20083,Marcel,Jacquot,Support,CDI,Marche,,2025-12-16,2025-12-16T14:50:30.913Z,2025-12-16T15:39:51.913Z,49.4,8.06,simulation_historical
5277,20083,Marcel,Jacquot,Support,CDI,Marche,,2026-07-10,2026-07-10T06:58:30.913Z,2026-07-10T08:58:22.913Z,119.9,13.52,simulation_historical
5278,20083,Marcel,Jacquot,Support,CDI,Marche,,2026-02-22,2026-02-22T04:42:30.913Z,2026-02-22T06:51:53.913Z,129.4,1.84,simulation_historical
5279,20083,Marcel,Jacquot,Support,CDI,Marche,,2025-11-28,2025-11-28T22:32:30.913Z,2025-11-29T00:31:29.913Z,119.0,10.06,simulation_historical
5280,20083,Marcel,Jacquot,Support,CDI,Marche,,2026-04-22,2026-04-22T13:20:30.913Z,2026-04-22T15:58:11.913Z,157.7,8.38,simulation_historical
5281,20083,Marcel,Jacquot,Support,CDI,Marche,,2025-12-09,2025-12-09T06:52:30.913Z,2025-12-09T07:44:56.913Z,52.4,3.11,simulation_historical
5282,20083,Marcel,Jacquot,Support,CDI,Marche,,2026-07-29,2026-07-29T03:21:30.913Z,2026-07-29T05:14:05.913Z,112.6,10.14,simulation_historical
5283,20083,Marcel,Jacquot,Support,CDI,Marche,,2026-03-13,2026-03-13T11:32:30.913Z,2026-03-13T14:11:31.913Z,159.0,7.58,simulation_historical
5284,20083,Marcel,Jacquot,Support,CDI,Marche,,2026-01-03,2026-01-03T14:42:30.913Z,2026-01-03T15:13:07.913Z,30.6,3.25,simulation_historical
5285,20083,Marcel,Jacquot,Support,CDI,Marche,,2026-03-30,2026-03-30T00:11:30.913Z,2026-03-30T02:36:17.913Z,144.8,3.44,simulation_historical
5286,20083,Marcel,Jacquot,Support,CDI,Marche,,2025-11-09,2025-11-09T23:36:30.913Z,2025-11-10T01:26:03.913Z,109.6,11.04,simulation_historical
5287,20083,Marcel,Jacquot,Support,CDI,Marche,,2026-04-06,2026-04-06T10:19:30.913Z,2026-04-06T12:01:12.913Z,101.7,10.73,simulation_historical
5288,20083,Marcel,Jacquot,Support,CDI,Marche,,2026-03-27,2026-03-27T22:51:30.913Z,2026-03-28T01:30:41.913Z,159.2,9.72,simulation_historical
5289,20083,Marcel,Jacquot,Support,CDI,Marche,,2026-01-08,2026-01-08T17:08:30.913Z,2026-01-08T18:50:21.913Z,101.9,8.78,simulation_historical
5290,20083,Marcel,Jacquot,Support,CDI,Marche,,2026-09-08,2026-09-08T04:23:30.913Z,2026-09-08T05:13:25.913Z,49.9,7.82,simulation_historical
5291,20083,Marcel,Jacquot,Support,CDI,Marche,,2025-11-22,2025-11-22T05:54:30.913Z,2025-11-22T06:21:46.913Z,27.3,10.78,simulation_historical
5292,20083,Marcel,Jacquot,Support,CDI,Marche,,2026-01-17,2026-01-17T07:03:30.913Z,2026-01-17T10:01:27.913Z,178.0,10.46,simulation_historical
5293,20083,Marcel,Jacquot,Support,CDI,Marche,,2026-05-22,2026-05-22T16:41:30.913Z,2026-05-22T19:40:50.913Z,179.3,8.87,simulation_historical
5294,20083,Marcel,Jacquot,Support,CDI,Marche,,2026-06-20,2026-06-20T23:04:30.913Z,2026-06-21T01:08:19.913Z,123.8,3.42,simulation_historical
5295,20157,Damien,Menard,Ventes,CDI,Basketball,Basketball,2026-05-15,2026-05-15T14:08:30.913Z,2026-05-15T14:58:30.913Z,50.0,,simulation_historical
5296,20157,Damien,Menard,Ventes,CDI,Basketball,Basketball,2026-06-11,2026-06-11T15:16:30.913Z,2026-06-11T17:02:09.913Z,105.7,,simulation_historical
5297,20157,Damien,Menard,Ventes,CDI,Basketball,Basketball,2026-02-14,2026-02-14T11:18:30.913Z,2026-02-14T12:34:10.913Z,75.7,,simulation_historical
5298,20157,Damien,Menard,Ventes,CDI,Basketball,Basketball,2026-02-17,2026-02-17T22:55:30.913Z,2026-02-18T01:24:16.913Z,148.8,,simulation_historical
5299,20157,Damien,Menard,Ventes,CDI,Basketball,Basketball,2026-08-15,2026-08-15T17:36:30.913Z,2026-08-15T20:18:08.913Z,161.6,,simulation_historical
5300,20157,Damien,Menard,Ventes,CDI,Basketball,Basketball,2026-06-01,2026-06-01T22:24:30.913Z,2026-06-02T00:55:07.913Z,150.6,,simulation_historical
5301,20157,Damien,Menard,Ventes,CDI,Basketball,Basketball,2025-12-21,2025-12-21T03:24:30.913Z,2025-12-21T04:31:47.913Z,67.3,,simulation_historical
5302,20157,Damien,Menard,Ventes,CDI,Basketball,Basketball,2026-01-23,2026-01-23T22:23:30.913Z,2026-01-24T01:12:40.913Z,169.2,,simulation_historical
5303,20157,Damien,Menard,Ventes,CDI,Basketball,Basketball,2026-03-18,2026-03-18T17:55:30.913Z,2026-03-18T19:27:41.913Z,92.2,,simulation_historical
5304,20157,Damien,Menard,Ventes,CDI,Basketball,Basketball,2025-11-08,2025-11-08T00:32:30.913Z,2025-11-08T01:59:48.913Z,87.3,,simulation_historical
5305,20157,Damien,Menard,Ventes,CDI,Basketball,Basketball,2026-04-26,2026-04-26T22:25:30.913Z,2026-04-26T23:46:54.913Z,81.4,,simulation_historical
5306,20157,Damien,Menard,Ventes,CDI,Basketball,Basketball,2026-04-17,2026-04-17T05:59:30.913Z,2026-04-17T07:16:06.913Z,76.6,,simulation_historical
5307,20157,Damien,Menard,Ventes,CDI,Basketball,Basketball,2025-09-27,2025-09-27T17:13:30.913Z,2025-09-27T19:00:04.913Z,106.6,,simulation_historical
5308,20157,Damien,Menard,Ventes,CDI,Basketball,Basketball,2026-01-14,2026-01-14T04:09:30.913Z,2026-01-14T05:44:10.913Z,94.7,,simulation_historical
5309,20157,Damien,Menard,Ventes,CDI,Basketball,Basketball,2026-04-22,2026-04-22T12:08:30.913Z,2026-04-22T14:56:49.913Z,168.3,,simulation_historical
5310,20157,Damien,Menard,Ventes,CDI,Basketball,Basketball,2026-03-06,2026-03-06T02:52:30.913Z,2026-03-06T04:46:44.913Z,114.2,,simulation_historical
5311,20157,Damien,Menard,Ventes,CDI,Basketball,Basketball,2026-07-04,2026-07-04T06:42:30.913Z,2026-07-04T08:21:02.913Z,98.5,,simulation_historical
5312,20157,Damien,Menard,Ventes,CDI,Basketball,Basketball,2026-08-07,2026-08-07T03:45:30.913Z,2026-08-07T06:06:17.913Z,140.8,,simulation_historical
5313,20157,Damien,Menard,Ventes,CDI,Basketball,Basketball,2025-10-16,2025-10-16T06:57:30.913Z,2025-10-16T09:28:19.913Z,150.8,,simulation_historical
5314,20157,Damien,Menard,Ventes,CDI,Basketball,Basketball,2026-05-30,2026-05-30T08:52:30.913Z,2026-05-30T11:39:34.913Z,167.1,,simulation_historical
5315,20157,Damien,Menard,Ventes,CDI,Basketball,Basketball,2026-04-30,2026-04-30T22:00:30.913Z,2026-04-30T23:34:40.913Z,94.2,,simulation_historical
5316,20157,Damien,Menard,Ventes,CDI,Basketball,Basketball,2026-07-08,2026-07-08T12:05:30.913Z,2026-07-08T13:30:50.913Z,85.3,,simulation_historical
5317,20157,Damien,Menard,Ventes,CDI,Basketball,Basketball,2026-05-15,2026-05-15T14:02:30.913Z,2026-05-15T16:47:30.913Z,165.0,,simulation_historical
5318,20157,Damien,Menard,Ventes,CDI,Basketball,Basketball,2026-05-23,2026-05-23T19:30:30.913Z,2026-05-23T20:04:50.913Z,34.3,,simulation_historical
5319,20157,Damien,Menard,Ventes,CDI,Basketball,Basketball,2026-07-27,2026-07-27T02:23:30.913Z,2026-07-27T04:52:29.913Z,149.0,,simulation_historical
5320,20157,Damien,Menard,Ventes,CDI,Basketball,Basketball,2026-07-26,2026-07-26T17:55:30.913Z,2026-07-26T18:53:02.913Z,57.5,,simulation_historical
5321,20157,Damien,Menard,Ventes,CDI,Basketball,Basketball,2026-09-13,2026-09-13T21:45:30.913Z,2026-09-13T22:48:37.913Z,63.1,,simulation_historical
5322,20157,Damien,Menard,Ventes,CDI,Basketball,Basketball,2026-02-19,2026-02-19T18:45:30.913Z,2026-02-19T21:15:23.913Z,149.9,,simulation_historical
5323,20157,Damien,Menard,Ventes,CDI,Basketball,Basketball,2026-01-14,2026-01-14T19:32:30.913Z,2026-01-14T21:10:56.913Z,98.4,,simulation_historical
5324,20157,Damien,Menard,Ventes,CDI,Basketball,Basketball,2026-04-05,2026-04-05T06:03:30.913Z,2026-04-05T06:39:39.913Z,36.2,,simulation_historical
5325,20157,Damien,Menard,Ventes,CDI,Basketball,Basketball,2026-08-01,2026-08-01T19:08:30.913Z,2026-08-01T20:31:54.913Z,83.4,,simulation_historical
5326,20157,Damien,Menard,Ventes,CDI,Basketball,Basketball,2025-12-16,2025-12-16T15:58:30.913Z,2025-12-16T16:28:41.913Z,30.2,,simulation_historical
5327,20157,Damien,Menard,Ventes,CDI,Basketball,Basketball,2026-06-19,2026-06-19T01:48:30.913Z,2026-06-19T02:56:30.913Z,68.0,,simulation_historical
5328,20157,Damien,Menard,Ventes,CDI,Basketball,Basketball,2026-08-29,2026-08-29T02:54:30.913Z,2026-08-29T05:29:46.913Z,155.3,,simulation_historical
5329,20157,Damien,Menard,Ventes,CDI,Basketball,Basketball,2026-06-12,2026-06-12T15:49:30.913Z,2026-06-12T17:28:32.913Z,99.0,,simulation_historical
5330,20157,Damien,Menard,Ventes,CDI,Basketball,Basketball,2026-08-28,2026-08-28T15:25:30.913Z,2026-08-28T18:20:35.913Z,175.1,,simulation_historical
5331,20157,Damien,Menard,Ventes,CDI,Basketball,Basketball,2025-11-12,2025-11-12T11:45:30.913Z,2025-11-12T13:36:59.913Z,111.5,,simulation_historical
5332,20157,Damien,Menard,Ventes,CDI,Basketball,Basketball,2026-04-24,2026-04-24T01:03:30.913Z,2026-04-24T03:51:51.913Z,168.4,,simulation_historical
5333,20157,Damien,Menard,Ventes,CDI,Basketball,Basketball,2025-12-21,2025-12-21T23:48:30.913Z,2025-12-22T00:45:08.913Z,56.6,,simulation_historical
5334,20157,Damien,Menard,Ventes,CDI,Basketball,Basketball,2026-01-01,2026-01-01T01:27:30.913Z,2026-01-01T02:40:09.913Z,72.7,,simulation_historical
5335,20157,Damien,Menard,Ventes,CDI,Basketball,Basketball,2026-07-21,2026-07-21T05:34:30.913Z,2026-07-21T07:59:48.913Z,145.3,,simulation_historical
5336,20157,Damien,Menard,Ventes,CDI,Basketball,Basketball,2025-10-20,2025-10-20T06:59:30.913Z,2025-10-20T08:10:20.913Z,70.8,,simulation_historical
5337,20157,Damien,Menard,Ventes,CDI,Basketball,Basketball,2026-09-08,2026-09-08T16:23:30.913Z,2026-09-08T18:04:03.913Z,100.6,,simulation_historical
5338,20157,Damien,Menard,Ventes,CDI,Basketball,Basketball,2025-11-29,2025-11-29T17:56:30.913Z,2025-11-29T19:09:14.913Z,72.7,,simulation_historical
5339,20157,Damien,Menard,Ventes,CDI,Basketball,Basketball,2026-06-18,2026-06-18T19:50:30.913Z,2026-06-18T22:01:13.913Z,130.7,,simulation_historical
5340,20157,Damien,Menard,Ventes,CDI,Basketball,Basketball,2026-02-09,2026-02-09T23:24:30.913Z,2026-02-10T00:08:11.913Z,43.7,,simulation_historical
5341,20157,Damien,Menard,Ventes,CDI,Basketball,Basketball,2026-02-22,2026-02-22T18:38:30.913Z,2026-02-22T19:48:57.913Z,70.5,,simulation_historical
5342,20157,Damien,Menard,Ventes,CDI,Basketball,Basketball,2026-07-07,2026-07-07T00:24:30.913Z,2026-07-07T01:52:14.913Z,87.7,,simulation_historical
5343,20377,Génée,Boutin,Ventes,CDI,Marche,,2026-05-06,2026-05-06T03:29:30.913Z,2026-05-06T05:51:29.913Z,142.0,13.35,simulation_historical
5344,20377,Génée,Boutin,Ventes,CDI,Marche,,2026-05-03,2026-05-03T05:25:30.913Z,2026-05-03T08:24:33.913Z,179.1,12.84,simulation_historical
5345,20377,Génée,Boutin,Ventes,CDI,Marche,,2025-11-27,2025-11-27T15:28:30.913Z,2025-11-27T17:26:40.913Z,118.2,12.35,simulation_historical
5346,20377,Génée,Boutin,Ventes,CDI,Marche,,2026-05-19,2026-05-19T14:02:30.913Z,2026-05-19T14:54:46.913Z,52.3,8.63,simulation_historical
5347,20377,Génée,Boutin,Ventes,CDI,Marche,,2026-04-12,2026-04-12T10:19:30.913Z,2026-04-12T12:56:43.913Z,157.2,12.53,simulation_historical
5348,20697,Antoine,Cousin,Marketing,CDI,Randonnée,Randonnée,2026-04-09,2026-04-09T17:37:30.913Z,2026-04-09T19:18:03.913Z,100.6,14.04,simulation_historical
5349,20697,Antoine,Cousin,Marketing,CDI,Randonnée,Randonnée,2025-11-06,2025-11-06T08:30:30.913Z,2025-11-06T09:26:58.913Z,56.5,17.67,simulation_historical
5350,20697,Antoine,Cousin,Marketing,CDI,Randonnée,Randonnée,2026-06-30,2026-06-30T00:57:30.913Z,2026-06-30T02:59:31.913Z,122.0,15.63,simulation_historical
5351,20697,Antoine,Cousin,Marketing,CDI,Randonnée,Randonnée,2025-09-21,2025-09-21T21:46:30.913Z,2025-09-22T00:15:04.913Z,148.6,26.82,simulation_historical
5352,20697,Antoine,Cousin,Marketing,CDI,Randonnée,Randonnée,2025-12-14,2025-12-14T17:52:30.913Z,2025-12-14T19:12:08.913Z,79.6,26.96,simulation_historical
5353,20697,Antoine,Cousin,Marketing,CDI,Randonnée,Randonnée,2026-05-12,2026-05-12T17:56:30.913Z,2026-05-12T18:38:51.913Z,42.4,19.22,simulation_historical
5354,20697,Antoine,Cousin,Marketing,CDI,Randonnée,Randonnée,2026-01-30,2026-01-30T22:59:30.913Z,2026-01-31T00:58:17.913Z,118.8,4.56,simulation_historical
5355,20697,Antoine,Cousin,Marketing,CDI,Randonnée,Randonnée,2025-12-02,2025-12-02T12:41:30.913Z,2025-12-02T15:31:02.913Z,169.5,18.56,simulation_historical
5356,20697,Antoine,Cousin,Marketing,CDI,Randonnée,Randonnée,2026-06-04,2026-06-04T21:10:30.913Z,2026-06-04T22:11:25.913Z,60.9,7.39,simulation_historical
5357,20697,Antoine,Cousin,Marketing,CDI,Randonnée,Randonnée,2026-04-01,2026-04-01T23:16:30.913Z,2026-04-02T00:08:14.913Z,51.7,24.29,simulation_historical
5358,20697,Antoine,Cousin,Marketing,CDI,Randonnée,Randonnée,2026-06-02,2026-06-02T17:07:30.913Z,2026-06-02T19:40:58.913Z,153.5,4.98,simulation_historical
5359,20697,Antoine,Cousin,Marketing,CDI,Randonnée,Randonnée,2025-12-29,2025-12-29T00:53:30.913Z,2025-12-29T01:28:41.913Z,35.2,16.86,simulation_historical
5360,20697,Antoine,Cousin,Marketing,CDI,Randonnée,Randonnée,2026-07-10,2026-07-10T23:18:30.913Z,2026-07-11T01:43:14.913Z,144.7,20.48,simulation_historical
5361,20697,Antoine,Cousin,Marketing,CDI,Randonnée,Randonnée,2026-08-17,2026-08-17T22:15:30.913Z,2026-08-17T23:59:39.913Z,104.2,25.7,simulation_historical
5362,20697,Antoine,Cousin,Marketing,CDI,Randonnée,Randonnée,2026-09-05,2026-09-05T03:28:30.913Z,2026-09-05T03:49:19.913Z,20.8,26.44,simulation_historical
5363,20697,Antoine,Cousin,Marketing,CDI,Randonnée,Randonnée,2026-05-27,2026-05-27T21:40:30.913Z,2026-05-27T22:12:52.913Z,32.4,15.88,simulation_historical
5364,20697,Antoine,Cousin,Marketing,CDI,Randonnée,Randonnée,2026-03-23,2026-03-23T17:40:30.913Z,2026-03-23T20:28:16.913Z,167.8,3.97,simulation_historical
5365,20697,Antoine,Cousin,Marketing,CDI,Randonnée,Randonnée,2026-08-12,2026-08-12T00:42:30.913Z,2026-08-12T02:20:53.913Z,98.4,15.4,simulation_historical
5366,20697,Antoine,Cousin,Marketing,CDI,Randonnée,Randonnée,2026-06-16,2026-06-16T10:55:30.913Z,2026-06-16T13:10:17.913Z,134.8,14.27,simulation_historical
5367,20697,Antoine,Cousin,Marketing,CDI,Randonnée,Randonnée,2026-03-05,2026-03-05T00:49:30.913Z,2026-03-05T02:52:34.913Z,123.1,14.31,simulation_historical
5368,20697,Antoine,Cousin,Marketing,CDI,Randonnée,Randonnée,2026-08-05,2026-08-05T18:02:30.913Z,2026-08-05T20:49:45.913Z,167.3,6.36,simulation_historical
5369,20697,Antoine,Cousin,Marketing,CDI,Randonnée,Randonnée,2025-10-17,2025-10-17T04:37:30.913Z,2025-10-17T05:46:14.913Z,68.7,19.6,simulation_historical
5370,20697,Antoine,Cousin,Marketing,CDI,Randonnée,Randonnée,2026-02-26,2026-02-26T23:36:30.913Z,2026-02-27T00:57:18.913Z,80.8,29.36,simulation_historical
5371,20697,Antoine,Cousin,Marketing,CDI,Randonnée,Randonnée,2026-09-15,2026-09-15T15:25:30.913Z,2026-09-15T17:51:55.913Z,146.4,24.07,simulation_historical
5372,20697,Antoine,Cousin,Marketing,CDI,Randonnée,Randonnée,2025-12-12,2025-12-12T02:10:30.913Z,2025-12-12T04:14:04.913Z,123.6,28.98,simulation_historical
5373,20697,Antoine,Cousin,Marketing,CDI,Randonnée,Randonnée,2026-05-22,2026-05-22T08:15:30.913Z,2026-05-22T10:10:01.913Z,114.5,7.08,simulation_historical
5374,20697,Antoine,Cousin,Marketing,CDI,Randonnée,Randonnée,2026-04-28,2026-04-28T08:45:30.913Z,2026-04-28T09:36:18.913Z,50.8,3.06,simulation_historical
5375,20697,Antoine,Cousin,Marketing,CDI,Randonnée,Randonnée,2025-10-13,2025-10-13T02:05:30.913Z,2025-10-13T02:29:46.913Z,24.3,9.89,simulation_historical
5376,20697,Antoine,Cousin,Marketing,CDI,Randonnée,Randonnée,2026-06-03,2026-06-03T13:38:30.913Z,2026-06-03T14:07:40.913Z,29.2,16.63,simulation_historical
5377,20697,Antoine,Cousin,Marketing,CDI,Randonnée,Randonnée,2025-11-13,2025-11-13T17:59:30.913Z,2025-11-13T18:32:47.913Z,33.3,10.02,simulation_historical
5378,20697,Antoine,Cousin,Marketing,CDI,Randonnée,Randonnée,2026-08-25,2026-08-25T03:16:30.913Z,2026-08-25T04:40:29.913Z,84.0,19.69,simulation_historical
5379,20697,Antoine,Cousin,Marketing,CDI,Randonnée,Randonnée,2026-05-28,2026-05-28T14:36:30.913Z,2026-05-28T17:14:05.913Z,157.6,11.48,simulation_historical
5380,20697,Antoine,Cousin,Marketing,CDI,Randonnée,Randonnée,2026-05-19,2026-05-19T16:08:30.913Z,2026-05-19T17:55:34.913Z,107.1,20.92,simulation_historical
5381,20697,Antoine,Cousin,Marketing,CDI,Randonnée,Randonnée,2025-11-13,2025-11-13T17:52:30.913Z,2025-11-13T19:40:03.913Z,107.6,9.76,simulation_historical
5382,20697,Antoine,Cousin,Marketing,CDI,Randonnée,Randonnée,2026-04-15,2026-04-15T11:02:30.913Z,2026-04-15T13:44:50.913Z,162.3,9.24,simulation_historical
5383,20697,Antoine,Cousin,Marketing,CDI,Randonnée,Randonnée,2026-02-17,2026-02-17T06:27:30.913Z,2026-02-17T07:04:08.913Z,36.6,20.24,simulation_historical
5384,20697,Antoine,Cousin,Marketing,CDI,Randonnée,Randonnée,2025-11-17,2025-11-17T15:46:30.913Z,2025-11-17T16:54:19.913Z,67.8,22.51,simulation_historical
5385,20697,Antoine,Cousin,Marketing,CDI,Randonnée,Randonnée,2025-10-04,2025-10-04T02:09:30.913Z,2025-10-04T04:44:50.913Z,155.3,3.54,simulation_historical
5386,20697,Antoine,Cousin,Marketing,CDI,Randonnée,Randonnée,2026-03-23,2026-03-23T19:02:30.913Z,2026-03-23T21:06:34.913Z,124.1,27.75,simulation_historical
5387,20697,Antoine,Cousin,Marketing,CDI,Randonnée,Randonnée,2025-12-22,2025-12-22T05:00:30.913Z,2025-12-22T07:14:11.913Z,133.7,15.38,simulation_historical
5388,20697,Antoine,Cousin,Marketing,CDI,Randonnée,Randonnée,2026-07-02,2026-07-02T06:20:30.913Z,2026-07-02T07:30:42.913Z,70.2,26.72,simulation_historical
5389,20697,Antoine,Cousin,Marketing,CDI,Randonnée,Randonnée,2025-12-15,2025-12-15T00:29:30.913Z,2025-12-15T01:51:02.913Z,81.5,11.85,simulation_historical
5390,20697,Antoine,Cousin,Marketing,CDI,Randonnée,Randonnée,2025-09-19,2025-09-19T10:53:30.913Z,2025-09-19T13:19:56.913Z,146.4,3.89,simulation_historical
5391,20697,Antoine,Cousin,Marketing,CDI,Randonnée,Randonnée,2025-12-03,2025-12-03T02:18:30.913Z,2025-12-03T05:10:40.913Z,172.2,19.37,simulation_historical
5392,20697,Antoine,Cousin,Marketing,CDI,Randonnée,Randonnée,2026-07-10,2026-07-10T03:29:30.913Z,2026-07-10T04:59:07.913Z,89.6,8.66,simulation_historical
5393,20697,Antoine,Cousin,Marketing,CDI,Randonnée,Randonnée,2026-03-30,2026-03-30T19:39:30.913Z,2026-03-30T22:02:19.913Z,142.8,29.76,simulation_historical
5394,20697,Antoine,Cousin,Marketing,CDI,Randonnée,Randonnée,2026-03-11,2026-03-11T13:10:30.913Z,2026-03-11T14:22:30.913Z,72.0,3.69,simulation_historical
5395,20697,Antoine,Cousin,Marketing,CDI,Randonnée,Randonnée,2026-05-02,2026-05-02T03:01:30.913Z,2026-05-02T03:32:17.913Z,30.8,4.38,simulation_historical
5396,20697,Antoine,Cousin,Marketing,CDI,Randonnée,Randonnée,2026-06-11,2026-06-11T20:58:30.913Z,2026-06-11T23:51:06.913Z,172.6,9.11,simulation_historical
5397,20697,Antoine,Cousin,Marketing,CDI,Randonnée,Randonnée,2026-01-14,2026-01-14T08:49:30.913Z,2026-01-14T10:40:25.913Z,110.9,11.93,simulation_historical
5398,20697,Antoine,Cousin,Marketing,CDI,Randonnée,Randonnée,2026-09-09,2026-09-09T08:45:30.913Z,2026-09-09T09:57:23.913Z,71.9,26.3,simulation_historical
5399,20697,Antoine,Cousin,Marketing,CDI,Randonnée,Randonnée,2026-07-17,2026-07-17T15:56:30.913Z,2026-07-17T18:27:16.913Z,150.8,9.95,simulation_historical
5400,20697,Antoine,Cousin,Marketing,CDI,Randonnée,Randonnée,2025-09-24,2025-09-24T19:59:30.913Z,2025-09-24T21:15:20.913Z,75.8,15.0,simulation_historical
5401,20697,Antoine,Cousin,Marketing,CDI,Randonnée,Randonnée,2026-05-16,2026-05-16T22:24:30.913Z,2026-05-17T00:01:47.913Z,97.3,14.47,simulation_historical
5402,21886,Judith,Toussaint,Support,CDI,Marche,,2025-12-16,2025-12-16T19:22:30.913Z,2025-12-16T21:06:43.913Z,104.2,5.29,simulation_historical
5403,21886,Judith,Toussaint,Support,CDI,Marche,,2026-03-15,2026-03-15T22:48:30.913Z,2026-03-16T01:24:17.913Z,155.8,8.64,simulation_historical
5404,21886,Judith,Toussaint,Support,CDI,Marche,,2026-07-27,2026-07-27T16:14:30.913Z,2026-07-27T18:01:56.913Z,107.4,4.33,simulation_historical
5405,21886,Judith,Toussaint,Support,CDI,Marche,,2026-03-11,2026-03-11T05:18:30.913Z,2026-03-11T05:50:59.913Z,32.5,10.22,simulation_historical
5406,21886,Judith,Toussaint,Support,CDI,Marche,,2026-05-25,2026-05-25T16:35:30.913Z,2026-05-25T16:59:55.913Z,24.4,5.27,simulation_historical
5407,21886,Judith,Toussaint,Support,CDI,Marche,,2025-12-06,2025-12-06T21:07:30.913Z,2025-12-06T23:21:31.913Z,134.0,5.84,simulation_historical
5408,21886,Judith,Toussaint,Support,CDI,Marche,,2026-06-30,2026-06-30T09:23:30.913Z,2026-06-30T10:46:18.913Z,82.8,7.22,simulation_historical
5409,21886,Judith,Toussaint,Support,CDI,Marche,,2025-11-29,2025-11-29T08:13:30.913Z,2025-11-29T11:03:51.913Z,170.4,11.73,simulation_historical
5410,21886,Judith,Toussaint,Support,CDI,Marche,,2025-10-01,2025-10-01T05:28:30.913Z,2025-10-01T08:01:55.913Z,153.4,12.85,simulation_historical
5411,21886,Judith,Toussaint,Support,CDI,Marche,,2025-10-22,2025-10-22T16:13:30.913Z,2025-10-22T18:39:20.913Z,145.8,3.76,simulation_historical
5412,21886,Judith,Toussaint,Support,CDI,Marche,,2026-03-20,2026-03-20T10:36:30.913Z,2026-03-20T13:25:44.913Z,169.2,9.0,simulation_historical
5413,21886,Judith,Toussaint,Support,CDI,Marche,,2026-06-13,2026-06-13T22:03:30.913Z,2026-06-13T22:39:32.913Z,36.0,9.58,simulation_historical
5414,21886,Judith,Toussaint,Support,CDI,Marche,,2026-08-30,2026-08-30T12:52:30.913Z,2026-08-30T13:25:44.913Z,33.2,13.52,simulation_historical
5415,21886,Judith,Toussaint,Support,CDI,Marche,,2026-09-13,2026-09-13T02:36:30.913Z,2026-09-13T03:59:41.913Z,83.2,2.11,simulation_historical
5416,21886,Judith,Toussaint,Support,CDI,Marche,,2025-09-19,2025-09-19T11:44:30.913Z,2025-09-19T13:04:13.913Z,79.7,9.29,simulation_historical
5417,21886,Judith,Toussaint,Support,CDI,Marche,,2026-01-26,2026-01-26T04:41:30.913Z,2026-01-26T07:13:26.913Z,151.9,11.8,simulation_historical
5418,21886,Judith,Toussaint,Support,CDI,Marche,,2026-01-10,2026-01-10T15:44:30.913Z,2026-01-10T18:29:49.913Z,165.3,10.04,simulation_historical
5419,21886,Judith,Toussaint,Support,CDI,Marche,,2026-02-18,2026-02-18T15:43:30.913Z,2026-02-18T18:28:03.913Z,164.6,12.83,simulation_historical
5420,21886,Judith,Toussaint,Support,CDI,Marche,,2026-04-28,2026-04-28T22:26:30.913Z,2026-04-28T22:51:10.913Z,24.7,9.23,simulation_historical
5421,21886,Judith,Toussaint,Support,CDI,Marche,,2025-09-23,2025-09-23T18:17:30.913Z,2025-09-23T19:26:27.913Z,69.0,2.75,simulation_historical
5422,21886,Judith,Toussaint,Support,CDI,Marche,,2026-07-28,2026-07-28T23:35:30.913Z,2026-07-29T01:01:18.913Z,85.8,4.14,simulation_historical
5423,21886,Judith,Toussaint,Support,CDI,Marche,,2025-11-02,2025-11-02T23:28:30.913Z,2025-11-03T01:25:17.913Z,116.8,5.38,simulation_historical
5424,21886,Judith,Toussaint,Support,CDI,Marche,,2026-02-25,2026-02-25T13:21:30.913Z,2026-02-25T15:32:22.913Z,130.9,8.52,simulation_historical
5425,21886,Judith,Toussaint,Support,CDI,Marche,,2025-12-01,2025-12-01T08:00:30.913Z,2025-12-01T09:22:10.913Z,81.7,5.91,simulation_historical
5426,21886,Judith,Toussaint,Support,CDI,Marche,,2025-10-01,2025-10-01T13:03:30.913Z,2025-10-01T13:32:09.913Z,28.7,2.53,simulation_historical
5427,21886,Judith,Toussaint,Support,CDI,Marche,,2026-02-21,2026-02-21T03:20:30.913Z,2026-02-21T06:11:25.913Z,170.9,8.8,simulation_historical
5428,21886,Judith,Toussaint,Support,CDI,Marche,,2026-08-18,2026-08-18T19:44:30.913Z,2026-08-18T20:51:17.913Z,66.8,2.35,simulation_historical
5429,21886,Judith,Toussaint,Support,CDI,Marche,,2026-01-04,2026-01-04T02:03:30.913Z,2026-01-04T03:53:57.913Z,110.5,10.27,simulation_historical
5430,21886,Judith,Toussaint,Support,CDI,Marche,,2026-07-29,2026-07-29T22:46:30.913Z,2026-07-29T23:18:07.913Z,31.6,4.76,simulation_historical
5431,21886,Judith,Toussaint,Support,CDI,Marche,,2026-05-30,2026-05-30T16:48:30.913Z,2026-05-30T19:43:16.913Z,174.8,8.79,simulation_historical
5432,21886,Judith,Toussaint,Support,CDI,Marche,,2026-05-01,2026-05-01T13:45:30.913Z,2026-05-01T14:25:48.913Z,40.3,12.21,simulation_historical
5433,21886,Judith,Toussaint,Support,CDI,Marche,,2026-04-25,2026-04-25T22:08:30.913Z,2026-04-25T22:37:29.913Z,29.0,3.94,simulation_historical
5434,21886,Judith,Toussaint,Support,CDI,Marche,,2026-04-08,2026-04-08T15:31:30.913Z,2026-04-08T16:30:52.913Z,59.4,13.32,simulation_historical
5435,21886,Judith,Toussaint,Support,CDI,Marche,,2025-09-17,2025-09-17T02:45:30.913Z,2025-09-17T03:26:30.913Z,41.0,5.9,simulation_historical
5436,22092,Lucas,Gilbert,Marketing,CDI,Marche,,2025-12-02,2025-12-02T08:08:30.913Z,2025-12-02T10:14:45.913Z,126.3,12.09,simulation_historical
5437,22092,Lucas,Gilbert,Marketing,CDI,Marche,,2025-12-14,2025-12-14T05:20:30.913Z,2025-12-14T06:18:42.913Z,58.2,13.95,simulation_historical
5438,22092,Lucas,Gilbert,Marketing,CDI,Marche,,2025-09-28,2025-09-28T16:39:30.913Z,2025-09-28T19:16:14.913Z,156.7,13.21,simulation_historical
5439,22092,Lucas,Gilbert,Marketing,CDI,Marche,,2026-03-23,2026-03-23T14:38:30.913Z,2026-03-23T16:57:51.913Z,139.4,4.8,simulation_historical
5440,22092,Lucas,Gilbert,Marketing,CDI,Marche,,2026-08-09,2026-08-09T05:06:30.913Z,2026-08-09T07:14:49.913Z,128.3,13.67,simulation_historical
5441,22092,Lucas,Gilbert,Marketing,CDI,Marche,,2026-04-02,2026-04-02T15:04:30.913Z,2026-04-02T16:39:08.913Z,94.6,13.84,simulation_historical
5442,22092,Lucas,Gilbert,Marketing,CDI,Marche,,2026-01-29,2026-01-29T00:30:30.913Z,2026-01-29T02:27:39.913Z,117.2,10.06,simulation_historical
5443,22092,Lucas,Gilbert,Marketing,CDI,Marche,,2026-03-08,2026-03-08T02:33:30.913Z,2026-03-08T05:33:28.913Z,180.0,11.82,simulation_historical
5444,22092,Lucas,Gilbert,Marketing,CDI,Marche,,2026-03-06,2026-03-06T12:55:30.913Z,2026-03-06T14:36:09.913Z,100.7,14.08,simulation_historical
5445,22092,Lucas,Gilbert,Marketing,CDI,Marche,,2026-05-12,2026-05-12T17:40:30.913Z,2026-05-12T18:22:54.913Z,42.4,5.39,simulation_historical
5446,22092,Lucas,Gilbert,Marketing,CDI,Marche,,2026-06-30,2026-06-30T02:59:30.913Z,2026-06-30T04:01:37.913Z,62.1,13.12,simulation_historical
5447,22092,Lucas,Gilbert,Marketing,CDI,Marche,,2026-03-01,2026-03-01T05:21:30.913Z,2026-03-01T06:10:35.913Z,49.1,2.5,simulation_historical
5448,22092,Lucas,Gilbert,Marketing,CDI,Marche,,2026-09-14,2026-09-14T06:16:30.913Z,2026-09-14T08:14:46.913Z,118.3,13.47,simulation_historical
5449,22092,Lucas,Gilbert,Marketing,CDI,Marche,,2026-05-01,2026-05-01T12:36:30.913Z,2026-05-01T13:20:20.913Z,43.8,4.07,simulation_historical
5450,22092,Lucas,Gilbert,Marketing,CDI,Marche,,2026-02-08,2026-02-08T01:09:30.913Z,2026-02-08T04:00:58.913Z,171.5,9.4,simulation_historical
5451,22426,Gabriel,Poirier,Ventes,CDI,Voile,Voile,2026-07-26,2026-07-26T15:39:30.913Z,2026-07-26T17:36:08.913Z,116.6,,simulation_historical
5452,22426,Gabriel,Poirier,Ventes,CDI,Voile,Voile,2025-12-07,2025-12-07T13:06:30.913Z,2025-12-07T14:55:05.913Z,108.6,,simulation_historical
5453,22426,Gabriel,Poirier,Ventes,CDI,Voile,Voile,2026-03-03,2026-03-03T15:26:30.913Z,2026-03-03T17:39:29.913Z,133.0,,simulation_historical
5454,22426,Gabriel,Poirier,Ventes,CDI,Voile,Voile,2026-03-02,2026-03-02T12:58:30.913Z,2026-03-02T15:51:17.913Z,172.8,,simulation_historical
5455,22426,Gabriel,Poirier,Ventes,CDI,Voile,Voile,2026-05-14,2026-05-14T21:11:30.913Z,2026-05-14T22:17:48.913Z,66.3,,simulation_historical
5456,22426,Gabriel,Poirier,Ventes,CDI,Voile,Voile,2025-10-01,2025-10-01T03:34:30.913Z,2025-10-01T04:32:24.913Z,57.9,,simulation_historical
5457,22426,Gabriel,Poirier,Ventes,CDI,Voile,Voile,2026-05-02,2026-05-02T06:27:30.913Z,2026-05-02T09:02:09.913Z,154.7,,simulation_historical
5458,22426,Gabriel,Poirier,Ventes,CDI,Voile,Voile,2026-07-04,2026-07-04T13:34:30.913Z,2026-07-04T15:53:11.913Z,138.7,,simulation_historical
5459,22426,Gabriel,Poirier,Ventes,CDI,Voile,Voile,2026-04-28,2026-04-28T02:25:30.913Z,2026-04-28T04:57:43.913Z,152.2,,simulation_historical
5460,22426,Gabriel,Poirier,Ventes,CDI,Voile,Voile,2026-08-08,2026-08-08T04:28:30.913Z,2026-08-08T05:55:50.913Z,87.3,,simulation_historical
5461,22426,Gabriel,Poirier,Ventes,CDI,Voile,Voile,2025-10-31,2025-10-31T00:06:30.913Z,2025-10-31T01:19:53.913Z,73.4,,simulation_historical
5462,22426,Gabriel,Poirier,Ventes,CDI,Voile,Voile,2026-01-25,2026-01-25T12:36:30.913Z,2026-01-25T14:19:41.913Z,103.2,,simulation_historical
5463,22426,Gabriel,Poirier,Ventes,CDI,Voile,Voile,2026-09-13,2026-09-13T03:23:30.913Z,2026-09-13T05:27:14.913Z,123.7,,simulation_historical
5464,22426,Gabriel,Poirier,Ventes,CDI,Voile,Voile,2026-04-01,2026-04-01T01:23:30.913Z,2026-04-01T03:41:05.913Z,137.6,,simulation_historical
5465,22426,Gabriel,Poirier,Ventes,CDI,Voile,Voile,2025-10-17,2025-10-17T20:36:30.913Z,2025-10-17T22:18:32.913Z,102.0,,simulation_historical
5466,22426,Gabriel,Poirier,Ventes,CDI,Voile,Voile,2026-04-04,2026-04-04T20:00:30.913Z,2026-04-04T21:15:20.913Z,74.8,,simulation_historical
5467,22426,Gabriel,Poirier,Ventes,CDI,Voile,Voile,2026-01-14,2026-01-14T05:33:30.913Z,2026-01-14T07:42:14.913Z,128.7,,simulation_historical
5468,22426,Gabriel,Poirier,Ventes,CDI,Voile,Voile,2026-04-06,2026-04-06T05:57:30.913Z,2026-04-06T08:31:34.913Z,154.1,,simulation_historical
5469,22426,Gabriel,Poirier,Ventes,CDI,Voile,Voile,2025-11-26,2025-11-26T08:24:30.913Z,2025-11-26T10:27:11.913Z,122.7,,simulation_historical
5470,22426,Gabriel,Poirier,Ventes,CDI,Voile,Voile,2026-04-26,2026-04-26T03:21:30.913Z,2026-04-26T04:12:35.913Z,51.1,,simulation_historical
5471,22426,Gabriel,Poirier,Ventes,CDI,Voile,Voile,2025-12-02,2025-12-02T09:07:30.913Z,2025-12-02T11:56:29.913Z,169.0,,simulation_historical
5472,22426,Gabriel,Poirier,Ventes,CDI,Voile,Voile,2026-06-15,2026-06-15T17:55:30.913Z,2026-06-15T20:45:42.913Z,170.2,,simulation_historical
5473,22426,Gabriel,Poirier,Ventes,CDI,Voile,Voile,2026-09-02,2026-09-02T16:15:30.913Z,2026-09-02T17:32:44.913Z,77.2,,simulation_historical
5474,22426,Gabriel,Poirier,Ventes,CDI,Voile,Voile,2026-02-04,2026-02-04T05:51:30.913Z,2026-02-04T06:30:23.913Z,38.9,,simulation_historical
5475,22426,Gabriel,Poirier,Ventes,CDI,Voile,Voile,2026-02-18,2026-02-18T18:13:30.913Z,2026-02-18T19:11:30.913Z,58.0,,simulation_historical
5476,22426,Gabriel,Poirier,Ventes,CDI,Voile,Voile,2025-10-27,2025-10-27T06:29:30.913Z,2025-10-27T07:58:29.913Z,89.0,,simulation_historical
5477,22426,Gabriel,Poirier,Ventes,CDI,Voile,Voile,2025-10-14,2025-10-14T10:59:30.913Z,2025-10-14T13:15:02.913Z,135.5,,simulation_historical
5478,22426,Gabriel,Poirier,Ventes,CDI,Voile,Voile,2026-03-07,2026-03-07T13:16:30.913Z,2026-03-07T15:47:21.913Z,150.9,,simulation_historical
5479,22426,Gabriel,Poirier,Ventes,CDI,Voile,Voile,2025-11-22,2025-11-22T03:10:30.913Z,2025-11-22T05:48:50.913Z,158.3,,simulation_historical
5480,22426,Gabriel,Poirier,Ventes,CDI,Voile,Voile,2025-09-27,2025-09-27T02:10:30.913Z,2025-09-27T02:40:32.913Z,30.0,,simulation_historical
5481,22426,Gabriel,Poirier,Ventes,CDI,Voile,Voile,2026-03-15,2026-03-15T16:47:30.913Z,2026-03-15T19:34:06.913Z,166.6,,simulation_historical
5482,23842,Jules,Schneider,Ventes,CDI,Voile,Voile,2025-10-25,2025-10-25T13:38:30.913Z,2025-10-25T15:06:17.913Z,87.8,,simulation_historical
5483,23842,Jules,Schneider,Ventes,CDI,Voile,Voile,2025-10-14,2025-10-14T18:22:30.913Z,2025-10-14T19:27:55.913Z,65.4,,simulation_historical
5484,23842,Jules,Schneider,Ventes,CDI,Voile,Voile,2025-10-19,2025-10-19T20:42:30.913Z,2025-10-19T23:36:17.913Z,173.8,,simulation_historical
5485,23842,Jules,Schneider,Ventes,CDI,Voile,Voile,2025-10-20,2025-10-20T18:03:30.913Z,2025-10-20T20:12:37.913Z,129.1,,simulation_historical
5486,23842,Jules,Schneider,Ventes,CDI,Voile,Voile,2026-03-31,2026-03-31T02:38:30.913Z,2026-03-31T03:01:22.913Z,22.9,,simulation_historical
5487,23842,Jules,Schneider,Ventes,CDI,Voile,Voile,2026-07-28,2026-07-28T07:30:30.913Z,2026-07-28T10:09:56.913Z,159.4,,simulation_historical
5488,23842,Jules,Schneider,Ventes,CDI,Voile,Voile,2025-12-24,2025-12-24T22:07:30.913Z,2025-12-25T01:04:34.913Z,177.1,,simulation_historical
5489,23842,Jules,Schneider,Ventes,CDI,Voile,Voile,2026-05-26,2026-05-26T01:21:30.913Z,2026-05-26T03:28:18.913Z,126.8,,simulation_historical
5490,23842,Jules,Schneider,Ventes,CDI,Voile,Voile,2026-01-21,2026-01-21T18:07:30.913Z,2026-01-21T20:44:09.913Z,156.7,,simulation_historical
5491,23842,Jules,Schneider,Ventes,CDI,Voile,Voile,2026-07-01,2026-07-01T04:43:30.913Z,2026-07-01T07:15:19.913Z,151.8,,simulation_historical
5492,23842,Jules,Schneider,Ventes,CDI,Voile,Voile,2026-07-25,2026-07-25T06:18:30.913Z,2026-07-25T07:01:56.913Z,43.4,,simulation_historical
5493,23842,Jules,Schneider,Ventes,CDI,Voile,Voile,2026-07-18,2026-07-18T16:35:30.913Z,2026-07-18T18:30:37.913Z,115.1,,simulation_historical
5494,23842,Jules,Schneider,Ventes,CDI,Voile,Voile,2026-04-10,2026-04-10T05:15:30.913Z,2026-04-10T06:31:59.913Z,76.5,,simulation_historical
5495,23842,Jules,Schneider,Ventes,CDI,Voile,Voile,2025-12-24,2025-12-24T00:22:30.913Z,2025-12-24T02:52:31.913Z,150.0,,simulation_historical
5496,23842,Jules,Schneider,Ventes,CDI,Voile,Voile,2026-07-29,2026-07-29T00:58:30.913Z,2026-07-29T03:22:02.913Z,143.5,,simulation_historical
5497,23842,Jules,Schneider,Ventes,CDI,Voile,Voile,2026-04-06,2026-04-06T13:25:30.913Z,2026-04-06T13:57:42.913Z,32.2,,simulation_historical
5498,23842,Jules,Schneider,Ventes,CDI,Voile,Voile,2025-09-18,2025-09-18T12:43:30.913Z,2025-09-18T14:37:10.913Z,113.7,,simulation_historical
5499,23842,Jules,Schneider,Ventes,CDI,Voile,Voile,2025-10-20,2025-10-20T12:01:30.913Z,2025-10-20T13:06:22.913Z,64.9,,simulation_historical
5500,23842,Jules,Schneider,Ventes,CDI,Voile,Voile,2026-05-14,2026-05-14T23:33:30.913Z,2026-05-15T02:24:12.913Z,170.7,,simulation_historical
5501,23842,Jules,Schneider,Ventes,CDI,Voile,Voile,2026-06-27,2026-06-27T05:09:30.913Z,2026-06-27T07:25:55.913Z,136.4,,simulation_historical
5502,23842,Jules,Schneider,Ventes,CDI,Voile,Voile,2026-01-23,2026-01-23T07:53:30.913Z,2026-01-23T10:04:06.913Z,130.6,,simulation_historical
5503,23842,Jules,Schneider,Ventes,CDI,Voile,Voile,2025-10-29,2025-10-29T10:33:30.913Z,2025-10-29T12:51:30.913Z,138.0,,simulation_historical
5504,23842,Jules,Schneider,Ventes,CDI,Voile,Voile,2026-02-26,2026-02-26T14:57:30.913Z,2026-02-26T16:11:22.913Z,73.9,,simulation_historical
5505,23842,Jules,Schneider,Ventes,CDI,Voile,Voile,2026-01-28,2026-01-28T21:17:30.913Z,2026-01-28T23:23:40.913Z,126.2,,simulation_historical
5506,23842,Jules,Schneider,Ventes,CDI,Voile,Voile,2026-09-13,2026-09-13T17:31:30.913Z,2026-09-13T18:47:41.913Z,76.2,,simulation_historical
5507,23842,Jules,Schneider,Ventes,CDI,Voile,Voile,2026-04-26,2026-04-26T16:53:30.913Z,2026-04-26T17:30:35.913Z,37.1,,simulation_historical
5508,23842,Jules,Schneider,Ventes,CDI,Voile,Voile,2025-11-25,2025-11-25T11:53:30.913Z,2025-11-25T14:40:06.913Z,166.6,,simulation_historical
5509,23842,Jules,Schneider,Ventes,CDI,Voile,Voile,2026-06-13,2026-06-13T04:24:30.913Z,2026-06-13T05:38:18.913Z,73.8,,simulation_historical
5510,23842,Jules,Schneider,Ventes,CDI,Voile,Voile,2026-01-25,2026-01-25T12:28:30.913Z,2026-01-25T15:02:09.913Z,153.7,,simulation_historical
5511,23842,Jules,Schneider,Ventes,CDI,Voile,Voile,2025-12-19,2025-12-19T19:24:30.913Z,2025-12-19T21:30:37.913Z,126.1,,simulation_historical
5512,23842,Jules,Schneider,Ventes,CDI,Voile,Voile,2025-11-08,2025-11-08T03:07:30.913Z,2025-11-08T03:58:41.913Z,51.2,,simulation_historical
5513,23842,Jules,Schneider,Ventes,CDI,Voile,Voile,2026-03-22,2026-03-22T03:50:30.913Z,2026-03-22T06:15:31.913Z,145.0,,simulation_historical
5514,23842,Jules,Schneider,Ventes,CDI,Voile,Voile,2025-11-04,2025-11-04T09:52:30.913Z,2025-11-04T11:33:43.913Z,101.2,,simulation_historical
5515,23842,Jules,Schneider,Ventes,CDI,Voile,Voile,2025-11-05,2025-11-05T21:39:30.913Z,2025-11-05T22:36:04.913Z,56.6,,simulation_historical
5516,23842,Jules,Schneider,Ventes,CDI,Voile,Voile,2026-04-09,2026-04-09T12:29:30.913Z,2026-04-09T14:12:53.913Z,103.4,,simulation_historical
5517,23842,Jules,Schneider,Ventes,CDI,Voile,Voile,2026-07-19,2026-07-19T10:21:30.913Z,2026-07-19T11:20:06.913Z,58.6,,simulation_historical
5518,23842,Jules,Schneider,Ventes,CDI,Voile,Voile,2025-12-29,2025-12-29T03:18:30.913Z,2025-12-29T04:16:08.913Z,57.6,,simulation_historical
5519,23842,Jules,Schneider,Ventes,CDI,Voile,Voile,2025-11-26,2025-11-26T03:17:30.913Z,2025-11-26T04:28:13.913Z,70.7,,simulation_historical
5520,23842,Jules,Schneider,Ventes,CDI,Voile,Voile,2026-01-09,2026-01-09T19:10:30.913Z,2026-01-09T20:17:48.913Z,67.3,,simulation_historical
5521,23842,Jules,Schneider,Ventes,CDI,Voile,Voile,2025-12-06,2025-12-06T10:13:30.913Z,2025-12-06T11:52:22.913Z,98.9,,simulation_historical
5522,23842,Jules,Schneider,Ventes,CDI,Voile,Voile,2026-07-07,2026-07-07T10:24:30.913Z,2026-07-07T12:47:39.913Z,143.2,,simulation_historical
5523,23842,Jules,Schneider,Ventes,CDI,Voile,Voile,2025-11-03,2025-11-03T13:49:30.913Z,2025-11-03T15:47:32.913Z,118.0,,simulation_historical
5524,23842,Jules,Schneider,Ventes,CDI,Voile,Voile,2026-09-12,2026-09-12T00:36:30.913Z,2026-09-12T01:49:46.913Z,73.3,,simulation_historical
5525,25701,Eugénie,Foucher,Finance,CDI,Running,Runing,2025-12-02,2025-12-02T23:03:30.913Z,2025-12-03T01:38:39.913Z,155.2,14.41,simulation_historical
5526,25701,Eugénie,Foucher,Finance,CDI,Running,Runing,2025-10-01,2025-10-01T00:18:30.913Z,2025-10-01T02:39:42.913Z,141.2,17.01,simulation_historical
5527,25701,Eugénie,Foucher,Finance,CDI,Running,Runing,2026-06-23,2026-06-23T13:08:30.913Z,2026-06-23T13:36:55.913Z,28.4,27.08,simulation_historical
5528,25701,Eugénie,Foucher,Finance,CDI,Running,Runing,2026-05-27,2026-05-27T06:42:30.913Z,2026-05-27T08:17:33.913Z,95.1,8.37,simulation_historical
5529,25701,Eugénie,Foucher,Finance,CDI,Running,Runing,2025-12-15,2025-12-15T06:34:30.913Z,2025-12-15T08:59:22.913Z,144.9,19.54,simulation_historical
5530,25701,Eugénie,Foucher,Finance,CDI,Running,Runing,2026-01-05,2026-01-05T22:12:30.913Z,2026-01-05T23:03:24.913Z,50.9,19.77,simulation_historical
5531,25701,Eugénie,Foucher,Finance,CDI,Running,Runing,2026-07-20,2026-07-20T06:55:30.913Z,2026-07-20T09:43:48.913Z,168.3,27.98,simulation_historical
5532,25701,Eugénie,Foucher,Finance,CDI,Running,Runing,2026-03-12,2026-03-12T21:52:30.913Z,2026-03-12T22:23:51.913Z,31.4,25.9,simulation_historical
5533,25701,Eugénie,Foucher,Finance,CDI,Running,Runing,2026-02-02,2026-02-02T22:31:30.913Z,2026-02-03T00:47:35.913Z,136.1,4.36,simulation_historical
5534,25701,Eugénie,Foucher,Finance,CDI,Running,Runing,2025-10-17,2025-10-17T08:25:30.913Z,2025-10-17T08:54:18.913Z,28.8,15.74,simulation_historical
5535,25701,Eugénie,Foucher,Finance,CDI,Running,Runing,2026-05-05,2026-05-05T03:49:30.913Z,2026-05-05T04:33:15.913Z,43.8,15.39,simulation_historical
5536,25701,Eugénie,Foucher,Finance,CDI,Running,Runing,2026-07-18,2026-07-18T08:31:30.913Z,2026-07-18T10:27:14.913Z,115.7,29.21,simulation_historical
5537,25701,Eugénie,Foucher,Finance,CDI,Running,Runing,2025-09-17,2025-09-17T20:04:30.913Z,2025-09-17T22:21:25.913Z,136.9,6.44,simulation_historical
5538,25701,Eugénie,Foucher,Finance,CDI,Running,Runing,2025-11-05,2025-11-05T10:54:30.913Z,2025-11-05T12:10:55.913Z,76.4,27.66,simulation_historical
5539,25701,Eugénie,Foucher,Finance,CDI,Running,Runing,2026-06-03,2026-06-03T14:08:30.913Z,2026-06-03T16:04:17.913Z,115.8,18.44,simulation_historical
5540,25701,Eugénie,Foucher,Finance,CDI,Running,Runing,2026-04-25,2026-04-25T20:10:30.913Z,2026-04-25T21:16:28.913Z,66.0,11.61,simulation_historical
5541,25701,Eugénie,Foucher,Finance,CDI,Running,Runing,2025-09-21,2025-09-21T06:26:30.913Z,2025-09-21T09:22:53.913Z,176.4,9.76,simulation_historical
5542,25701,Eugénie,Foucher,Finance,CDI,Running,Runing,2025-12-26,2025-12-26T17:52:30.913Z,2025-12-26T18:38:30.913Z,46.0,5.44,simulation_historical
5543,25701,Eugénie,Foucher,Finance,CDI,Running,Runing,2026-02-18,2026-02-18T14:27:30.913Z,2026-02-18T15:22:08.913Z,54.6,23.98,simulation_historical
5544,25701,Eugénie,Foucher,Finance,CDI,Running,Runing,2026-07-11,2026-07-11T08:35:30.913Z,2026-07-11T10:23:27.913Z,108.0,28.15,simulation_historical
5545,25701,Eugénie,Foucher,Finance,CDI,Running,Runing,2026-05-12,2026-05-12T18:19:30.913Z,2026-05-12T20:53:09.913Z,153.7,5.66,simulation_historical
5546,25701,Eugénie,Foucher,Finance,CDI,Running,Runing,2025-11-24,2025-11-24T19:27:30.913Z,2025-11-24T21:40:36.913Z,133.1,13.29,simulation_historical
5547,25701,Eugénie,Foucher,Finance,CDI,Running,Runing,2026-01-28,2026-01-28T13:04:30.913Z,2026-01-28T13:49:55.913Z,45.4,14.2,simulation_historical
5548,25701,Eugénie,Foucher,Finance,CDI,Running,Runing,2025-12-26,2025-12-26T16:27:30.913Z,2025-12-26T18:28:16.913Z,120.8,15.9,simulation_historical
5549,25701,Eugénie,Foucher,Finance,CDI,Running,Runing,2026-01-10,2026-01-10T05:07:30.913Z,2026-01-10T05:28:10.913Z,20.7,29.47,simulation_historical
5550,25701,Eugénie,Foucher,Finance,CDI,Running,Runing,2026-07-30,2026-07-30T16:15:30.913Z,2026-07-30T18:13:19.913Z,117.8,28.86,simulation_historical
5551,25701,Eugénie,Foucher,Finance,CDI,Running,Runing,2026-08-14,2026-08-14T22:19:30.913Z,2026-08-14T23:38:58.913Z,79.5,15.08,simulation_historical
5552,25701,Eugénie,Foucher,Finance,CDI,Running,Runing,2026-05-31,2026-05-31T00:27:30.913Z,2026-05-31T02:15:39.913Z,108.2,28.14,simulation_historical
5553,25701,Eugénie,Foucher,Finance,CDI,Running,Runing,2026-04-24,2026-04-24T05:09:30.913Z,2026-04-24T08:07:18.913Z,177.8,5.28,simulation_historical
5554,27069,Philippe,Delahaye,Support,CDI,Running,Runing,2026-01-11,2026-01-11T04:47:30.913Z,2026-01-11T05:20:43.913Z,33.2,2.51,simulation_historical
5555,27069,Philippe,Delahaye,Support,CDI,Running,Runing,2026-07-27,2026-07-27T18:54:30.913Z,2026-07-27T21:19:59.913Z,145.5,1.53,simulation_historical
5556,27069,Philippe,Delahaye,Support,CDI,Running,Runing,2026-07-15,2026-07-15T10:16:30.913Z,2026-07-15T12:41:09.913Z,144.7,1.02,simulation_historical
5557,27069,Philippe,Delahaye,Support,CDI,Running,Runing,2026-02-09,2026-02-09T09:00:30.913Z,2026-02-09T09:56:31.913Z,56.0,29.91,simulation_historical
5558,27069,Philippe,Delahaye,Support,CDI,Running,Runing,2025-10-19,2025-10-19T06:34:30.913Z,2025-10-19T08:09:19.913Z,94.8,4.06,simulation_historical
5559,27069,Philippe,Delahaye,Support,CDI,Running,Runing,2025-10-16,2025-10-16T04:28:30.913Z,2025-10-16T05:11:00.913Z,42.5,13.18,simulation_historical
5560,27069,Philippe,Delahaye,Support,CDI,Running,Runing,2025-10-10,2025-10-10T19:34:30.913Z,2025-10-10T20:08:38.913Z,34.1,13.99,simulation_historical
5561,27069,Philippe,Delahaye,Support,CDI,Running,Runing,2025-10-31,2025-10-31T05:58:30.913Z,2025-10-31T07:22:26.913Z,83.9,15.07,simulation_historical
5562,27069,Philippe,Delahaye,Support,CDI,Running,Runing,2025-10-16,2025-10-16T12:59:30.913Z,2025-10-16T13:45:29.913Z,46.0,1.04,simulation_historical
5563,27069,Philippe,Delahaye,Support,CDI,Running,Runing,2026-05-30,2026-05-30T00:40:30.913Z,2026-05-30T01:36:44.913Z,56.2,20.45,simulation_historical
5564,27069,Philippe,Delahaye,Support,CDI,Running,Runing,2026-05-23,2026-05-23T23:01:30.913Z,2026-05-24T01:23:01.913Z,141.5,1.3,simulation_historical
5565,27069,Philippe,Delahaye,Support,CDI,Running,Runing,2026-09-11,2026-09-11T17:23:30.913Z,2026-09-11T18:16:25.913Z,52.9,29.19,simulation_historical
5566,27069,Philippe,Delahaye,Support,CDI,Running,Runing,2026-02-11,2026-02-11T17:36:30.913Z,2026-02-11T20:06:56.913Z,150.4,3.32,simulation_historical
5567,27069,Philippe,Delahaye,Support,CDI,Running,Runing,2026-05-22,2026-05-22T03:39:30.913Z,2026-05-22T04:27:28.913Z,48.0,4.38,simulation_historical
5568,27069,Philippe,Delahaye,Support,CDI,Running,Runing,2026-04-09,2026-04-09T03:48:30.913Z,2026-04-09T05:30:12.913Z,101.7,5.49,simulation_historical
5569,27069,Philippe,Delahaye,Support,CDI,Running,Runing,2026-03-05,2026-03-05T11:03:30.913Z,2026-03-05T12:02:30.913Z,59.0,3.24,simulation_historical
5570,27069,Philippe,Delahaye,Support,CDI,Running,Runing,2025-12-18,2025-12-18T21:44:30.913Z,2025-12-18T22:49:18.913Z,64.8,15.42,simulation_historical
5571,27069,Philippe,Delahaye,Support,CDI,Running,Runing,2026-03-20,2026-03-20T16:31:30.913Z,2026-03-20T17:32:50.913Z,61.3,14.49,simulation_historical
5572,27069,Philippe,Delahaye,Support,CDI,Running,Runing,2025-11-04,2025-11-04T18:16:30.913Z,2025-11-04T19:35:49.913Z,79.3,3.84,simulation_historical
5573,27069,Philippe,Delahaye,Support,CDI,Running,Runing,2026-07-27,2026-07-27T10:56:30.913Z,2026-07-27T11:50:07.913Z,53.6,20.32,simulation_historical
5574,27069,Philippe,Delahaye,Support,CDI,Running,Runing,2026-03-04,2026-03-04T04:17:30.913Z,2026-03-04T06:03:22.913Z,105.9,26.92,simulation_historical
5575,27069,Philippe,Delahaye,Support,CDI,Running,Runing,2026-07-07,2026-07-07T08:27:30.913Z,2026-07-07T09:10:30.913Z,43.0,9.13,simulation_historical
5576,27069,Philippe,Delahaye,Support,CDI,Running,Runing,2025-12-06,2025-12-06T20:06:30.913Z,2025-12-06T21:44:18.913Z,97.8,26.53,simulation_historical
5577,27069,Philippe,Delahaye,Support,CDI,Running,Runing,2025-09-28,2025-09-28T14:50:30.913Z,2025-09-28T16:32:52.913Z,102.4,7.73,simulation_historical
5578,27069,Philippe,Delahaye,Support,CDI,Running,Runing,2025-12-24,2025-12-24T20:12:30.913Z,2025-12-24T21:24:00.913Z,71.5,25.51,simulation_historical
5579,27069,Philippe,Delahaye,Support,CDI,Running,Runing,2026-02-28,2026-02-28T06:03:30.913Z,2026-02-28T06:38:24.913Z,34.9,26.68,simulation_historical
5580,27069,Philippe,Delahaye,Support,CDI,Running,Runing,2026-05-17,2026-05-17T00:20:30.913Z,2026-05-17T01:11:17.913Z,50.8,8.9,simulation_historical
5581,27069,Philippe,Delahaye,Support,CDI,Running,Runing,2026-01-03,2026-01-03T19:06:30.913Z,2026-01-03T19:45:53.913Z,39.4,18.31,simulation_historical
5582,27069,Philippe,Delahaye,Support,CDI,Running,Runing,2026-09-10,2026-09-10T03:45:30.913Z,2026-09-10T05:31:55.913Z,106.4,5.32,simulation_historical
5583,27069,Philippe,Delahaye,Support,CDI,Running,Runing,2026-03-01,2026-03-01T21:18:30.913Z,2026-03-01T23:18:16.913Z,119.8,18.9,simulation_historical
5584,27069,Philippe,Delahaye,Support,CDI,Running,Runing,2025-10-02,2025-10-02T09:56:30.913Z,2025-10-02T12:25:07.913Z,148.6,26.24,simulation_historical
5585,27069,Philippe,Delahaye,Support,CDI,Running,Runing,2026-08-10,2026-08-10T15:07:30.913Z,2026-08-10T15:45:56.913Z,38.4,1.45,simulation_historical
5586,27069,Philippe,Delahaye,Support,CDI,Running,Runing,2026-05-05,2026-05-05T09:42:30.913Z,2026-05-05T10:19:00.913Z,36.5,26.86,simulation_historical
5587,27069,Philippe,Delahaye,Support,CDI,Running,Runing,2026-02-24,2026-02-24T23:26:30.913Z,2026-02-25T02:03:19.913Z,156.8,26.14,simulation_historical
5588,27069,Philippe,Delahaye,Support,CDI,Running,Runing,2026-02-16,2026-02-16T02:00:30.913Z,2026-02-16T04:10:20.913Z,129.8,3.7,simulation_historical
5589,27069,Philippe,Delahaye,Support,CDI,Running,Runing,2025-10-23,2025-10-23T22:10:30.913Z,2025-10-23T23:12:11.913Z,61.7,10.09,simulation_historical
5590,27069,Philippe,Delahaye,Support,CDI,Running,Runing,2026-08-05,2026-08-05T06:39:30.913Z,2026-08-05T09:19:07.913Z,159.6,7.66,simulation_historical
5591,27069,Philippe,Delahaye,Support,CDI,Running,Runing,2026-06-28,2026-06-28T22:24:30.913Z,2026-06-29T00:31:11.913Z,126.7,20.22,simulation_historical
5592,27069,Philippe,Delahaye,Support,CDI,Running,Runing,2025-10-26,2025-10-26T19:01:30.913Z,2025-10-26T19:39:33.913Z,38.1,11.16,simulation_historical
5593,27069,Philippe,Delahaye,Support,CDI,Running,Runing,2025-09-24,2025-09-24T01:58:30.913Z,2025-09-24T03:23:39.913Z,85.2,2.9,simulation_historical
5594,27069,Philippe,Delahaye,Support,CDI,Running,Runing,2026-05-14,2026-05-14T12:45:30.913Z,2026-05-14T15:04:08.913Z,138.6,4.8,simulation_historical
5595,27483,Juliette,Raymond,R&D,CDI,Badminton,Badminton,2025-11-06,2025-11-06T20:41:30.913Z,2025-11-06T22:25:57.913Z,104.5,,simulation_historical
5596,27483,Juliette,Raymond,R&D,CDI,Badminton,Badminton,2025-10-09,2025-10-09T16:02:30.913Z,2025-10-09T17:10:27.913Z,68.0,,simulation_historical
5597,27483,Juliette,Raymond,R&D,CDI,Badminton,Badminton,2026-07-17,2026-07-17T14:59:30.913Z,2026-07-17T15:56:58.913Z,57.5,,simulation_historical
5598,27483,Juliette,Raymond,R&D,CDI,Badminton,Badminton,2025-09-22,2025-09-22T15:34:30.913Z,2025-09-22T18:10:03.913Z,155.6,,simulation_historical
5599,27483,Juliette,Raymond,R&D,CDI,Badminton,Badminton,2026-03-22,2026-03-22T23:11:30.913Z,2026-03-23T00:42:17.913Z,90.8,,simulation_historical
5600,27483,Juliette,Raymond,R&D,CDI,Badminton,Badminton,2026-06-23,2026-06-23T04:36:30.913Z,2026-06-23T06:09:53.913Z,93.4,,simulation_historical
5601,27483,Juliette,Raymond,R&D,CDI,Badminton,Badminton,2026-07-18,2026-07-18T15:23:30.913Z,2026-07-18T17:40:44.913Z,137.2,,simulation_historical
5602,27483,Juliette,Raymond,R&D,CDI,Badminton,Badminton,2026-04-29,2026-04-29T23:40:30.913Z,2026-04-30T01:12:18.913Z,91.8,,simulation_historical
5603,27483,Juliette,Raymond,R&D,CDI,Badminton,Badminton,2025-09-16,2025-09-16T21:04:30.913Z,2025-09-16T21:45:32.913Z,41.0,,simulation_historical
5604,27483,Juliette,Raymond,R&D,CDI,Badminton,Badminton,2026-01-05,2026-01-05T01:12:30.913Z,2026-01-05T03:10:50.913Z,118.3,,simulation_historical
5605,27483,Juliette,Raymond,R&D,CDI,Badminton,Badminton,2026-08-18,2026-08-18T23:50:30.913Z,2026-08-19T02:45:17.913Z,174.8,,simulation_historical
5606,27483,Juliette,Raymond,R&D,CDI,Badminton,Badminton,2026-06-23,2026-06-23T04:34:30.913Z,2026-06-23T06:04:09.913Z,89.7,,simulation_historical
5607,27483,Juliette,Raymond,R&D,CDI,Badminton,Badminton,2026-07-25,2026-07-25T21:01:30.913Z,2026-07-25T21:52:59.913Z,51.5,,simulation_historical
5608,27483,Juliette,Raymond,R&D,CDI,Badminton,Badminton,2026-05-22,2026-05-22T16:12:30.913Z,2026-05-22T16:33:12.913Z,20.7,,simulation_historical
5609,27483,Juliette,Raymond,R&D,CDI,Badminton,Badminton,2026-08-25,2026-08-25T15:29:30.913Z,2026-08-25T16:02:03.913Z,32.6,,simulation_historical
5610,27483,Juliette,Raymond,R&D,CDI,Badminton,Badminton,2026-01-18,2026-01-18T04:20:30.913Z,2026-01-18T05:21:28.913Z,61.0,,simulation_historical
5611,27483,Juliette,Raymond,R&D,CDI,Badminton,Badminton,2026-06-17,2026-06-17T14:09:30.913Z,2026-06-17T16:24:00.913Z,134.5,,simulation_historical
5612,27483,Juliette,Raymond,R&D,CDI,Badminton,Badminton,2026-05-25,2026-05-25T05:29:30.913Z,2026-05-25T07:43:09.913Z,133.7,,simulation_historical
5613,27483,Juliette,Raymond,R&D,CDI,Badminton,Badminton,2026-04-06,2026-04-06T06:52:30.913Z,2026-04-06T07:33:46.913Z,41.3,,simulation_historical
5614,27483,Juliette,Raymond,R&D,CDI,Badminton,Badminton,2025-11-28,2025-11-28T04:37:30.913Z,2025-11-28T07:14:35.913Z,157.1,,simulation_historical
5615,27483,Juliette,Raymond,R&D,CDI,Badminton,Badminton,2025-10-07,2025-10-07T14:33:30.913Z,2025-10-07T15:54:26.913Z,80.9,,simulation_historical
5616,27483,Juliette,Raymond,R&D,CDI,Badminton,Badminton,2025-12-26,2025-12-26T14:19:30.913Z,2025-12-26T14:58:19.913Z,38.8,,simulation_historical
5617,27483,Juliette,Raymond,R&D,CDI,Badminton,Badminton,2026-01-21,2026-01-21T05:55:30.913Z,2026-01-21T07:40:20.913Z,104.8,,simulation_historical
5618,27483,Juliette,Raymond,R&D,CDI,Badminton,Badminton,2026-04-02,2026-04-02T13:09:30.913Z,2026-04-02T15:34:13.913Z,144.7,,simulation_historical
5619,27483,Juliette,Raymond,R&D,CDI,Badminton,Badminton,2026-09-12,2026-09-12T04:32:30.913Z,2026-09-12T06:12:07.913Z,99.6,,simulation_historical
5620,27483,Juliette,Raymond,R&D,CDI,Badminton,Badminton,2025-12-02,2025-12-02T05:57:30.913Z,2025-12-02T07:23:44.913Z,86.2,,simulation_historical
5621,27483,Juliette,Raymond,R&D,CDI,Badminton,Badminton,2026-01-22,2026-01-22T04:07:30.913Z,2026-01-22T06:42:13.913Z,154.7,,simulation_historical
5622,27483,Juliette,Raymond,R&D,CDI,Badminton,Badminton,2026-06-07,2026-06-07T15:47:30.913Z,2026-06-07T18:36:44.913Z,169.2,,simulation_historical
5623,27483,Juliette,Raymond,R&D,CDI,Badminton,Badminton,2026-05-14,2026-05-14T11:44:30.913Z,2026-05-14T13:56:28.913Z,132.0,,simulation_historical
5624,27483,Juliette,Raymond,R&D,CDI,Badminton,Badminton,2026-09-04,2026-09-04T08:10:30.913Z,2026-09-04T10:05:05.913Z,114.6,,simulation_historical
5625,27483,Juliette,Raymond,R&D,CDI,Badminton,Badminton,2025-10-25,2025-10-25T16:48:30.913Z,2025-10-25T17:11:07.913Z,22.6,,simulation_historical
5626,27483,Juliette,Raymond,R&D,CDI,Badminton,Badminton,2026-03-29,2026-03-29T14:56:30.913Z,2026-03-29T16:59:14.913Z,122.7,,simulation_historical
5627,27483,Juliette,Raymond,R&D,CDI,Badminton,Badminton,2026-04-12,2026-04-12T12:31:30.913Z,2026-04-12T15:16:10.913Z,164.7,,simulation_historical
5628,27483,Juliette,Raymond,R&D,CDI,Badminton,Badminton,2026-05-18,2026-05-18T02:13:30.913Z,2026-05-18T02:49:51.913Z,36.4,,simulation_historical
5629,27620,William,Hebert,Ventes,CDI,Marche,,2025-09-17,2025-09-17T07:39:30.913Z,2025-09-17T08:11:29.913Z,32.0,4.79,simulation_historical
5630,27620,William,Hebert,Ventes,CDI,Marche,,2025-12-24,2025-12-24T02:00:30.913Z,2025-12-24T04:02:12.913Z,121.7,8.51,simulation_historical
5631,27620,William,Hebert,Ventes,CDI,Marche,,2026-08-03,2026-08-03T21:38:30.913Z,2026-08-04T00:16:30.913Z,158.0,3.19,simulation_historical
5632,27620,William,Hebert,Ventes,CDI,Marche,,2025-10-25,2025-10-25T03:40:30.913Z,2025-10-25T06:35:33.913Z,175.1,2.02,simulation_historical
5633,27620,William,Hebert,Ventes,CDI,Marche,,2026-02-05,2026-02-05T18:36:30.913Z,2026-02-05T20:01:09.913Z,84.7,5.78,simulation_historical
5634,27620,William,Hebert,Ventes,CDI,Marche,,2026-05-06,2026-05-06T04:45:30.913Z,2026-05-06T06:52:48.913Z,127.3,12.48,simulation_historical
5635,27620,William,Hebert,Ventes,CDI,Marche,,2026-04-02,2026-04-02T05:16:30.913Z,2026-04-02T06:50:45.913Z,94.3,4.83,simulation_historical
5636,27620,William,Hebert,Ventes,CDI,Marche,,2026-08-09,2026-08-09T09:36:30.913Z,2026-08-09T12:36:09.913Z,179.7,2.79,simulation_historical
5637,27620,William,Hebert,Ventes,CDI,Marche,,2026-06-29,2026-06-29T12:34:30.913Z,2026-06-29T14:57:15.913Z,142.8,8.64,simulation_historical
5638,27620,William,Hebert,Ventes,CDI,Marche,,2026-04-09,2026-04-09T02:37:30.913Z,2026-04-09T05:23:50.913Z,166.3,6.87,simulation_historical
5639,27620,William,Hebert,Ventes,CDI,Marche,,2026-06-02,2026-06-02T01:25:30.913Z,2026-06-02T03:52:01.913Z,146.5,5.34,simulation_historical
5640,27620,William,Hebert,Ventes,CDI,Marche,,2026-07-17,2026-07-17T13:34:30.913Z,2026-07-17T15:17:34.913Z,103.1,14.54,simulation_historical
5641,27620,William,Hebert,Ventes,CDI,Marche,,2025-09-20,2025-09-20T17:06:30.913Z,2025-09-20T17:37:30.913Z,31.0,4.52,simulation_historical
5642,27620,William,Hebert,Ventes,CDI,Marche,,2026-04-02,2026-04-02T11:39:30.913Z,2026-04-02T13:07:16.913Z,87.8,6.83,simulation_historical
5643,28160,Victor,Humbert,Marketing,CDI,Marche,,2025-12-28,2025-12-28T14:01:30.913Z,2025-12-28T15:43:06.913Z,101.6,5.26,simulation_historical
5644,28160,Victor,Humbert,Marketing,CDI,Marche,,2026-06-19,2026-06-19T15:19:30.913Z,2026-06-19T17:42:58.913Z,143.5,10.11,simulation_historical
5645,28160,Victor,Humbert,Marketing,CDI,Marche,,2025-12-09,2025-12-09T08:38:30.913Z,2025-12-09T11:04:40.913Z,146.2,2.67,simulation_historical
5646,28160,Victor,Humbert,Marketing,CDI,Marche,,2026-07-07,2026-07-07T12:44:30.913Z,2026-07-07T13:21:20.913Z,36.8,14.6,simulation_historical
5647,28160,Victor,Humbert,Marketing,CDI,Marche,,2026-05-26,2026-05-26T11:32:30.913Z,2026-05-26T13:41:53.913Z,129.4,7.1,simulation_historical
5648,28160,Victor,Humbert,Marketing,CDI,Marche,,2025-09-29,2025-09-29T19:03:30.913Z,2025-09-29T19:46:26.913Z,42.9,10.54,simulation_historical
5649,28160,Victor,Humbert,Marketing,CDI,Marche,,2025-11-20,2025-11-20T06:46:30.913Z,2025-11-20T07:26:58.913Z,40.5,1.36,simulation_historical
5650,28160,Victor,Humbert,Marketing,CDI,Marche,,2026-08-14,2026-08-14T08:47:30.913Z,2026-08-14T11:08:35.913Z,141.1,14.26,simulation_historical
5651,28160,Victor,Humbert,Marketing,CDI,Marche,,2026-07-13,2026-07-13T12:47:30.913Z,2026-07-13T14:38:02.913Z,110.5,3.01,simulation_historical
5652,28160,Victor,Humbert,Marketing,CDI,Marche,,2026-08-26,2026-08-26T01:41:30.913Z,2026-08-26T02:47:22.913Z,65.9,10.4,simulation_historical
5653,28160,Victor,Humbert,Marketing,CDI,Marche,,2026-02-06,2026-02-06T16:19:30.913Z,2026-02-06T18:54:58.913Z,155.5,1.48,simulation_historical
5654,28160,Victor,Humbert,Marketing,CDI,Marche,,2026-03-04,2026-03-04T18:17:30.913Z,2026-03-04T19:24:41.913Z,67.2,6.8,simulation_historical
5655,28160,Victor,Humbert,Marketing,CDI,Marche,,2026-05-30,2026-05-30T10:27:30.913Z,2026-05-30T12:03:55.913Z,96.4,8.31,simulation_historical
5656,28160,Victor,Humbert,Marketing,CDI,Marche,,2026-07-02,2026-07-02T14:05:30.913Z,2026-07-02T15:32:36.913Z,87.1,11.61,simulation_historical
5657,28160,Victor,Humbert,Marketing,CDI,Marche,,2026-04-18,2026-04-18T00:18:30.913Z,2026-04-18T03:08:52.913Z,170.4,8.85,simulation_historical
5658,28160,Victor,Humbert,Marketing,CDI,Marche,,2026-08-16,2026-08-16T13:27:30.913Z,2026-08-16T15:32:05.913Z,124.6,3.25,simulation_historical
5659,28160,Victor,Humbert,Marketing,CDI,Marche,,2026-02-14,2026-02-14T09:03:30.913Z,2026-02-14T11:47:04.913Z,163.6,5.08,simulation_historical
5660,28160,Victor,Humbert,Marketing,CDI,Marche,,2025-10-28,2025-10-28T21:54:30.913Z,2025-10-28T22:19:49.913Z,25.3,7.27,simulation_historical
5661,28160,Victor,Humbert,Marketing,CDI,Marche,,2026-03-17,2026-03-17T00:10:30.913Z,2026-03-17T02:42:50.913Z,152.3,6.64,simulation_historical
5662,28160,Victor,Humbert,Marketing,CDI,Marche,,2025-11-30,2025-11-30T23:24:30.913Z,2025-12-01T01:30:33.913Z,126.1,5.43,simulation_historical
5663,28160,Victor,Humbert,Marketing,CDI,Marche,,2026-06-16,2026-06-16T15:24:30.913Z,2026-06-16T16:44:18.913Z,79.8,1.48,simulation_historical
5664,28160,Victor,Humbert,Marketing,CDI,Marche,,2026-04-26,2026-04-26T13:53:30.913Z,2026-04-26T16:22:18.913Z,148.8,9.67,simulation_historical
5665,28160,Victor,Humbert,Marketing,CDI,Marche,,2026-03-16,2026-03-16T21:30:30.913Z,2026-03-16T22:34:05.913Z,63.6,2.64,simulation_historical
5666,28160,Victor,Humbert,Marketing,CDI,Marche,,2026-05-12,2026-05-12T18:29:30.913Z,2026-05-12T20:02:16.913Z,92.8,9.74,simulation_historical
5667,28160,Victor,Humbert,Marketing,CDI,Marche,,2026-08-19,2026-08-19T08:08:30.913Z,2026-08-19T10:14:33.913Z,126.1,6.81,simulation_historical
5668,28160,Victor,Humbert,Marketing,CDI,Marche,,2026-06-20,2026-06-20T10:29:30.913Z,2026-06-20T12:16:20.913Z,106.8,14.21,simulation_historical
5669,28160,Victor,Humbert,Marketing,CDI,Marche,,2025-09-24,2025-09-24T03:46:30.913Z,2025-09-24T04:14:12.913Z,27.7,12.53,simulation_historical
5670,28160,Victor,Humbert,Marketing,CDI,Marche,,2025-09-23,2025-09-23T04:08:30.913Z,2025-09-23T07:02:24.913Z,173.9,3.33,simulation_historical
5671,28160,Victor,Humbert,Marketing,CDI,Marche,,2025-12-02,2025-12-02T08:51:30.913Z,2025-12-02T11:25:54.913Z,154.4,9.88,simulation_historical
5672,28160,Victor,Humbert,Marketing,CDI,Marche,,2026-04-11,2026-04-11T10:13:30.913Z,2026-04-11T10:43:51.913Z,30.4,2.48,simulation_historical
5673,28529,Thibaut,Lefort,Finance,CDI,Marche,,2026-05-19,2026-05-19T20:30:30.913Z,2026-05-19T20:55:56.913Z,25.4,9.63,simulation_historical
5674,28529,Thibaut,Lefort,Finance,CDI,Marche,,2026-01-15,2026-01-15T15:23:30.913Z,2026-01-15T16:38:30.913Z,75.0,14.21,simulation_historical
5675,28529,Thibaut,Lefort,Finance,CDI,Marche,,2026-07-12,2026-07-12T04:59:30.913Z,2026-07-12T06:07:57.913Z,68.5,14.15,simulation_historical
5676,28529,Thibaut,Lefort,Finance,CDI,Marche,,2026-04-04,2026-04-04T14:43:30.913Z,2026-04-04T15:43:50.913Z,60.3,10.61,simulation_historical
5677,28529,Thibaut,Lefort,Finance,CDI,Marche,,2025-09-21,2025-09-21T10:55:30.913Z,2025-09-21T11:45:47.913Z,50.3,14.87,simulation_historical
5678,28529,Thibaut,Lefort,Finance,CDI,Marche,,2025-12-21,2025-12-21T04:40:30.913Z,2025-12-21T06:42:30.913Z,122.0,12.54,simulation_historical
5679,28529,Thibaut,Lefort,Finance,CDI,Marche,,2025-10-12,2025-10-12T03:07:30.913Z,2025-10-12T03:55:05.913Z,47.6,6.51,simulation_historical
5680,28529,Thibaut,Lefort,Finance,CDI,Marche,,2026-04-15,2026-04-15T05:36:30.913Z,2026-04-15T06:39:30.913Z,63.0,13.0,simulation_historical
5681,29200,Joseph,Gosselin,Support,CDI,Marche,,2025-10-24,2025-10-24T00:03:30.913Z,2025-10-24T01:50:08.913Z,106.6,3.85,simulation_historical
5682,29200,Joseph,Gosselin,Support,CDI,Marche,,2025-09-18,2025-09-18T22:00:30.913Z,2025-09-18T23:57:56.913Z,117.4,4.66,simulation_historical
5683,29200,Joseph,Gosselin,Support,CDI,Marche,,2025-10-10,2025-10-10T20:52:30.913Z,2025-10-10T22:00:22.913Z,67.9,7.2,simulation_historical
5684,29200,Joseph,Gosselin,Support,CDI,Marche,,2026-04-11,2026-04-11T16:00:30.913Z,2026-04-11T17:40:55.913Z,100.4,3.09,simulation_historical
5685,29200,Joseph,Gosselin,Support,CDI,Marche,,2026-06-17,2026-06-17T16:44:30.913Z,2026-06-17T19:40:55.913Z,176.4,7.42,simulation_historical
5686,29200,Joseph,Gosselin,Support,CDI,Marche,,2025-11-30,2025-11-30T14:33:30.913Z,2025-11-30T16:20:23.913Z,106.9,14.25,simulation_historical
5687,29200,Joseph,Gosselin,Support,CDI,Marche,,2025-11-07,2025-11-07T08:04:30.913Z,2025-11-07T10:58:55.913Z,174.4,2.71,simulation_historical
5688,29200,Joseph,Gosselin,Support,CDI,Marche,,2026-01-05,2026-01-05T11:23:30.913Z,2026-01-05T12:04:44.913Z,41.2,4.9,simulation_historical
5689,29200,Joseph,Gosselin,Support,CDI,Marche,,2026-03-23,2026-03-23T05:34:30.913Z,2026-03-23T06:18:43.913Z,44.2,14.46,simulation_historical
5690,29200,Joseph,Gosselin,Support,CDI,Marche,,2025-09-18,2025-09-18T18:04:30.913Z,2025-09-18T19:56:10.913Z,111.7,8.32,simulation_historical
5691,29200,Joseph,Gosselin,Support,CDI,Marche,,2026-09-11,2026-09-11T07:31:30.913Z,2026-09-11T08:59:38.913Z,88.1,12.36,simulation_historical
5692,29200,Joseph,Gosselin,Support,CDI,Marche,,2026-08-13,2026-08-13T04:28:30.913Z,2026-08-13T05:18:00.913Z,49.5,12.8,simulation_historical
5693,29200,Joseph,Gosselin,Support,CDI,Marche,,2026-09-16,2026-09-16T14:20:30.913Z,2026-09-16T16:40:09.913Z,139.7,13.0,simulation_historical
5694,29200,Joseph,Gosselin,Support,CDI,Marche,,2026-02-14,2026-02-14T09:48:30.913Z,2026-02-14T12:01:33.913Z,133.1,9.08,simulation_historical
5695,29200,Joseph,Gosselin,Support,CDI,Marche,,2026-03-07,2026-03-07T04:10:30.913Z,2026-03-07T06:12:59.913Z,122.5,2.66,simulation_historical
5696,29200,Joseph,Gosselin,Support,CDI,Marche,,2026-01-13,2026-01-13T21:03:30.913Z,2026-01-13T22:25:05.913Z,81.6,3.66,simulation_historical
5697,29200,Joseph,Gosselin,Support,CDI,Marche,,2026-01-28,2026-01-28T12:53:30.913Z,2026-01-28T13:22:37.913Z,29.1,5.83,simulation_historical
5698,29200,Joseph,Gosselin,Support,CDI,Marche,,2026-09-06,2026-09-06T05:28:30.913Z,2026-09-06T06:17:05.913Z,48.6,2.22,simulation_historical
5699,29200,Joseph,Gosselin,Support,CDI,Marche,,2026-03-25,2026-03-25T09:48:30.913Z,2026-03-25T11:51:01.913Z,122.5,3.64,simulation_historical
5700,29200,Joseph,Gosselin,Support,CDI,Marche,,2026-08-08,2026-08-08T21:47:30.913Z,2026-08-08T22:32:55.913Z,45.4,6.54,simulation_historical
5701,29200,Joseph,Gosselin,Support,CDI,Marche,,2025-11-15,2025-11-15T19:47:30.913Z,2025-11-15T22:19:19.913Z,151.8,12.54,simulation_historical
5702,29200,Joseph,Gosselin,Support,CDI,Marche,,2026-09-01,2026-09-01T02:03:30.913Z,2026-09-01T03:08:33.913Z,65.1,10.95,simulation_historical
5703,29200,Joseph,Gosselin,Support,CDI,Marche,,2026-02-06,2026-02-06T10:41:30.913Z,2026-02-06T11:29:09.913Z,47.7,6.42,simulation_historical
5704,29200,Joseph,Gosselin,Support,CDI,Marche,,2026-06-03,2026-06-03T09:18:30.913Z,2026-06-03T12:09:48.913Z,171.3,12.83,simulation_historical
5705,29200,Joseph,Gosselin,Support,CDI,Marche,,2025-12-14,2025-12-14T07:02:30.913Z,2025-12-14T08:39:22.913Z,96.9,5.87,simulation_historical
5706,29200,Joseph,Gosselin,Support,CDI,Marche,,2026-05-18,2026-05-18T12:41:30.913Z,2026-05-18T14:48:47.913Z,127.3,10.37,simulation_historical
5707,29200,Joseph,Gosselin,Support,CDI,Marche,,2025-12-09,2025-12-09T00:35:30.913Z,2025-12-09T01:10:23.913Z,34.9,6.91,simulation_historical
5708,29200,Joseph,Gosselin,Support,CDI,Marche,,2026-09-15,2026-09-15T02:39:30.913Z,2026-09-15T04:19:55.913Z,100.4,14.5,simulation_historical
5709,29200,Joseph,Gosselin,Support,CDI,Marche,,2025-10-12,2025-10-12T19:06:30.913Z,2025-10-12T21:37:39.913Z,151.2,4.27,simulation_historical
5710,29200,Joseph,Gosselin,Support,CDI,Marche,,2026-07-29,2026-07-29T15:31:30.913Z,2026-07-29T16:38:08.913Z,66.6,11.46,simulation_historical
5711,29200,Joseph,Gosselin,Support,CDI,Marche,,2026-04-20,2026-04-20T13:14:30.913Z,2026-04-20T14:06:02.913Z,51.5,6.05,simulation_historical
5712,29200,Joseph,Gosselin,Support,CDI,Marche,,2026-02-25,2026-02-25T00:13:30.913Z,2026-02-25T01:45:51.913Z,92.4,2.49,simulation_historical
5713,29450,Julie,Lambert,R&D,CDI,Randonnée,Randonnée,2025-12-12,2025-12-12T03:33:30.913Z,2025-12-12T05:34:48.913Z,121.3,14.5,simulation_historical
5714,29450,Julie,Lambert,R&D,CDI,Randonnée,Randonnée,2026-03-11,2026-03-11T10:16:30.913Z,2026-03-11T10:48:41.913Z,32.2,10.63,simulation_historical
5715,29450,Julie,Lambert,R&D,CDI,Randonnée,Randonnée,2026-02-03,2026-02-03T01:28:30.913Z,2026-02-03T02:50:16.913Z,81.8,29.43,simulation_historical
5716,29450,Julie,Lambert,R&D,CDI,Randonnée,Randonnée,2026-05-01,2026-05-01T21:41:30.913Z,2026-05-01T22:42:46.913Z,61.3,26.65,simulation_historical
5717,29450,Julie,Lambert,R&D,CDI,Randonnée,Randonnée,2025-09-24,2025-09-24T18:38:30.913Z,2025-09-24T19:21:54.913Z,43.4,23.89,simulation_historical
5718,29450,Julie,Lambert,R&D,CDI,Randonnée,Randonnée,2026-03-23,2026-03-23T22:18:30.913Z,2026-03-23T23:40:37.913Z,82.1,20.14,simulation_historical
5719,29450,Julie,Lambert,R&D,CDI,Randonnée,Randonnée,2026-08-16,2026-08-16T02:52:30.913Z,2026-08-16T05:35:11.913Z,162.7,15.72,simulation_historical
5720,29450,Julie,Lambert,R&D,CDI,Randonnée,Randonnée,2025-12-15,2025-12-15T17:49:30.913Z,2025-12-15T20:19:09.913Z,149.7,20.77,simulation_historical
5721,29450,Julie,Lambert,R&D,CDI,Randonnée,Randonnée,2026-05-19,2026-05-19T00:25:30.913Z,2026-05-19T01:07:03.913Z,41.6,14.94,simulation_historical
5722,29450,Julie,Lambert,R&D,CDI,Randonnée,Randonnée,2026-08-29,2026-08-29T23:08:30.913Z,2026-08-30T01:49:37.913Z,161.1,28.23,simulation_historical
5723,29450,Julie,Lambert,R&D,CDI,Randonnée,Randonnée,2025-11-27,2025-11-27T18:05:30.913Z,2025-11-27T19:05:45.913Z,60.3,5.94,simulation_historical
5724,29450,Julie,Lambert,R&D,CDI,Randonnée,Randonnée,2026-01-30,2026-01-30T10:34:30.913Z,2026-01-30T11:52:21.913Z,77.9,28.49,simulation_historical
5725,29450,Julie,Lambert,R&D,CDI,Randonnée,Randonnée,2026-06-10,2026-06-10T11:42:30.913Z,2026-06-10T13:58:06.913Z,135.6,4.57,simulation_historical
5726,29450,Julie,Lambert,R&D,CDI,Randonnée,Randonnée,2025-10-02,2025-10-02T02:32:30.913Z,2025-10-02T03:32:52.913Z,60.4,29.33,simulation_historical
5727,29450,Julie,Lambert,R&D,CDI,Randonnée,Randonnée,2025-11-16,2025-11-16T07:24:30.913Z,2025-11-16T08:02:47.913Z,38.3,4.85,simulation_historical
5728,29450,Julie,Lambert,R&D,CDI,Randonnée,Randonnée,2026-03-01,2026-03-01T22:19:30.913Z,2026-03-02T01:10:14.913Z,170.7,12.69,simulation_historical
5729,29450,Julie,Lambert,R&D,CDI,Randonnée,Randonnée,2026-04-27,2026-04-27T23:15:30.913Z,2026-04-27T23:38:52.913Z,23.4,27.77,simulation_historical
5730,29450,Julie,Lambert,R&D,CDI,Randonnée,Randonnée,2025-09-22,2025-09-22T20:07:30.913Z,2025-09-22T22:50:11.913Z,162.7,27.61,simulation_historical
5731,29450,Julie,Lambert,R&D,CDI,Randonnée,Randonnée,2026-02-14,2026-02-14T12:18:30.913Z,2026-02-14T13:19:21.913Z,60.9,6.86,simulation_historical
5732,29450,Julie,Lambert,R&D,CDI,Randonnée,Randonnée,2025-11-29,2025-11-29T21:07:30.913Z,2025-11-29T21:54:51.913Z,47.4,5.46,simulation_historical
5733,29450,Julie,Lambert,R&D,CDI,Randonnée,Randonnée,2025-12-02,2025-12-02T11:54:30.913Z,2025-12-02T13:32:37.913Z,98.1,19.55,simulation_historical
5734,29450,Julie,Lambert,R&D,CDI,Randonnée,Randonnée,2026-03-24,2026-03-24T02:28:30.913Z,2026-03-24T04:33:05.913Z,124.6,23.46,simulation_historical
5735,29450,Julie,Lambert,R&D,CDI,Randonnée,Randonnée,2026-01-10,2026-01-10T21:06:30.913Z,2026-01-10T23:35:40.913Z,149.2,3.23,simulation_historical
5736,29450,Julie,Lambert,R&D,CDI,Randonnée,Randonnée,2026-06-20,2026-06-20T07:19:30.913Z,2026-06-20T08:18:46.913Z,59.3,22.26,simulation_historical
5737,29450,Julie,Lambert,R&D,CDI,Randonnée,Randonnée,2025-11-08,2025-11-08T18:00:30.913Z,2025-11-08T20:10:11.913Z,129.7,3.27,simulation_historical
5738,29450,Julie,Lambert,R&D,CDI,Randonnée,Randonnée,2026-02-26,2026-02-26T05:00:30.913Z,2026-02-26T06:25:22.913Z,84.9,3.62,simulation_historical
5739,29450,Julie,Lambert,R&D,CDI,Randonnée,Randonnée,2026-01-16,2026-01-16T06:47:30.913Z,2026-01-16T08:49:12.913Z,121.7,2.66,simulation_historical
5740,29450,Julie,Lambert,R&D,CDI,Randonnée,Randonnée,2026-03-28,2026-03-28T06:25:30.913Z,2026-03-28T08:02:03.913Z,96.6,29.62,simulation_historical
5741,29450,Julie,Lambert,R&D,CDI,Randonnée,Randonnée,2026-01-07,2026-01-07T17:01:30.913Z,2026-01-07T17:48:19.913Z,46.8,9.47,simulation_historical
5742,29450,Julie,Lambert,R&D,CDI,Randonnée,Randonnée,2026-07-10,2026-07-10T05:57:30.913Z,2026-07-10T08:18:29.913Z,141.0,27.36,simulation_historical
5743,29450,Julie,Lambert,R&D,CDI,Randonnée,Randonnée,2026-04-05,2026-04-05T06:58:30.913Z,2026-04-05T09:12:18.913Z,133.8,21.82,simulation_historical
5744,29450,Julie,Lambert,R&D,CDI,Randonnée,Randonnée,2025-10-21,2025-10-21T13:32:30.913Z,2025-10-21T15:53:07.913Z,140.6,8.93,simulation_historical
5745,29450,Julie,Lambert,R&D,CDI,Randonnée,Randonnée,2026-02-19,2026-02-19T16:13:30.913Z,2026-02-19T18:54:32.913Z,161.0,14.25,simulation_historical
5746,29450,Julie,Lambert,R&D,CDI,Randonnée,Randonnée,2026-08-18,2026-08-18T22:54:30.913Z,2026-08-18T23:57:54.913Z,63.4,4.15,simulation_historical
5747,29450,Julie,Lambert,R&D,CDI,Randonnée,Randonnée,2026-04-09,2026-04-09T17:12:30.913Z,2026-04-09T19:22:39.913Z,130.2,6.44,simulation_historical
5748,29450,Julie,Lambert,R&D,CDI,Randonnée,Randonnée,2025-12-21,2025-12-21T21:43:30.913Z,2025-12-21T22:50:56.913Z,67.4,8.32,simulation_historical
5749,29450,Julie,Lambert,R&D,CDI,Randonnée,Randonnée,2026-06-06,2026-06-06T14:29:30.913Z,2026-06-06T14:58:31.913Z,29.0,16.96,simulation_historical
5750,29450,Julie,Lambert,R&D,CDI,Randonnée,Randonnée,2026-08-22,2026-08-22T03:59:30.913Z,2026-08-22T05:13:52.913Z,74.4,10.98,simulation_historical
5751,29450,Julie,Lambert,R&D,CDI,Randonnée,Randonnée,2026-03-12,2026-03-12T01:12:30.913Z,2026-03-12T03:20:53.913Z,128.4,22.82,simulation_historical
5752,29450,Julie,Lambert,R&D,CDI,Randonnée,Randonnée,2026-07-14,2026-07-14T18:43:30.913Z,2026-07-14T20:09:33.913Z,86.1,14.2,simulation_historical
5753,29450,Julie,Lambert,R&D,CDI,Randonnée,Randonnée,2026-01-08,2026-01-08T20:16:30.913Z,2026-01-08T21:24:59.913Z,68.5,17.55,simulation_historical
5754,29450,Julie,Lambert,R&D,CDI,Randonnée,Randonnée,2025-11-19,2025-11-19T22:22:30.913Z,2025-11-20T00:16:30.913Z,114.0,7.36,simulation_historical
5755,29450,Julie,Lambert,R&D,CDI,Randonnée,Randonnée,2026-05-06,2026-05-06T15:51:30.913Z,2026-05-06T16:36:10.913Z,44.7,11.34,simulation_historical
5756,29450,Julie,Lambert,R&D,CDI,Randonnée,Randonnée,2026-09-02,2026-09-02T03:41:30.913Z,2026-09-02T04:45:59.913Z,64.5,29.98,simulation_historical
5757,29450,Julie,Lambert,R&D,CDI,Randonnée,Randonnée,2025-11-28,2025-11-28T08:50:30.913Z,2025-11-28T10:10:56.913Z,80.4,23.21,simulation_historical
5758,29450,Julie,Lambert,R&D,CDI,Randonnée,Randonnée,2026-05-23,2026-05-23T18:31:30.913Z,2026-05-23T20:04:58.913Z,93.5,23.35,simulation_historical
5759,29456,Capucine,Gosselin,Ventes,CDI,Marche,,2025-12-28,2025-12-28T14:49:30.913Z,2025-12-28T15:11:55.913Z,22.4,8.77,simulation_historical
5760,29456,Capucine,Gosselin,Ventes,CDI,Marche,,2026-07-10,2026-07-10T19:33:30.913Z,2026-07-10T19:55:48.913Z,22.3,4.67,simulation_historical
5761,29456,Capucine,Gosselin,Ventes,CDI,Marche,,2026-05-09,2026-05-09T19:53:30.913Z,2026-05-09T21:36:54.913Z,103.4,12.68,simulation_historical
5762,29456,Capucine,Gosselin,Ventes,CDI,Marche,,2025-09-17,2025-09-17T19:27:30.913Z,2025-09-17T21:43:13.913Z,135.7,7.17,simulation_historical
5763,29456,Capucine,Gosselin,Ventes,CDI,Marche,,2026-03-22,2026-03-22T01:28:30.913Z,2026-03-22T02:48:05.913Z,79.6,8.65,simulation_historical
5764,29456,Capucine,Gosselin,Ventes,CDI,Marche,,2026-04-14,2026-04-14T18:11:30.913Z,2026-04-14T20:19:56.913Z,128.4,10.58,simulation_historical
5765,29456,Capucine,Gosselin,Ventes,CDI,Marche,,2026-07-26,2026-07-26T15:12:30.913Z,2026-07-26T17:14:41.913Z,122.2,10.2,simulation_historical
5766,29456,Capucine,Gosselin,Ventes,CDI,Marche,,2025-10-19,2025-10-19T20:06:30.913Z,2025-10-19T21:43:41.913Z,97.2,5.89,simulation_historical
5767,29456,Capucine,Gosselin,Ventes,CDI,Marche,,2025-10-01,2025-10-01T12:14:30.913Z,2025-10-01T12:51:55.913Z,37.4,6.51,simulation_historical
5768,29456,Capucine,Gosselin,Ventes,CDI,Marche,,2026-04-27,2026-04-27T19:24:30.913Z,2026-04-27T21:00:06.913Z,95.6,5.28,simulation_historical
5769,29456,Capucine,Gosselin,Ventes,CDI,Marche,,2025-10-15,2025-10-15T16:47:30.913Z,2025-10-15T18:29:05.913Z,101.6,4.09,simulation_historical
5770,29456,Capucine,Gosselin,Ventes,CDI,Marche,,2026-07-01,2026-07-01T22:56:30.913Z,2026-07-02T00:22:07.913Z,85.6,1.93,simulation_historical
5771,29456,Capucine,Gosselin,Ventes,CDI,Marche,,2025-11-13,2025-11-13T03:02:30.913Z,2025-11-13T04:49:46.913Z,107.3,12.15,simulation_historical
5772,29456,Capucine,Gosselin,Ventes,CDI,Marche,,2026-07-06,2026-07-06T16:43:30.913Z,2026-07-06T19:19:18.913Z,155.8,5.84,simulation_historical
5773,29456,Capucine,Gosselin,Ventes,CDI,Marche,,2026-05-07,2026-05-07T02:19:30.913Z,2026-05-07T04:25:31.913Z,126.0,13.07,simulation_historical
5774,29456,Capucine,Gosselin,Ventes,CDI,Marche,,2026-08-28,2026-08-28T20:59:30.913Z,2026-08-28T23:55:42.913Z,176.2,14.37,simulation_historical
5775,29456,Capucine,Gosselin,Ventes,CDI,Marche,,2026-06-11,2026-06-11T04:58:30.913Z,2026-06-11T06:19:13.913Z,80.7,12.24,simulation_historical
5776,29456,Capucine,Gosselin,Ventes,CDI,Marche,,2025-12-16,2025-12-16T18:54:30.913Z,2025-12-16T21:24:24.913Z,149.9,12.01,simulation_historical
5777,29456,Capucine,Gosselin,Ventes,CDI,Marche,,2026-03-16,2026-03-16T23:25:30.913Z,2026-03-17T00:31:55.913Z,66.4,14.77,simulation_historical
5778,29456,Capucine,Gosselin,Ventes,CDI,Marche,,2025-10-14,2025-10-14T22:33:30.913Z,2025-10-15T00:13:43.913Z,100.2,2.6,simulation_historical
5779,29456,Capucine,Gosselin,Ventes,CDI,Marche,,2026-01-18,2026-01-18T10:57:30.913Z,2026-01-18T12:28:07.913Z,90.6,12.88,simulation_historical
5780,29456,Capucine,Gosselin,Ventes,CDI,Marche,,2025-12-04,2025-12-04T10:01:30.913Z,2025-12-04T11:53:09.913Z,111.7,11.72,simulation_historical
5781,29456,Capucine,Gosselin,Ventes,CDI,Marche,,2026-08-02,2026-08-02T08:22:30.913Z,2026-08-02T09:43:29.913Z,81.0,13.19,simulation_historical
5782,29456,Capucine,Gosselin,Ventes,CDI,Marche,,2026-04-12,2026-04-12T01:54:30.913Z,2026-04-12T03:44:58.913Z,110.5,7.09,simulation_historical
5783,29456,Capucine,Gosselin,Ventes,CDI,Marche,,2026-05-05,2026-05-05T21:26:30.913Z,2026-05-05T23:53:08.913Z,146.6,14.95,simulation_historical
5784,29456,Capucine,Gosselin,Ventes,CDI,Marche,,2026-07-18,2026-07-18T00:41:30.913Z,2026-07-18T03:40:51.913Z,179.4,10.51,simulation_historical
5785,29456,Capucine,Gosselin,Ventes,CDI,Marche,,2025-11-03,2025-11-03T13:14:30.913Z,2025-11-03T14:27:37.913Z,73.1,9.2,simulation_historical
5786,29456,Capucine,Gosselin,Ventes,CDI,Marche,,2026-07-16,2026-07-16T18:20:30.913Z,2026-07-16T21:05:10.913Z,164.7,5.89,simulation_historical
5787,29456,Capucine,Gosselin,Ventes,CDI,Marche,,2026-02-17,2026-02-17T13:49:30.913Z,2026-02-17T14:50:40.913Z,61.2,3.25,simulation_historical
5788,29456,Capucine,Gosselin,Ventes,CDI,Marche,,2026-06-06,2026-06-06T05:18:30.913Z,2026-06-06T08:13:59.913Z,175.5,8.5,simulation_historical
5789,29456,Capucine,Gosselin,Ventes,CDI,Marche,,2026-07-05,2026-07-05T04:49:30.913Z,2026-07-05T05:58:44.913Z,69.2,13.76,simulation_historical
5790,29793,Marine,Chauvin,Finance,CDI,Running,Runing,2026-01-10,2026-01-10T05:04:30.913Z,2026-01-10T06:12:47.913Z,68.3,11.27,simulation_historical
5791,29793,Marine,Chauvin,Finance,CDI,Running,Runing,2025-10-27,2025-10-27T14:44:30.913Z,2025-10-27T17:07:56.913Z,143.4,9.96,simulation_historical
5792,29793,Marine,Chauvin,Finance,CDI,Running,Runing,2026-06-01,2026-06-01T10:08:30.913Z,2026-06-01T11:11:45.913Z,63.3,17.04,simulation_historical
5793,29793,Marine,Chauvin,Finance,CDI,Running,Runing,2026-08-02,2026-08-02T11:05:30.913Z,2026-08-02T13:23:55.913Z,138.4,21.76,simulation_historical
5794,29793,Marine,Chauvin,Finance,CDI,Running,Runing,2026-02-09,2026-02-09T03:17:30.913Z,2026-02-09T05:47:51.913Z,150.4,13.56,simulation_historical
5795,29793,Marine,Chauvin,Finance,CDI,Running,Runing,2026-09-14,2026-09-14T14:10:30.913Z,2026-09-14T15:24:57.913Z,74.5,24.94,simulation_historical
5796,29793,Marine,Chauvin,Finance,CDI,Running,Runing,2026-03-09,2026-03-09T14:47:30.913Z,2026-03-09T16:35:29.913Z,108.0,25.8,simulation_historical
5797,29793,Marine,Chauvin,Finance,CDI,Running,Runing,2025-12-19,2025-12-19T09:43:30.913Z,2025-12-19T10:04:37.913Z,21.1,21.54,simulation_historical
5798,29793,Marine,Chauvin,Finance,CDI,Running,Runing,2026-05-12,2026-05-12T08:00:30.913Z,2026-05-12T09:54:31.913Z,114.0,11.23,simulation_historical
5799,29793,Marine,Chauvin,Finance,CDI,Running,Runing,2026-07-12,2026-07-12T12:20:30.913Z,2026-07-12T14:57:56.913Z,157.4,20.29,simulation_historical
5800,30256,Odette,Dumas,Ventes,CDI,Marche,,2026-06-23,2026-06-23T12:52:30.913Z,2026-06-23T13:24:59.913Z,32.5,5.89,simulation_historical
5801,30256,Odette,Dumas,Ventes,CDI,Marche,,2026-04-21,2026-04-21T00:58:30.913Z,2026-04-21T03:40:34.913Z,162.1,10.77,simulation_historical
5802,30256,Odette,Dumas,Ventes,CDI,Marche,,2025-12-22,2025-12-22T05:17:30.913Z,2025-12-22T06:14:02.913Z,56.5,6.62,simulation_historical
5803,30256,Odette,Dumas,Ventes,CDI,Marche,,2026-01-09,2026-01-09T03:56:30.913Z,2026-01-09T05:07:57.913Z,71.5,3.7,simulation_historical
5804,30256,Odette,Dumas,Ventes,CDI,Marche,,2026-02-22,2026-02-22T15:30:30.913Z,2026-02-22T16:51:45.913Z,81.3,12.91,simulation_historical
5805,30256,Odette,Dumas,Ventes,CDI,Marche,,2026-07-11,2026-07-11T08:58:30.913Z,2026-07-11T09:24:29.913Z,26.0,10.66,simulation_historical
5806,30256,Odette,Dumas,Ventes,CDI,Marche,,2026-01-01,2026-01-01T10:37:30.913Z,2026-01-01T12:37:36.913Z,120.1,12.65,simulation_historical
5807,30256,Odette,Dumas,Ventes,CDI,Marche,,2025-10-18,2025-10-18T14:20:30.913Z,2025-10-18T15:50:20.913Z,89.8,13.64,simulation_historical
5808,30256,Odette,Dumas,Ventes,CDI,Marche,,2025-12-16,2025-12-16T20:41:30.913Z,2025-12-16T21:14:35.913Z,33.1,11.85,simulation_historical
5809,30256,Odette,Dumas,Ventes,CDI,Marche,,2026-07-22,2026-07-22T18:51:30.913Z,2026-07-22T19:16:53.913Z,25.4,1.79,simulation_historical
5810,30256,Odette,Dumas,Ventes,CDI,Marche,,2025-09-28,2025-09-28T12:18:30.913Z,2025-09-28T14:39:49.913Z,141.3,7.23,simulation_historical
5811,30256,Odette,Dumas,Ventes,CDI,Marche,,2026-07-14,2026-07-14T22:28:30.913Z,2026-07-15T00:58:02.913Z,149.5,12.5,simulation_historical
5812,30256,Odette,Dumas,Ventes,CDI,Marche,,2026-06-30,2026-06-30T09:00:30.913Z,2026-06-30T09:23:02.913Z,22.5,5.93,simulation_historical
5813,30256,Odette,Dumas,Ventes,CDI,Marche,,2026-02-12,2026-02-12T18:38:30.913Z,2026-02-12T21:20:34.913Z,162.1,5.42,simulation_historical
5814,30256,Odette,Dumas,Ventes,CDI,Marche,,2025-11-01,2025-11-01T20:00:30.913Z,2025-11-01T20:57:57.913Z,57.5,7.86,simulation_historical
5815,30256,Odette,Dumas,Ventes,CDI,Marche,,2026-07-24,2026-07-24T22:58:30.913Z,2026-07-24T23:50:38.913Z,52.1,5.63,simulation_historical
5816,30256,Odette,Dumas,Ventes,CDI,Marche,,2026-07-20,2026-07-20T12:13:30.913Z,2026-07-20T13:27:44.913Z,74.2,10.98,simulation_historical
5817,30256,Odette,Dumas,Ventes,CDI,Marche,,2026-06-06,2026-06-06T06:51:30.913Z,2026-06-06T09:34:21.913Z,162.9,4.3,simulation_historical
5818,30256,Odette,Dumas,Ventes,CDI,Marche,,2026-03-16,2026-03-16T17:18:30.913Z,2026-03-16T18:59:09.913Z,100.7,3.63,simulation_historical
5819,30256,Odette,Dumas,Ventes,CDI,Marche,,2026-08-26,2026-08-26T22:13:30.913Z,2026-08-26T23:30:12.913Z,76.7,12.28,simulation_historical
5820,30256,Odette,Dumas,Ventes,CDI,Marche,,2026-01-13,2026-01-13T05:29:30.913Z,2026-01-13T05:50:14.913Z,20.7,1.21,simulation_historical
5821,30256,Odette,Dumas,Ventes,CDI,Marche,,2025-10-08,2025-10-08T12:46:30.913Z,2025-10-08T13:36:39.913Z,50.2,14.68,simulation_historical
5822,30256,Odette,Dumas,Ventes,CDI,Marche,,2025-11-26,2025-11-26T18:13:30.913Z,2025-11-26T19:14:13.913Z,60.7,2.48,simulation_historical
5823,30256,Odette,Dumas,Ventes,CDI,Marche,,2025-12-29,2025-12-29T12:58:30.913Z,2025-12-29T13:46:09.913Z,47.7,5.19,simulation_historical
5824,30351,Julien,Samson,Marketing,CDI,Marche,,2026-05-21,2026-05-21T01:26:30.913Z,2026-05-21T02:58:37.913Z,92.1,8.61,simulation_historical
5825,30351,Julien,Samson,Marketing,CDI,Marche,,2026-08-22,2026-08-22T11:52:30.913Z,2026-08-22T13:00:12.913Z,67.7,1.65,simulation_historical
5826,30351,Julien,Samson,Marketing,CDI,Marche,,2026-04-21,2026-04-21T03:53:30.913Z,2026-04-21T05:38:53.913Z,105.4,7.98,simulation_historical
5827,30351,Julien,Samson,Marketing,CDI,Marche,,2026-07-19,2026-07-19T11:50:30.913Z,2026-07-19T12:23:01.913Z,32.5,1.16,simulation_historical
5828,30351,Julien,Samson,Marketing,CDI,Marche,,2026-07-07,2026-07-07T18:03:30.913Z,2026-07-07T19:10:03.913Z,66.6,6.38,simulation_historical
5829,30351,Julien,Samson,Marketing,CDI,Marche,,2026-03-17,2026-03-17T01:05:30.913Z,2026-03-17T02:38:45.913Z,93.3,13.01,simulation_historical
5830,30351,Julien,Samson,Marketing,CDI,Marche,,2026-07-31,2026-07-31T03:52:30.913Z,2026-07-31T05:46:05.913Z,113.6,4.0,simulation_historical
5831,30351,Julien,Samson,Marketing,CDI,Marche,,2026-07-20,2026-07-20T03:19:30.913Z,2026-07-20T05:44:09.913Z,144.7,5.45,simulation_historical
5832,30351,Julien,Samson,Marketing,CDI,Marche,,2026-03-02,2026-03-02T16:50:30.913Z,2026-03-02T19:21:05.913Z,150.6,14.11,simulation_historical
5833,30351,Julien,Samson,Marketing,CDI,Marche,,2026-02-12,2026-02-12T18:48:30.913Z,2026-02-12T19:54:02.913Z,65.5,2.85,simulation_historical
5834,30351,Julien,Samson,Marketing,CDI,Marche,,2026-07-10,2026-07-10T16:58:30.913Z,2026-07-10T17:34:30.913Z,36.0,14.83,simulation_historical
5835,30351,Julien,Samson,Marketing,CDI,Marche,,2026-06-27,2026-06-27T12:18:30.913Z,2026-06-27T14:50:18.913Z,151.8,14.14,simulation_historical
5836,30351,Julien,Samson,Marketing,CDI,Marche,,2025-11-28,2025-11-28T18:16:30.913Z,2025-11-28T19:25:59.913Z,69.5,11.02,simulation_historical
5837,30351,Julien,Samson,Marketing,CDI,Marche,,2026-03-06,2026-03-06T04:05:30.913Z,2026-03-06T04:33:22.913Z,27.9,12.21,simulation_historical
5838,30351,Julien,Samson,Marketing,CDI,Marche,,2026-07-11,2026-07-11T23:46:30.913Z,2026-07-12T02:19:47.913Z,153.3,2.85,simulation_historical
5839,30351,Julien,Samson,Marketing,CDI,Marche,,2026-02-18,2026-02-18T01:42:30.913Z,2026-02-18T02:19:47.913Z,37.3,5.29,simulation_historical
5840,30351,Julien,Samson,Marketing,CDI,Marche,,2025-10-16,2025-10-16T05:44:30.913Z,2025-10-16T08:27:48.913Z,163.3,13.58,simulation_historical
5841,30351,Julien,Samson,Marketing,CDI,Marche,,2025-11-24,2025-11-24T16:08:30.913Z,2025-11-24T17:29:39.913Z,81.2,11.97,simulation_historical
5842,30351,Julien,Samson,Marketing,CDI,Marche,,2026-03-26,2026-03-26T23:11:30.913Z,2026-03-26T23:57:30.913Z,46.0,8.09,simulation_historical
5843,30351,Julien,Samson,Marketing,CDI,Marche,,2025-10-12,2025-10-12T16:29:30.913Z,2025-10-12T19:01:05.913Z,151.6,6.66,simulation_historical
5844,30351,Julien,Samson,Marketing,CDI,Marche,,2025-10-11,2025-10-11T18:03:30.913Z,2025-10-11T20:08:35.913Z,125.1,3.44,simulation_historical
5845,30351,Julien,Samson,Marketing,CDI,Marche,,2025-12-04,2025-12-04T20:41:30.913Z,2025-12-04T21:04:40.913Z,23.2,11.54,simulation_historical
5846,30351,Julien,Samson,Marketing,CDI,Marche,,2026-06-27,2026-06-27T22:50:30.913Z,2026-06-28T01:18:38.913Z,148.1,14.96,simulation_historical
5847,30351,Julien,Samson,Marketing,CDI,Marche,,2026-01-06,2026-01-06T10:40:30.913Z,2026-01-06T13:14:45.913Z,154.3,6.25,simulation_historical
5848,30351,Julien,Samson,Marketing,CDI,Marche,,2026-05-16,2026-05-16T05:27:30.913Z,2026-05-16T06:01:14.913Z,33.7,9.31,simulation_historical
5849,30351,Julien,Samson,Marketing,CDI,Marche,,2026-05-24,2026-05-24T22:03:30.913Z,2026-05-25T00:06:53.913Z,123.4,7.61,simulation_historical
5850,30351,Julien,Samson,Marketing,CDI,Marche,,2026-05-19,2026-05-19T13:15:30.913Z,2026-05-19T15:36:47.913Z,141.3,14.13,simulation_historical
5851,30351,Julien,Samson,Marketing,CDI,Marche,,2025-11-27,2025-11-27T01:39:30.913Z,2025-11-27T04:15:36.913Z,156.1,8.32,simulation_historical
5852,30351,Julien,Samson,Marketing,CDI,Marche,,2026-04-08,2026-04-08T12:13:30.913Z,2026-04-08T12:38:21.913Z,24.9,2.68,simulation_historical
5853,30351,Julien,Samson,Marketing,CDI,Marche,,2026-02-22,2026-02-22T02:42:30.913Z,2026-02-22T05:34:38.913Z,172.1,10.0,simulation_historical
5854,30351,Julien,Samson,Marketing,CDI,Marche,,2026-09-16,2026-09-16T12:54:30.913Z,2026-09-16T14:37:40.913Z,103.2,9.33,simulation_historical
5855,30351,Julien,Samson,Marketing,CDI,Marche,,2025-12-03,2025-12-03T09:03:30.913Z,2025-12-03T11:28:04.913Z,144.6,6.58,simulation_historical
5856,30351,Julien,Samson,Marketing,CDI,Marche,,2026-03-14,2026-03-14T13:52:30.913Z,2026-03-14T15:13:22.913Z,80.9,14.83,simulation_historical
5857,30351,Julien,Samson,Marketing,CDI,Marche,,2026-01-27,2026-01-27T05:09:30.913Z,2026-01-27T07:38:41.913Z,149.2,12.74,simulation_historical
5858,30351,Julien,Samson,Marketing,CDI,Marche,,2025-10-15,2025-10-15T03:59:30.913Z,2025-10-15T06:23:04.913Z,143.6,2.87,simulation_historical
5859,30351,Julien,Samson,Marketing,CDI,Marche,,2026-07-28,2026-07-28T18:30:30.913Z,2026-07-28T18:51:05.913Z,20.6,6.59,simulation_historical
5860,30351,Julien,Samson,Marketing,CDI,Marche,,2026-03-18,2026-03-18T18:53:30.913Z,2026-03-18T20:33:13.913Z,99.7,9.97,simulation_historical
5861,30351,Julien,Samson,Marketing,CDI,Marche,,2025-12-23,2025-12-23T04:00:30.913Z,2025-12-23T04:49:31.913Z,49.0,1.75,simulation_historical
5862,30351,Julien,Samson,Marketing,CDI,Marche,,2026-06-24,2026-06-24T00:36:30.913Z,2026-06-24T02:48:14.913Z,131.7,2.75,simulation_historical
5863,30351,Julien,Samson,Marketing,CDI,Marche,,2026-05-08,2026-05-08T20:32:30.913Z,2026-05-08T21:43:42.913Z,71.2,2.98,simulation_historical
5864,30351,Julien,Samson,Marketing,CDI,Marche,,2026-02-27,2026-02-27T09:15:30.913Z,2026-02-27T10:27:32.913Z,72.0,12.74,simulation_historical
5865,30351,Julien,Samson,Marketing,CDI,Marche,,2026-03-27,2026-03-27T11:56:30.913Z,2026-03-27T14:09:40.913Z,133.2,1.76,simulation_historical
5866,30351,Julien,Samson,Marketing,CDI,Marche,,2025-10-26,2025-10-26T18:07:30.913Z,2025-10-26T19:01:08.913Z,53.6,13.65,simulation_historical
5867,30351,Julien,Samson,Marketing,CDI,Marche,,2026-01-29,2026-01-29T01:02:30.913Z,2026-01-29T03:40:10.913Z,157.7,3.21,simulation_historical
5868,30351,Julien,Samson,Marketing,CDI,Marche,,2026-01-04,2026-01-04T15:11:30.913Z,2026-01-04T15:44:45.913Z,33.3,10.06,simulation_historical
5869,30351,Julien,Samson,Marketing,CDI,Marche,,2026-02-06,2026-02-06T21:14:30.913Z,2026-02-06T23:53:18.913Z,158.8,13.8,simulation_historical
5870,30945,Hugues,Grenier,Finance,CDI,Running,Runing,2025-09-26,2025-09-26T21:33:30.913Z,2025-09-26T22:28:33.913Z,55.1,4.39,simulation_historical
5871,30945,Hugues,Grenier,Finance,CDI,Running,Runing,2026-03-01,2026-03-01T18:06:30.913Z,2026-03-01T19:54:23.913Z,107.9,17.52,simulation_historical
5872,30945,Hugues,Grenier,Finance,CDI,Running,Runing,2026-03-04,2026-03-04T02:06:30.913Z,2026-03-04T03:34:17.913Z,87.8,9.97,simulation_historical
5873,30945,Hugues,Grenier,Finance,CDI,Running,Runing,2026-02-25,2026-02-25T05:26:30.913Z,2026-02-25T07:50:09.913Z,143.7,27.37,simulation_historical
5874,30945,Hugues,Grenier,Finance,CDI,Running,Runing,2026-07-10,2026-07-10T11:18:30.913Z,2026-07-10T13:58:23.913Z,159.9,10.79,simulation_historical
5875,30945,Hugues,Grenier,Finance,CDI,Running,Runing,2025-09-21,2025-09-21T21:49:30.913Z,2025-09-21T23:35:13.913Z,105.7,24.33,simulation_historical
5876,30945,Hugues,Grenier,Finance,CDI,Running,Runing,2025-12-06,2025-12-06T19:31:30.913Z,2025-12-06T20:46:21.913Z,74.9,7.87,simulation_historical
5877,30945,Hugues,Grenier,Finance,CDI,Running,Runing,2025-10-31,2025-10-31T17:26:30.913Z,2025-10-31T19:20:47.913Z,114.3,23.03,simulation_historical
5878,30945,Hugues,Grenier,Finance,CDI,Running,Runing,2026-07-10,2026-07-10T17:03:30.913Z,2026-07-10T18:12:03.913Z,68.6,17.51,simulation_historical
5879,30945,Hugues,Grenier,Finance,CDI,Running,Runing,2025-12-12,2025-12-12T17:04:30.913Z,2025-12-12T18:52:31.913Z,108.0,24.28,simulation_historical
5880,30945,Hugues,Grenier,Finance,CDI,Running,Runing,2026-07-19,2026-07-19T04:09:30.913Z,2026-07-19T06:40:40.913Z,151.2,20.1,simulation_historical
5881,30945,Hugues,Grenier,Finance,CDI,Running,Runing,2025-11-27,2025-11-27T17:59:30.913Z,2025-11-27T20:13:29.913Z,134.0,23.09,simulation_historical
5882,30945,Hugues,Grenier,Finance,CDI,Running,Runing,2025-12-17,2025-12-17T05:48:30.913Z,2025-12-17T08:03:50.913Z,135.3,27.49,simulation_historical
5883,30945,Hugues,Grenier,Finance,CDI,Running,Runing,2026-09-09,2026-09-09T23:38:30.913Z,2026-09-10T00:05:24.913Z,26.9,13.48,simulation_historical
5884,30945,Hugues,Grenier,Finance,CDI,Running,Runing,2026-07-04,2026-07-04T14:02:30.913Z,2026-07-04T14:37:57.913Z,35.5,7.55,simulation_historical
5885,30945,Hugues,Grenier,Finance,CDI,Running,Runing,2026-05-03,2026-05-03T10:26:30.913Z,2026-05-03T11:54:55.913Z,88.4,5.8,simulation_historical
5886,31222,Luc,Gonzalez,R&D,CDI,Natation,Natation,2025-09-28,2025-09-28T06:31:30.913Z,2025-09-28T09:19:16.913Z,167.8,,simulation_historical
5887,31222,Luc,Gonzalez,R&D,CDI,Natation,Natation,2026-08-31,2026-08-31T03:52:30.913Z,2026-08-31T06:16:05.913Z,143.6,,simulation_historical
5888,31222,Luc,Gonzalez,R&D,CDI,Natation,Natation,2026-07-25,2026-07-25T19:49:30.913Z,2026-07-25T22:42:55.913Z,173.4,,simulation_historical
5889,31222,Luc,Gonzalez,R&D,CDI,Natation,Natation,2026-05-24,2026-05-24T16:03:30.913Z,2026-05-24T18:56:45.913Z,173.3,,simulation_historical
5890,31222,Luc,Gonzalez,R&D,CDI,Natation,Natation,2026-03-01,2026-03-01T08:12:30.913Z,2026-03-01T09:51:02.913Z,98.5,,simulation_historical
5891,31222,Luc,Gonzalez,R&D,CDI,Natation,Natation,2025-09-26,2025-09-26T18:41:30.913Z,2025-09-26T20:45:41.913Z,124.2,,simulation_historical
5892,31222,Luc,Gonzalez,R&D,CDI,Natation,Natation,2026-03-02,2026-03-02T01:54:30.913Z,2026-03-02T03:39:52.913Z,105.4,,simulation_historical
5893,31222,Luc,Gonzalez,R&D,CDI,Natation,Natation,2025-12-08,2025-12-08T14:44:30.913Z,2025-12-08T16:13:07.913Z,88.6,,simulation_historical
5894,31453,Bertrand,Renard,Marketing,CDI,Marche,,2025-11-03,2025-11-03T00:51:30.913Z,2025-11-03T02:13:05.913Z,81.6,11.38,simulation_historical
5895,31453,Bertrand,Renard,Marketing,CDI,Marche,,2025-09-20,2025-09-20T17:03:30.913Z,2025-09-20T19:03:55.913Z,120.4,13.37,simulation_historical
5896,31453,Bertrand,Renard,Marketing,CDI,Marche,,2025-11-18,2025-11-18T21:57:30.913Z,2025-11-18T23:11:08.913Z,73.6,13.72,simulation_historical
5897,31453,Bertrand,Renard,Marketing,CDI,Marche,,2026-06-09,2026-06-09T06:16:30.913Z,2026-06-09T07:24:56.913Z,68.4,12.18,simulation_historical
5898,31453,Bertrand,Renard,Marketing,CDI,Marche,,2026-08-09,2026-08-09T10:33:30.913Z,2026-08-09T13:13:48.913Z,160.3,2.96,simulation_historical
5899,31453,Bertrand,Renard,Marketing,CDI,Marche,,2026-03-07,2026-03-07T14:17:30.913Z,2026-03-07T15:53:42.913Z,96.2,10.12,simulation_historical
5900,31453,Bertrand,Renard,Marketing,CDI,Marche,,2026-05-04,2026-05-04T11:34:30.913Z,2026-05-04T14:33:58.913Z,179.5,14.86,simulation_historical
5901,31453,Bertrand,Renard,Marketing,CDI,Marche,,2026-05-09,2026-05-09T15:23:30.913Z,2026-05-09T17:50:50.913Z,147.3,12.63,simulation_historical
5902,31453,Bertrand,Renard,Marketing,CDI,Marche,,2026-06-29,2026-06-29T14:35:30.913Z,2026-06-29T16:23:35.913Z,108.1,10.78,simulation_historical
5903,31453,Bertrand,Renard,Marketing,CDI,Marche,,2026-08-20,2026-08-20T19:05:30.913Z,2026-08-20T20:47:44.913Z,102.2,9.04,simulation_historical
5904,31453,Bertrand,Renard,Marketing,CDI,Marche,,2025-11-26,2025-11-26T22:22:30.913Z,2025-11-26T23:02:24.913Z,39.9,13.85,simulation_historical
5905,31453,Bertrand,Renard,Marketing,CDI,Marche,,2025-09-19,2025-09-19T05:11:30.913Z,2025-09-19T06:31:33.913Z,80.1,4.01,simulation_historical
5906,31453,Bertrand,Renard,Marketing,CDI,Marche,,2025-12-24,2025-12-24T12:54:30.913Z,2025-12-24T15:32:26.913Z,157.9,3.61,simulation_historical
5907,31453,Bertrand,Renard,Marketing,CDI,Marche,,2026-02-15,2026-02-15T22:10:30.913Z,2026-02-16T00:20:39.913Z,130.2,2.51,simulation_historical
5908,31453,Bertrand,Renard,Marketing,CDI,Marche,,2026-03-22,2026-03-22T07:48:30.913Z,2026-03-22T09:06:45.913Z,78.3,11.87,simulation_historical
5909,31453,Bertrand,Renard,Marketing,CDI,Marche,,2026-03-31,2026-03-31T05:21:30.913Z,2026-03-31T07:01:39.913Z,100.2,4.58,simulation_historical
5910,31453,Bertrand,Renard,Marketing,CDI,Marche,,2025-11-03,2025-11-03T23:14:30.913Z,2025-11-04T02:07:46.913Z,173.3,14.5,simulation_historical
5911,32690,Paul,Hamon,R&D,CDI,Badminton,Badminton,2025-10-19,2025-10-19T15:37:30.913Z,2025-10-19T17:31:58.913Z,114.5,,simulation_historical
5912,32690,Paul,Hamon,R&D,CDI,Badminton,Badminton,2026-01-31,2026-01-31T07:47:30.913Z,2026-01-31T09:14:04.913Z,86.6,,simulation_historical
5913,32690,Paul,Hamon,R&D,CDI,Badminton,Badminton,2026-08-26,2026-08-26T17:48:30.913Z,2026-08-26T19:36:08.913Z,107.6,,simulation_historical
5914,32690,Paul,Hamon,R&D,CDI,Badminton,Badminton,2026-03-05,2026-03-05T12:20:30.913Z,2026-03-05T13:50:33.913Z,90.1,,simulation_historical
5915,32690,Paul,Hamon,R&D,CDI,Badminton,Badminton,2025-12-13,2025-12-13T16:26:30.913Z,2025-12-13T16:53:14.913Z,26.7,,simulation_historical
5916,32690,Paul,Hamon,R&D,CDI,Badminton,Badminton,2025-12-26,2025-12-26T04:12:30.913Z,2025-12-26T06:51:25.913Z,158.9,,simulation_historical
5917,32690,Paul,Hamon,R&D,CDI,Badminton,Badminton,2026-01-31,2026-01-31T00:42:30.913Z,2026-01-31T02:23:26.913Z,100.9,,simulation_historical
5918,32690,Paul,Hamon,R&D,CDI,Badminton,Badminton,2025-10-18,2025-10-18T09:24:30.913Z,2025-10-18T12:04:49.913Z,160.3,,simulation_historical
5919,32690,Paul,Hamon,R&D,CDI,Badminton,Badminton,2026-08-05,2026-08-05T12:34:30.913Z,2026-08-05T15:21:24.913Z,166.9,,simulation_historical
5920,32690,Paul,Hamon,R&D,CDI,Badminton,Badminton,2025-12-17,2025-12-17T15:04:30.913Z,2025-12-17T15:42:22.913Z,37.9,,simulation_historical
5921,32690,Paul,Hamon,R&D,CDI,Badminton,Badminton,2026-05-31,2026-05-31T18:04:30.913Z,2026-05-31T19:22:42.913Z,78.2,,simulation_historical
5922,32690,Paul,Hamon,R&D,CDI,Badminton,Badminton,2025-10-01,2025-10-01T01:51:30.913Z,2025-10-01T02:39:52.913Z,48.4,,simulation_historical
5923,32690,Paul,Hamon,R&D,CDI,Badminton,Badminton,2026-06-02,2026-06-02T21:51:30.913Z,2026-06-03T00:10:20.913Z,138.8,,simulation_historical
5924,32690,Paul,Hamon,R&D,CDI,Badminton,Badminton,2025-10-20,2025-10-20T12:57:30.913Z,2025-10-20T13:59:29.913Z,62.0,,simulation_historical
5925,32690,Paul,Hamon,R&D,CDI,Badminton,Badminton,2026-09-04,2026-09-04T00:59:30.913Z,2026-09-04T02:50:04.913Z,110.6,,simulation_historical
5926,32690,Paul,Hamon,R&D,CDI,Badminton,Badminton,2026-08-28,2026-08-28T13:40:30.913Z,2026-08-28T14:15:19.913Z,34.8,,simulation_historical
5927,32690,Paul,Hamon,R&D,CDI,Badminton,Badminton,2026-06-17,2026-06-17T07:09:30.913Z,2026-06-17T07:48:44.913Z,39.2,,simulation_historical
5928,32690,Paul,Hamon,R&D,CDI,Badminton,Badminton,2025-11-26,2025-11-26T07:46:30.913Z,2025-11-26T09:17:07.913Z,90.6,,simulation_historical
5929,32690,Paul,Hamon,R&D,CDI,Badminton,Badminton,2026-02-20,2026-02-20T03:16:30.913Z,2026-02-20T05:26:56.913Z,130.4,,simulation_historical
5930,32690,Paul,Hamon,R&D,CDI,Badminton,Badminton,2026-02-07,2026-02-07T05:43:30.913Z,2026-02-07T07:49:51.913Z,126.4,,simulation_historical
5931,32690,Paul,Hamon,R&D,CDI,Badminton,Badminton,2025-10-07,2025-10-07T12:10:30.913Z,2025-10-07T12:32:06.913Z,21.6,,simulation_historical
5932,32690,Paul,Hamon,R&D,CDI,Badminton,Badminton,2025-10-22,2025-10-22T16:05:30.913Z,2025-10-22T16:42:46.913Z,37.3,,simulation_historical
5933,32690,Paul,Hamon,R&D,CDI,Badminton,Badminton,2025-11-21,2025-11-21T14:00:30.913Z,2025-11-21T14:40:19.913Z,39.8,,simulation_historical
5934,32690,Paul,Hamon,R&D,CDI,Badminton,Badminton,2026-03-16,2026-03-16T23:38:30.913Z,2026-03-17T01:17:38.913Z,99.1,,simulation_historical
5935,32690,Paul,Hamon,R&D,CDI,Badminton,Badminton,2025-09-30,2025-09-30T06:06:30.913Z,2025-09-30T06:50:07.913Z,43.6,,simulation_historical
5936,32690,Paul,Hamon,R&D,CDI,Badminton,Badminton,2026-04-25,2026-04-25T01:20:30.913Z,2026-04-25T03:28:23.913Z,127.9,,simulation_historical
5937,32690,Paul,Hamon,R&D,CDI,Badminton,Badminton,2025-10-13,2025-10-13T15:14:30.913Z,2025-10-13T16:17:11.913Z,62.7,,simulation_historical
5938,32690,Paul,Hamon,R&D,CDI,Badminton,Badminton,2025-12-17,2025-12-17T08:36:30.913Z,2025-12-17T10:43:16.913Z,126.8,,simulation_historical
5939,32690,Paul,Hamon,R&D,CDI,Badminton,Badminton,2025-12-11,2025-12-11T06:04:30.913Z,2025-12-11T07:03:50.913Z,59.3,,simulation_historical
5940,32690,Paul,Hamon,R&D,CDI,Badminton,Badminton,2026-04-16,2026-04-16T17:48:30.913Z,2026-04-16T19:50:23.913Z,121.9,,simulation_historical
5941,32690,Paul,Hamon,R&D,CDI,Badminton,Badminton,2026-09-10,2026-09-10T21:49:30.913Z,2026-09-11T00:41:04.913Z,171.6,,simulation_historical
5942,32690,Paul,Hamon,R&D,CDI,Badminton,Badminton,2026-07-06,2026-07-06T12:42:30.913Z,2026-07-06T13:03:52.913Z,21.4,,simulation_historical
5943,32690,Paul,Hamon,R&D,CDI,Badminton,Badminton,2025-11-26,2025-11-26T20:19:30.913Z,2025-11-26T23:06:10.913Z,166.7,,simulation_historical
5944,32690,Paul,Hamon,R&D,CDI,Badminton,Badminton,2025-12-10,2025-12-10T13:25:30.913Z,2025-12-10T14:42:51.913Z,77.4,,simulation_historical
5945,32690,Paul,Hamon,R&D,CDI,Badminton,Badminton,2026-03-24,2026-03-24T09:18:30.913Z,2026-03-24T11:58:27.913Z,160.0,,simulation_historical
5946,32690,Paul,Hamon,R&D,CDI,Badminton,Badminton,2026-07-06,2026-07-06T10:33:30.913Z,2026-07-06T11:53:47.913Z,80.3,,simulation_historical
5947,32690,Paul,Hamon,R&D,CDI,Badminton,Badminton,2025-11-05,2025-11-05T07:32:30.913Z,2025-11-05T08:23:47.913Z,51.3,,simulation_historical
5948,32690,Paul,Hamon,R&D,CDI,Badminton,Badminton,2026-06-15,2026-06-15T17:53:30.913Z,2026-06-15T20:48:24.913Z,174.9,,simulation_historical
5949,32690,Paul,Hamon,R&D,CDI,Badminton,Badminton,2026-08-19,2026-08-19T22:15:30.913Z,2026-08-20T01:05:35.913Z,170.1,,simulation_historical
5950,32690,Paul,Hamon,R&D,CDI,Badminton,Badminton,2026-08-10,2026-08-10T06:02:30.913Z,2026-08-10T06:40:53.913Z,38.4,,simulation_historical
5951,32690,Paul,Hamon,R&D,CDI,Badminton,Badminton,2026-05-11,2026-05-11T12:32:30.913Z,2026-05-11T15:31:02.913Z,178.5,,simulation_historical
5952,32690,Paul,Hamon,R&D,CDI,Badminton,Badminton,2026-01-10,2026-01-10T05:22:30.913Z,2026-01-10T06:17:30.913Z,55.0,,simulation_historical
5953,32690,Paul,Hamon,R&D,CDI,Badminton,Badminton,2025-10-07,2025-10-07T19:29:30.913Z,2025-10-07T20:16:49.913Z,47.3,,simulation_historical
5954,32690,Paul,Hamon,R&D,CDI,Badminton,Badminton,2026-04-23,2026-04-23T20:40:30.913Z,2026-04-23T21:53:20.913Z,72.8,,simulation_historical
5955,32690,Paul,Hamon,R&D,CDI,Badminton,Badminton,2026-04-07,2026-04-07T00:16:30.913Z,2026-04-07T02:06:09.913Z,109.7,,simulation_historical
5956,32690,Paul,Hamon,R&D,CDI,Badminton,Badminton,2025-11-04,2025-11-04T18:25:30.913Z,2025-11-04T21:25:01.913Z,179.5,,simulation_historical
5957,32690,Paul,Hamon,R&D,CDI,Badminton,Badminton,2026-06-29,2026-06-29T21:08:30.913Z,2026-06-29T23:08:01.913Z,119.5,,simulation_historical
5958,32690,Paul,Hamon,R&D,CDI,Badminton,Badminton,2026-04-08,2026-04-08T02:34:30.913Z,2026-04-08T02:55:49.913Z,21.3,,simulation_historical
5959,32690,Paul,Hamon,R&D,CDI,Badminton,Badminton,2026-04-09,2026-04-09T07:54:30.913Z,2026-04-09T09:14:59.913Z,80.5,,simulation_historical
5960,32690,Paul,Hamon,R&D,CDI,Badminton,Badminton,2025-09-16,2025-09-16T16:03:30.913Z,2025-09-16T18:22:35.913Z,139.1,,simulation_historical
5961,32690,Paul,Hamon,R&D,CDI,Badminton,Badminton,2026-04-28,2026-04-28T04:36:30.913Z,2026-04-28T06:27:02.913Z,110.5,,simulation_historical
5962,32690,Paul,Hamon,R&D,CDI,Badminton,Badminton,2026-01-14,2026-01-14T01:16:30.913Z,2026-01-14T03:14:27.913Z,118.0,,simulation_historical
5963,32690,Paul,Hamon,R&D,CDI,Badminton,Badminton,2026-04-13,2026-04-13T00:09:30.913Z,2026-04-13T00:59:13.913Z,49.7,,simulation_historical
5964,33386,Yves,Neveu,R&D,CDI,Randonnée,Randonnée,2025-10-20,2025-10-20T20:39:30.913Z,2025-10-20T22:16:07.913Z,96.6,29.08,simulation_historical
5965,33386,Yves,Neveu,R&D,CDI,Randonnée,Randonnée,2026-07-06,2026-07-06T22:32:30.913Z,2026-07-07T00:04:22.913Z,91.9,26.04,simulation_historical
5966,33386,Yves,Neveu,R&D,CDI,Randonnée,Randonnée,2025-10-31,2025-10-31T12:58:30.913Z,2025-10-31T13:39:05.913Z,40.6,2.61,simulation_historical
5967,33386,Yves,Neveu,R&D,CDI,Randonnée,Randonnée,2025-12-30,2025-12-30T19:43:30.913Z,2025-12-30T22:42:23.913Z,178.9,20.97,simulation_historical
5968,33386,Yves,Neveu,R&D,CDI,Randonnée,Randonnée,2026-02-20,2026-02-20T21:31:30.913Z,2026-02-20T22:01:30.913Z,30.0,20.07,simulation_historical
5969,33386,Yves,Neveu,R&D,CDI,Randonnée,Randonnée,2026-05-05,2026-05-05T21:47:30.913Z,2026-05-06T00:34:52.913Z,167.4,17.47,simulation_historical
5970,33386,Yves,Neveu,R&D,CDI,Randonnée,Randonnée,2025-10-17,2025-10-17T11:21:30.913Z,2025-10-17T13:28:40.913Z,127.2,9.32,simulation_historical
5971,33386,Yves,Neveu,R&D,CDI,Randonnée,Randonnée,2025-11-18,2025-11-18T15:50:30.913Z,2025-11-18T17:29:57.913Z,99.5,6.39,simulation_historical
5972,33386,Yves,Neveu,R&D,CDI,Randonnée,Randonnée,2026-01-21,2026-01-21T23:12:30.913Z,2026-01-21T23:57:13.913Z,44.7,15.0,simulation_historical
5973,33386,Yves,Neveu,R&D,CDI,Randonnée,Randonnée,2026-03-13,2026-03-13T23:44:30.913Z,2026-03-14T01:09:43.913Z,85.2,29.79,simulation_historical
5974,33386,Yves,Neveu,R&D,CDI,Randonnée,Randonnée,2025-11-05,2025-11-05T18:34:30.913Z,2025-11-05T21:14:53.913Z,160.4,6.6,simulation_historical
5975,33386,Yves,Neveu,R&D,CDI,Randonnée,Randonnée,2026-01-31,2026-01-31T10:33:30.913Z,2026-01-31T13:28:09.913Z,174.7,20.54,simulation_historical
5976,33386,Yves,Neveu,R&D,CDI,Randonnée,Randonnée,2025-10-14,2025-10-14T10:57:30.913Z,2025-10-14T13:29:31.913Z,152.0,13.76,simulation_historical
5977,33386,Yves,Neveu,R&D,CDI,Randonnée,Randonnée,2026-08-27,2026-08-27T07:56:30.913Z,2026-08-27T10:29:39.913Z,153.2,9.59,simulation_historical
5978,33386,Yves,Neveu,R&D,CDI,Randonnée,Randonnée,2026-08-15,2026-08-15T07:21:30.913Z,2026-08-15T08:45:24.913Z,83.9,3.4,simulation_historical
5979,33386,Yves,Neveu,R&D,CDI,Randonnée,Randonnée,2025-10-09,2025-10-09T09:11:30.913Z,2025-10-09T11:10:08.913Z,118.6,14.72,simulation_historical
5980,33872,Laure,Poirier,Ventes,CDI,Marche,,2026-01-27,2026-01-27T14:42:30.913Z,2026-01-27T16:30:59.913Z,108.5,2.69,simulation_historical
5981,33872,Laure,Poirier,Ventes,CDI,Marche,,2025-09-20,2025-09-20T23:04:30.913Z,2025-09-21T00:39:10.913Z,94.7,14.68,simulation_historical
5982,33872,Laure,Poirier,Ventes,CDI,Marche,,2026-05-04,2026-05-04T21:10:30.913Z,2026-05-05T00:06:11.913Z,175.7,3.85,simulation_historical
5983,33872,Laure,Poirier,Ventes,CDI,Marche,,2026-03-07,2026-03-07T19:20:30.913Z,2026-03-07T21:20:15.913Z,119.8,10.63,simulation_historical
5984,33872,Laure,Poirier,Ventes,CDI,Marche,,2025-10-17,2025-10-17T13:11:30.913Z,2025-10-17T14:40:11.913Z,88.7,7.17,simulation_historical
5985,33872,Laure,Poirier,Ventes,CDI,Marche,,2026-05-24,2026-05-24T23:19:30.913Z,2026-05-25T01:15:51.913Z,116.4,14.39,simulation_historical
5986,33872,Laure,Poirier,Ventes,CDI,Marche,,2026-03-23,2026-03-23T23:54:30.913Z,2026-03-24T02:26:08.913Z,151.6,10.9,simulation_historical
5987,33872,Laure,Poirier,Ventes,CDI,Marche,,2026-09-12,2026-09-12T22:48:30.913Z,2026-09-12T23:46:26.913Z,57.9,8.21,simulation_historical
5988,33872,Laure,Poirier,Ventes,CDI,Marche,,2026-06-24,2026-06-24T08:40:30.913Z,2026-06-24T11:21:00.913Z,160.5,11.54,simulation_historical
5989,33872,Laure,Poirier,Ventes,CDI,Marche,,2026-04-26,2026-04-26T09:35:30.913Z,2026-04-26T10:46:32.913Z,71.0,3.58,simulation_historical
5990,33872,Laure,Poirier,Ventes,CDI,Marche,,2026-03-14,2026-03-14T19:59:30.913Z,2026-03-14T20:51:48.913Z,52.3,11.83,simulation_historical
5991,33872,Laure,Poirier,Ventes,CDI,Marche,,2026-05-22,2026-05-22T01:53:30.913Z,2026-05-22T03:43:40.913Z,110.2,12.8,simulation_historical
5992,33872,Laure,Poirier,Ventes,CDI,Marche,,2026-07-20,2026-07-20T00:01:30.913Z,2026-07-20T02:32:14.913Z,150.7,8.85,simulation_historical
5993,33872,Laure,Poirier,Ventes,CDI,Marche,,2026-05-31,2026-05-31T21:34:30.913Z,2026-05-31T23:46:42.913Z,132.2,1.37,simulation_historical
5994,33872,Laure,Poirier,Ventes,CDI,Marche,,2026-05-15,2026-05-15T14:36:30.913Z,2026-05-15T17:33:06.913Z,176.6,10.71,simulation_historical
5995,33872,Laure,Poirier,Ventes,CDI,Marche,,2026-06-26,2026-06-26T11:04:30.913Z,2026-06-26T13:44:29.913Z,160.0,1.64,simulation_historical
5996,33872,Laure,Poirier,Ventes,CDI,Marche,,2025-11-27,2025-11-27T11:41:30.913Z,2025-11-27T12:46:55.913Z,65.4,5.23,simulation_historical
5997,33872,Laure,Poirier,Ventes,CDI,Marche,,2026-06-15,2026-06-15T23:19:30.913Z,2026-06-16T02:13:24.913Z,173.9,11.45,simulation_historical
5998,33872,Laure,Poirier,Ventes,CDI,Marche,,2026-09-06,2026-09-06T15:58:30.913Z,2026-09-06T17:35:54.913Z,97.4,2.4,simulation_historical
5999,33872,Laure,Poirier,Ventes,CDI,Marche,,2026-05-29,2026-05-29T01:06:30.913Z,2026-05-29T03:35:13.913Z,148.7,8.89,simulation_historical
6000,33872,Laure,Poirier,Ventes,CDI,Marche,,2026-06-21,2026-06-21T07:51:30.913Z,2026-06-21T10:03:40.913Z,132.2,10.84,simulation_historical
6001,33872,Laure,Poirier,Ventes,CDI,Marche,,2026-07-04,2026-07-04T20:52:30.913Z,2026-07-04T22:02:09.913Z,69.7,11.21,simulation_historical
6002,33872,Laure,Poirier,Ventes,CDI,Marche,,2025-10-13,2025-10-13T23:28:30.913Z,2025-10-14T00:34:17.913Z,65.8,12.87,simulation_historical
6003,33872,Laure,Poirier,Ventes,CDI,Marche,,2025-09-30,2025-09-30T04:45:30.913Z,2025-09-30T07:09:19.913Z,143.8,10.77,simulation_historical
6004,33872,Laure,Poirier,Ventes,CDI,Marche,,2025-11-18,2025-11-18T13:30:30.913Z,2025-11-18T15:33:46.913Z,123.3,7.32,simulation_historical
6005,33872,Laure,Poirier,Ventes,CDI,Marche,,2026-07-11,2026-07-11T12:43:30.913Z,2026-07-11T13:58:45.913Z,75.3,9.56,simulation_historical
6006,33872,Laure,Poirier,Ventes,CDI,Marche,,2025-12-31,2025-12-31T18:18:30.913Z,2025-12-31T19:19:20.913Z,60.8,10.92,simulation_historical
6007,33872,Laure,Poirier,Ventes,CDI,Marche,,2026-07-29,2026-07-29T10:14:30.913Z,2026-07-29T10:45:09.913Z,30.7,13.84,simulation_historical
6008,33872,Laure,Poirier,Ventes,CDI,Marche,,2025-12-17,2025-12-17T22:56:30.913Z,2025-12-17T23:48:35.913Z,52.1,2.53,simulation_historical
6009,33872,Laure,Poirier,Ventes,CDI,Marche,,2026-01-12,2026-01-12T18:36:30.913Z,2026-01-12T21:23:45.913Z,167.3,14.56,simulation_historical
6010,33872,Laure,Poirier,Ventes,CDI,Marche,,2026-09-15,2026-09-15T18:03:30.913Z,2026-09-15T20:21:19.913Z,137.8,9.55,simulation_historical
6011,33872,Laure,Poirier,Ventes,CDI,Marche,,2026-02-13,2026-02-13T03:49:30.913Z,2026-02-13T04:21:21.913Z,31.9,12.43,simulation_historical
6012,33872,Laure,Poirier,Ventes,CDI,Marche,,2025-12-19,2025-12-19T02:30:30.913Z,2025-12-19T05:02:09.913Z,151.7,13.94,simulation_historical
6013,33872,Laure,Poirier,Ventes,CDI,Marche,,2026-03-05,2026-03-05T04:07:30.913Z,2026-03-05T07:04:49.913Z,177.3,2.6,simulation_historical
6014,33872,Laure,Poirier,Ventes,CDI,Marche,,2026-02-11,2026-02-11T11:28:30.913Z,2026-02-11T13:58:47.913Z,150.3,13.55,simulation_historical
6015,34382,Capucine,Payet,Marketing,CDI,Équitation,Équitation,2026-08-05,2026-08-05T06:06:30.913Z,2026-08-05T08:54:58.913Z,168.5,,simulation_historical
6016,34382,Capucine,Payet,Marketing,CDI,Équitation,Équitation,2026-02-19,2026-02-19T07:32:30.913Z,2026-02-19T07:53:59.913Z,21.5,,simulation_historical
6017,34382,Capucine,Payet,Marketing,CDI,Équitation,Équitation,2025-09-17,2025-09-17T15:54:30.913Z,2025-09-17T16:16:26.913Z,21.9,,simulation_historical
6018,34382,Capucine,Payet,Marketing,CDI,Équitation,Équitation,2025-11-24,2025-11-24T23:37:30.913Z,2025-11-25T02:19:25.913Z,161.9,,simulation_historical
6019,34382,Capucine,Payet,Marketing,CDI,Équitation,Équitation,2026-09-13,2026-09-13T03:03:30.913Z,2026-09-13T04:19:35.913Z,76.1,,simulation_historical
6020,34382,Capucine,Payet,Marketing,CDI,Équitation,Équitation,2025-09-29,2025-09-29T05:18:30.913Z,2025-09-29T07:17:25.913Z,118.9,,simulation_historical
6021,34382,Capucine,Payet,Marketing,CDI,Équitation,Équitation,2026-07-24,2026-07-24T11:17:30.913Z,2026-07-24T14:17:20.913Z,179.8,,simulation_historical
6022,34382,Capucine,Payet,Marketing,CDI,Équitation,Équitation,2026-05-10,2026-05-10T06:50:30.913Z,2026-05-10T09:36:53.913Z,166.4,,simulation_historical
6023,34382,Capucine,Payet,Marketing,CDI,Équitation,Équitation,2026-02-11,2026-02-11T21:21:30.913Z,2026-02-11T22:56:44.913Z,95.2,,simulation_historical
6024,34382,Capucine,Payet,Marketing,CDI,Équitation,Équitation,2025-10-03,2025-10-03T02:56:30.913Z,2025-10-03T04:12:07.913Z,75.6,,simulation_historical
6025,34382,Capucine,Payet,Marketing,CDI,Équitation,Équitation,2026-02-16,2026-02-16T21:54:30.913Z,2026-02-17T00:46:45.913Z,172.3,,simulation_historical
6026,34382,Capucine,Payet,Marketing,CDI,Équitation,Équitation,2026-01-12,2026-01-12T10:21:30.913Z,2026-01-12T13:14:10.913Z,172.7,,simulation_historical
6027,34382,Capucine,Payet,Marketing,CDI,Équitation,Équitation,2025-12-06,2025-12-06T00:28:30.913Z,2025-12-06T02:12:14.913Z,103.7,,simulation_historical
6028,34382,Capucine,Payet,Marketing,CDI,Équitation,Équitation,2025-11-25,2025-11-25T03:55:30.913Z,2025-11-25T06:04:12.913Z,128.7,,simulation_historical
6029,34382,Capucine,Payet,Marketing,CDI,Équitation,Équitation,2026-07-07,2026-07-07T18:37:30.913Z,2026-07-07T20:00:14.913Z,82.7,,simulation_historical
6030,34382,Capucine,Payet,Marketing,CDI,Équitation,Équitation,2026-01-30,2026-01-30T17:34:30.913Z,2026-01-30T18:21:52.913Z,47.4,,simulation_historical
6031,34382,Capucine,Payet,Marketing,CDI,Équitation,Équitation,2026-05-29,2026-05-29T23:19:30.913Z,2026-05-30T01:11:54.913Z,112.4,,simulation_historical
6032,34382,Capucine,Payet,Marketing,CDI,Équitation,Équitation,2025-12-08,2025-12-08T20:00:30.913Z,2025-12-08T20:34:42.913Z,34.2,,simulation_historical
6033,34382,Capucine,Payet,Marketing,CDI,Équitation,Équitation,2026-06-26,2026-06-26T03:04:30.913Z,2026-06-26T03:25:56.913Z,21.4,,simulation_historical
6034,34413,Brigitte,Aubert,Ventes,CDI,Marche,,2026-07-03,2026-07-03T23:45:30.913Z,2026-07-04T02:04:23.913Z,138.9,2.44,simulation_historical
6035,34413,Brigitte,Aubert,Ventes,CDI,Marche,,2026-08-15,2026-08-15T07:30:30.913Z,2026-08-15T09:31:45.913Z,121.3,2.31,simulation_historical
6036,34413,Brigitte,Aubert,Ventes,CDI,Marche,,2025-11-09,2025-11-09T13:58:30.913Z,2025-11-09T16:03:26.913Z,124.9,7.56,simulation_historical
6037,34413,Brigitte,Aubert,Ventes,CDI,Marche,,2025-11-05,2025-11-05T19:11:30.913Z,2025-11-05T20:49:43.913Z,98.2,12.66,simulation_historical
6038,34413,Brigitte,Aubert,Ventes,CDI,Marche,,2025-11-15,2025-11-15T13:55:30.913Z,2025-11-15T15:03:21.913Z,67.9,11.49,simulation_historical
6039,34413,Brigitte,Aubert,Ventes,CDI,Marche,,2026-01-06,2026-01-06T01:44:30.913Z,2026-01-06T02:59:34.913Z,75.1,14.94,simulation_historical
6040,34413,Brigitte,Aubert,Ventes,CDI,Marche,,2025-10-14,2025-10-14T23:26:30.913Z,2025-10-15T00:39:40.913Z,73.2,1.55,simulation_historical
6041,34413,Brigitte,Aubert,Ventes,CDI,Marche,,2025-11-13,2025-11-13T23:11:30.913Z,2025-11-14T00:34:45.913Z,83.3,11.08,simulation_historical
6042,34413,Brigitte,Aubert,Ventes,CDI,Marche,,2026-06-21,2026-06-21T18:42:30.913Z,2026-06-21T20:40:43.913Z,118.2,4.92,simulation_historical
6043,34413,Brigitte,Aubert,Ventes,CDI,Marche,,2025-10-16,2025-10-16T15:34:30.913Z,2025-10-16T16:18:12.913Z,43.7,5.52,simulation_historical
6044,34678,Astrid,Mendes,Finance,CDI,Randonnée,Randonnée,2026-02-24,2026-02-24T04:02:30.913Z,2026-02-24T06:10:24.913Z,127.9,15.29,simulation_historical
6045,34678,Astrid,Mendes,Finance,CDI,Randonnée,Randonnée,2025-11-20,2025-11-20T09:11:30.913Z,2025-11-20T09:35:41.913Z,24.2,26.15,simulation_historical
6046,34678,Astrid,Mendes,Finance,CDI,Randonnée,Randonnée,2025-09-21,2025-09-21T12:46:30.913Z,2025-09-21T13:31:07.913Z,44.6,20.01,simulation_historical
6047,34678,Astrid,Mendes,Finance,CDI,Randonnée,Randonnée,2026-04-23,2026-04-23T15:51:30.913Z,2026-04-23T18:44:10.913Z,172.7,21.1,simulation_historical
6048,34678,Astrid,Mendes,Finance,CDI,Randonnée,Randonnée,2026-03-22,2026-03-22T03:52:30.913Z,2026-03-22T05:28:00.913Z,95.5,9.42,simulation_historical
6049,34678,Astrid,Mendes,Finance,CDI,Randonnée,Randonnée,2025-11-10,2025-11-10T09:15:30.913Z,2025-11-10T11:25:48.913Z,130.3,20.84,simulation_historical
6050,34678,Astrid,Mendes,Finance,CDI,Randonnée,Randonnée,2026-09-14,2026-09-14T07:33:30.913Z,2026-09-14T09:44:40.913Z,131.2,18.59,simulation_historical
6051,34678,Astrid,Mendes,Finance,CDI,Randonnée,Randonnée,2026-07-23,2026-07-23T22:40:30.913Z,2026-07-24T01:17:53.913Z,157.4,11.64,simulation_historical
6052,34678,Astrid,Mendes,Finance,CDI,Randonnée,Randonnée,2026-03-26,2026-03-26T11:53:30.913Z,2026-03-26T14:33:39.913Z,160.2,10.44,simulation_historical
6053,34678,Astrid,Mendes,Finance,CDI,Randonnée,Randonnée,2025-12-14,2025-12-14T21:28:30.913Z,2025-12-14T23:49:24.913Z,140.9,14.36,simulation_historical
6054,34678,Astrid,Mendes,Finance,CDI,Randonnée,Randonnée,2025-12-01,2025-12-01T23:55:30.913Z,2025-12-02T01:21:55.913Z,86.4,26.82,simulation_historical
6055,34678,Astrid,Mendes,Finance,CDI,Randonnée,Randonnée,2026-03-27,2026-03-27T01:01:30.913Z,2026-03-27T03:27:18.913Z,145.8,21.23,simulation_historical
6056,34678,Astrid,Mendes,Finance,CDI,Randonnée,Randonnée,2026-09-02,2026-09-02T00:37:30.913Z,2026-09-02T02:07:54.913Z,90.4,4.21,simulation_historical
6057,34678,Astrid,Mendes,Finance,CDI,Randonnée,Randonnée,2026-03-04,2026-03-04T18:54:30.913Z,2026-03-04T20:14:40.913Z,80.2,24.18,simulation_historical
6058,34678,Astrid,Mendes,Finance,CDI,Randonnée,Randonnée,2025-09-22,2025-09-22T07:53:30.913Z,2025-09-22T09:39:42.913Z,106.2,15.51,simulation_historical
6059,34678,Astrid,Mendes,Finance,CDI,Randonnée,Randonnée,2026-03-19,2026-03-19T23:10:30.913Z,2026-03-19T23:33:09.913Z,22.7,24.96,simulation_historical
6060,34678,Astrid,Mendes,Finance,CDI,Randonnée,Randonnée,2026-05-05,2026-05-05T08:26:30.913Z,2026-05-05T09:11:53.913Z,45.4,15.07,simulation_historical
6061,34678,Astrid,Mendes,Finance,CDI,Randonnée,Randonnée,2025-10-06,2025-10-06T15:52:30.913Z,2025-10-06T17:45:53.913Z,113.4,4.49,simulation_historical
6062,34678,Astrid,Mendes,Finance,CDI,Randonnée,Randonnée,2025-12-07,2025-12-07T10:14:30.913Z,2025-12-07T12:00:12.913Z,105.7,13.58,simulation_historical
6063,34678,Astrid,Mendes,Finance,CDI,Randonnée,Randonnée,2026-05-27,2026-05-27T21:27:30.913Z,2026-05-27T22:37:24.913Z,69.9,26.45,simulation_historical
6064,34678,Astrid,Mendes,Finance,CDI,Randonnée,Randonnée,2025-10-02,2025-10-02T09:13:30.913Z,2025-10-02T10:28:01.913Z,74.5,9.7,simulation_historical
6065,34678,Astrid,Mendes,Finance,CDI,Randonnée,Randonnée,2026-05-16,2026-05-16T07:31:30.913Z,2026-05-16T08:54:05.913Z,82.6,8.64,simulation_historical
6066,34678,Astrid,Mendes,Finance,CDI,Randonnée,Randonnée,2026-05-11,2026-05-11T20:22:30.913Z,2026-05-11T21:25:05.913Z,62.6,27.52,simulation_historical
6067,34678,Astrid,Mendes,Finance,CDI,Randonnée,Randonnée,2026-07-24,2026-07-24T11:46:30.913Z,2026-07-24T12:27:55.913Z,41.4,24.15,simulation_historical
6068,34678,Astrid,Mendes,Finance,CDI,Randonnée,Randonnée,2025-10-12,2025-10-12T00:05:30.913Z,2025-10-12T00:27:18.913Z,21.8,27.04,simulation_historical
6069,34678,Astrid,Mendes,Finance,CDI,Randonnée,Randonnée,2025-12-13,2025-12-13T13:50:30.913Z,2025-12-13T16:22:11.913Z,151.7,14.16,simulation_historical
6070,34678,Astrid,Mendes,Finance,CDI,Randonnée,Randonnée,2025-11-03,2025-11-03T05:13:30.913Z,2025-11-03T08:10:22.913Z,176.9,11.0,simulation_historical
6071,34678,Astrid,Mendes,Finance,CDI,Randonnée,Randonnée,2026-01-08,2026-01-08T09:56:30.913Z,2026-01-08T12:36:04.913Z,159.6,11.18,simulation_historical
6072,34678,Astrid,Mendes,Finance,CDI,Randonnée,Randonnée,2026-02-25,2026-02-25T07:56:30.913Z,2026-02-25T10:53:58.913Z,177.5,6.2,simulation_historical
6073,34678,Astrid,Mendes,Finance,CDI,Randonnée,Randonnée,2026-08-19,2026-08-19T22:53:30.913Z,2026-08-20T01:09:03.913Z,135.6,17.67,simulation_historical
6074,34678,Astrid,Mendes,Finance,CDI,Randonnée,Randonnée,2025-12-14,2025-12-14T14:12:30.913Z,2025-12-14T16:07:19.913Z,114.8,14.9,simulation_historical
6075,34678,Astrid,Mendes,Finance,CDI,Randonnée,Randonnée,2025-09-30,2025-09-30T10:15:30.913Z,2025-09-30T11:08:22.913Z,52.9,24.88,simulation_historical
6076,34678,Astrid,Mendes,Finance,CDI,Randonnée,Randonnée,2025-12-25,2025-12-25T01:24:30.913Z,2025-12-25T01:46:47.913Z,22.3,2.39,simulation_historical
6077,34678,Astrid,Mendes,Finance,CDI,Randonnée,Randonnée,2025-10-06,2025-10-06T09:20:30.913Z,2025-10-06T12:19:09.913Z,178.7,5.3,simulation_historical
6078,34678,Astrid,Mendes,Finance,CDI,Randonnée,Randonnée,2026-04-03,2026-04-03T04:05:30.913Z,2026-04-03T05:36:24.913Z,90.9,8.13,simulation_historical
6079,34678,Astrid,Mendes,Finance,CDI,Randonnée,Randonnée,2025-12-10,2025-12-10T07:29:30.913Z,2025-12-10T09:03:03.913Z,93.6,17.45,simulation_historical
6080,34678,Astrid,Mendes,Finance,CDI,Randonnée,Randonnée,2025-11-07,2025-11-07T05:21:30.913Z,2025-11-07T06:31:43.913Z,70.2,18.34,simulation_historical
6081,34678,Astrid,Mendes,Finance,CDI,Randonnée,Randonnée,2026-02-11,2026-02-11T09:18:30.913Z,2026-02-11T11:20:09.913Z,121.7,13.96,simulation_historical
6082,34678,Astrid,Mendes,Finance,CDI,Randonnée,Randonnée,2026-02-23,2026-02-23T07:16:30.913Z,2026-02-23T08:25:37.913Z,69.1,20.72,simulation_historical
6083,34678,Astrid,Mendes,Finance,CDI,Randonnée,Randonnée,2026-07-10,2026-07-10T21:01:30.913Z,2026-07-10T22:23:54.913Z,82.4,28.68,simulation_historical
6084,34678,Astrid,Mendes,Finance,CDI,Randonnée,Randonnée,2026-07-26,2026-07-26T16:27:30.913Z,2026-07-26T17:51:53.913Z,84.4,20.2,simulation_historical
6085,34678,Astrid,Mendes,Finance,CDI,Randonnée,Randonnée,2026-02-07,2026-02-07T03:32:30.913Z,2026-02-07T04:32:19.913Z,59.8,28.22,simulation_historical
6086,34678,Astrid,Mendes,Finance,CDI,Randonnée,Randonnée,2026-07-01,2026-07-01T23:53:30.913Z,2026-07-02T00:16:09.913Z,22.7,7.79,simulation_historical
6087,34678,Astrid,Mendes,Finance,CDI,Randonnée,Randonnée,2026-02-13,2026-02-13T00:36:30.913Z,2026-02-13T03:17:40.913Z,161.2,19.5,simulation_historical
6088,34678,Astrid,Mendes,Finance,CDI,Randonnée,Randonnée,2026-04-08,2026-04-08T00:25:30.913Z,2026-04-08T01:54:01.913Z,88.5,20.42,simulation_historical
6089,34678,Astrid,Mendes,Finance,CDI,Randonnée,Randonnée,2025-11-30,2025-11-30T14:19:30.913Z,2025-11-30T15:06:31.913Z,47.0,24.63,simulation_historical
6090,34678,Astrid,Mendes,Finance,CDI,Randonnée,Randonnée,2026-06-25,2026-06-25T14:31:30.913Z,2026-06-25T16:00:56.913Z,89.4,17.62,simulation_historical
6091,34678,Astrid,Mendes,Finance,CDI,Randonnée,Randonnée,2025-10-29,2025-10-29T12:16:30.913Z,2025-10-29T14:07:53.913Z,111.4,10.51,simulation_historical
6092,34678,Astrid,Mendes,Finance,CDI,Randonnée,Randonnée,2026-03-16,2026-03-16T04:09:30.913Z,2026-03-16T07:01:43.913Z,172.2,28.54,simulation_historical
6093,34678,Astrid,Mendes,Finance,CDI,Randonnée,Randonnée,2026-05-08,2026-05-08T04:43:30.913Z,2026-05-08T06:55:56.913Z,132.4,5.97,simulation_historical
6094,34678,Astrid,Mendes,Finance,CDI,Randonnée,Randonnée,2026-03-20,2026-03-20T18:06:30.913Z,2026-03-20T19:20:49.913Z,74.3,20.9,simulation_historical
6095,34678,Astrid,Mendes,Finance,CDI,Randonnée,Randonnée,2025-11-25,2025-11-25T19:03:30.913Z,2025-11-25T21:50:31.913Z,167.0,7.72,simulation_historical
6096,34678,Astrid,Mendes,Finance,CDI,Randonnée,Randonnée,2026-04-24,2026-04-24T04:24:30.913Z,2026-04-24T07:03:53.913Z,159.4,17.97,simulation_historical
6097,34678,Astrid,Mendes,Finance,CDI,Randonnée,Randonnée,2026-01-31,2026-01-31T13:20:30.913Z,2026-01-31T14:58:44.913Z,98.2,17.2,simulation_historical
6098,34899,Hugues,Besson,Support,CDI,Football,Football,2026-07-04,2026-07-04T10:04:30.913Z,2026-07-04T11:56:37.913Z,112.1,,simulation_historical
6099,34899,Hugues,Besson,Support,CDI,Football,Football,2026-02-12,2026-02-12T19:05:30.913Z,2026-02-12T22:01:35.913Z,176.1,,simulation_historical
6100,34899,Hugues,Besson,Support,CDI,Football,Football,2026-02-21,2026-02-21T13:39:30.913Z,2026-02-21T14:43:44.913Z,64.2,,simulation_historical
6101,34899,Hugues,Besson,Support,CDI,Football,Football,2026-03-25,2026-03-25T08:24:30.913Z,2026-03-25T10:11:01.913Z,106.5,,simulation_historical
6102,34899,Hugues,Besson,Support,CDI,Football,Football,2025-10-17,2025-10-17T05:59:30.913Z,2025-10-17T07:32:32.913Z,93.0,,simulation_historical
6103,34899,Hugues,Besson,Support,CDI,Football,Football,2025-11-10,2025-11-10T19:19:30.913Z,2025-11-10T20:53:34.913Z,94.1,,simulation_historical
6104,34899,Hugues,Besson,Support,CDI,Football,Football,2026-02-01,2026-02-01T03:57:30.913Z,2026-02-01T06:39:45.913Z,162.3,,simulation_historical
6105,34899,Hugues,Besson,Support,CDI,Football,Football,2026-01-29,2026-01-29T02:34:30.913Z,2026-01-29T03:44:42.913Z,70.2,,simulation_historical
6106,34899,Hugues,Besson,Support,CDI,Football,Football,2026-09-05,2026-09-05T10:58:30.913Z,2026-09-05T12:22:34.913Z,84.1,,simulation_historical
6107,34899,Hugues,Besson,Support,CDI,Football,Football,2025-10-13,2025-10-13T06:57:30.913Z,2025-10-13T07:39:21.913Z,41.9,,simulation_historical
6108,34899,Hugues,Besson,Support,CDI,Football,Football,2026-06-01,2026-06-01T10:19:30.913Z,2026-06-01T11:07:37.913Z,48.1,,simulation_historical
6109,34899,Hugues,Besson,Support,CDI,Football,Football,2026-07-30,2026-07-30T12:45:30.913Z,2026-07-30T15:14:42.913Z,149.2,,simulation_historical
6110,34899,Hugues,Besson,Support,CDI,Football,Football,2025-12-10,2025-12-10T14:43:30.913Z,2025-12-10T16:51:54.913Z,128.4,,simulation_historical
6111,34899,Hugues,Besson,Support,CDI,Football,Football,2025-12-22,2025-12-22T13:38:30.913Z,2025-12-22T15:10:10.913Z,91.7,,simulation_historical
6112,34899,Hugues,Besson,Support,CDI,Football,Football,2025-11-04,2025-11-04T11:39:30.913Z,2025-11-04T13:45:57.913Z,126.5,,simulation_historical
6113,34899,Hugues,Besson,Support,CDI,Football,Football,2026-04-11,2026-04-11T08:29:30.913Z,2026-04-11T10:07:05.913Z,97.6,,simulation_historical
6114,34899,Hugues,Besson,Support,CDI,Football,Football,2026-02-01,2026-02-01T19:36:30.913Z,2026-02-01T20:32:20.913Z,55.8,,simulation_historical
6115,34899,Hugues,Besson,Support,CDI,Football,Football,2025-12-21,2025-12-21T10:43:30.913Z,2025-12-21T11:13:05.913Z,29.6,,simulation_historical
6116,34899,Hugues,Besson,Support,CDI,Football,Football,2025-10-12,2025-10-12T03:49:30.913Z,2025-10-12T05:38:18.913Z,108.8,,simulation_historical
6117,34899,Hugues,Besson,Support,CDI,Football,Football,2026-01-16,2026-01-16T00:49:30.913Z,2026-01-16T03:37:06.913Z,167.6,,simulation_historical
6118,34899,Hugues,Besson,Support,CDI,Football,Football,2026-04-29,2026-04-29T22:16:30.913Z,2026-04-29T23:13:23.913Z,56.9,,simulation_historical
6119,34899,Hugues,Besson,Support,CDI,Football,Football,2025-09-23,2025-09-23T22:33:30.913Z,2025-09-24T00:58:10.913Z,144.7,,simulation_historical
6120,34899,Hugues,Besson,Support,CDI,Football,Football,2025-10-27,2025-10-27T16:04:30.913Z,2025-10-27T18:58:30.913Z,174.0,,simulation_historical
6121,34899,Hugues,Besson,Support,CDI,Football,Football,2026-02-05,2026-02-05T23:04:30.913Z,2026-02-06T01:50:15.913Z,165.8,,simulation_historical
6122,34899,Hugues,Besson,Support,CDI,Football,Football,2026-04-11,2026-04-11T04:14:30.913Z,2026-04-11T07:01:51.913Z,167.4,,simulation_historical
6123,34899,Hugues,Besson,Support,CDI,Football,Football,2026-05-23,2026-05-23T13:16:30.913Z,2026-05-23T15:00:34.913Z,104.1,,simulation_historical
6124,34899,Hugues,Besson,Support,CDI,Football,Football,2026-03-13,2026-03-13T02:28:30.913Z,2026-03-13T03:31:01.913Z,62.5,,simulation_historical
6125,34899,Hugues,Besson,Support,CDI,Football,Football,2026-04-14,2026-04-14T15:44:30.913Z,2026-04-14T18:27:24.913Z,162.9,,simulation_historical
6126,34899,Hugues,Besson,Support,CDI,Football,Football,2026-07-09,2026-07-09T04:26:30.913Z,2026-07-09T06:54:37.913Z,148.1,,simulation_historical
6127,34899,Hugues,Besson,Support,CDI,Football,Football,2025-12-17,2025-12-17T15:00:30.913Z,2025-12-17T17:34:49.913Z,154.3,,simulation_historical
6128,34899,Hugues,Besson,Support,CDI,Football,Football,2026-01-15,2026-01-15T06:44:30.913Z,2026-01-15T09:02:02.913Z,137.5,,simulation_historical
6129,34899,Hugues,Besson,Support,CDI,Football,Football,2026-04-19,2026-04-19T20:30:30.913Z,2026-04-19T20:52:28.913Z,22.0,,simulation_historical
6130,34899,Hugues,Besson,Support,CDI,Football,Football,2025-12-10,2025-12-10T04:32:30.913Z,2025-12-10T06:44:55.913Z,132.4,,simulation_historical
6131,34899,Hugues,Besson,Support,CDI,Football,Football,2025-12-03,2025-12-03T02:19:30.913Z,2025-12-03T03:47:44.913Z,88.2,,simulation_historical
6132,34899,Hugues,Besson,Support,CDI,Football,Football,2026-06-24,2026-06-24T16:57:30.913Z,2026-06-24T19:03:55.913Z,126.4,,simulation_historical
6133,34899,Hugues,Besson,Support,CDI,Football,Football,2026-03-07,2026-03-07T08:28:30.913Z,2026-03-07T09:10:07.913Z,41.6,,simulation_historical
6134,34899,Hugues,Besson,Support,CDI,Football,Football,2026-02-11,2026-02-11T19:29:30.913Z,2026-02-11T22:10:34.913Z,161.1,,simulation_historical
6135,34899,Hugues,Besson,Support,CDI,Football,Football,2025-11-06,2025-11-06T17:01:30.913Z,2025-11-06T18:35:44.913Z,94.2,,simulation_historical
6136,34899,Hugues,Besson,Support,CDI,Football,Football,2026-04-23,2026-04-23T18:57:30.913Z,2026-04-23T21:42:45.913Z,165.3,,simulation_historical
6137,34899,Hugues,Besson,Support,CDI,Football,Football,2026-05-02,2026-05-02T02:32:30.913Z,2026-05-02T03:11:11.913Z,38.7,,simulation_historical
6138,34899,Hugues,Besson,Support,CDI,Football,Football,2026-06-15,2026-06-15T11:26:30.913Z,2026-06-15T12:16:38.913Z,50.1,,simulation_historical
6139,34899,Hugues,Besson,Support,CDI,Football,Football,2025-10-25,2025-10-25T01:05:30.913Z,2025-10-25T03:29:08.913Z,143.6,,simulation_historical
6140,34899,Hugues,Besson,Support,CDI,Football,Football,2026-04-29,2026-04-29T17:05:30.913Z,2026-04-29T19:39:50.913Z,154.3,,simulation_historical
6141,34899,Hugues,Besson,Support,CDI,Football,Football,2026-06-12,2026-06-12T05:43:30.913Z,2026-06-12T06:45:02.913Z,61.5,,simulation_historical
6142,34899,Hugues,Besson,Support,CDI,Football,Football,2026-08-21,2026-08-21T22:43:30.913Z,2026-08-21T23:54:16.913Z,70.8,,simulation_historical
6143,34922,Claire,Da Silva,Ventes,CDI,Tennis,Tennis,2026-04-25,2026-04-25T07:36:30.913Z,2026-04-25T09:56:13.913Z,139.7,,simulation_historical
6144,34922,Claire,Da Silva,Ventes,CDI,Tennis,Tennis,2026-09-12,2026-09-12T08:39:30.913Z,2026-09-12T09:40:38.913Z,61.1,,simulation_historical
6145,34922,Claire,Da Silva,Ventes,CDI,Tennis,Tennis,2026-09-09,2026-09-09T00:31:30.913Z,2026-09-09T02:24:51.913Z,113.4,,simulation_historical
6146,34922,Claire,Da Silva,Ventes,CDI,Tennis,Tennis,2026-02-13,2026-02-13T05:54:30.913Z,2026-02-13T08:30:35.913Z,156.1,,simulation_historical
6147,34922,Claire,Da Silva,Ventes,CDI,Tennis,Tennis,2026-03-10,2026-03-10T01:00:30.913Z,2026-03-10T01:29:09.913Z,28.7,,simulation_historical
6148,34922,Claire,Da Silva,Ventes,CDI,Tennis,Tennis,2026-03-31,2026-03-31T12:51:30.913Z,2026-03-31T13:51:23.913Z,59.9,,simulation_historical
6149,34922,Claire,Da Silva,Ventes,CDI,Tennis,Tennis,2026-08-19,2026-08-19T06:55:30.913Z,2026-08-19T09:02:39.913Z,127.2,,simulation_historical
6150,34922,Claire,Da Silva,Ventes,CDI,Tennis,Tennis,2026-08-10,2026-08-10T22:14:30.913Z,2026-08-10T23:24:05.913Z,69.6,,simulation_historical
6151,34922,Claire,Da Silva,Ventes,CDI,Tennis,Tennis,2026-06-10,2026-06-10T06:52:30.913Z,2026-06-10T08:56:41.913Z,124.2,,simulation_historical
6152,34922,Claire,Da Silva,Ventes,CDI,Tennis,Tennis,2026-09-10,2026-09-10T11:55:30.913Z,2026-09-10T13:23:28.913Z,88.0,,simulation_historical
6153,34922,Claire,Da Silva,Ventes,CDI,Tennis,Tennis,2026-03-03,2026-03-03T01:29:30.913Z,2026-03-03T01:58:39.913Z,29.2,,simulation_historical
6154,35719,Alain,Navarro,Finance,CDI,Marche,,2026-01-23,2026-01-23T15:55:30.913Z,2026-01-23T16:41:09.913Z,45.7,9.54,simulation_historical
6155,35719,Alain,Navarro,Finance,CDI,Marche,,2025-10-11,2025-10-11T09:14:30.913Z,2025-10-11T11:20:45.913Z,126.3,12.16,simulation_historical
6156,35719,Alain,Navarro,Finance,CDI,Marche,,2026-04-10,2026-04-10T05:34:30.913Z,2026-04-10T06:06:01.913Z,31.5,13.2,simulation_historical
6157,35719,Alain,Navarro,Finance,CDI,Marche,,2025-12-08,2025-12-08T23:37:30.913Z,2025-12-09T01:06:40.913Z,89.2,8.88,simulation_historical
6158,35719,Alain,Navarro,Finance,CDI,Marche,,2025-10-25,2025-10-25T06:32:30.913Z,2025-10-25T08:30:55.913Z,118.4,1.85,simulation_historical
6159,35719,Alain,Navarro,Finance,CDI,Marche,,2025-10-10,2025-10-10T09:37:30.913Z,2025-10-10T11:01:56.913Z,84.4,11.37,simulation_historical
6160,35719,Alain,Navarro,Finance,CDI,Marche,,2026-02-06,2026-02-06T05:44:30.913Z,2026-02-06T06:50:12.913Z,65.7,14.02,simulation_historical
6161,35719,Alain,Navarro,Finance,CDI,Marche,,2026-04-27,2026-04-27T21:37:30.913Z,2026-04-27T23:45:34.913Z,128.1,13.93,simulation_historical
6162,35719,Alain,Navarro,Finance,CDI,Marche,,2026-05-15,2026-05-15T15:42:30.913Z,2026-05-15T18:41:10.913Z,178.7,13.84,simulation_historical
6163,35719,Alain,Navarro,Finance,CDI,Marche,,2025-09-28,2025-09-28T00:00:30.913Z,2025-09-28T01:02:49.913Z,62.3,7.08,simulation_historical
6164,35719,Alain,Navarro,Finance,CDI,Marche,,2026-08-02,2026-08-02T08:34:30.913Z,2026-08-02T11:11:00.913Z,156.5,2.5,simulation_historical
6165,35719,Alain,Navarro,Finance,CDI,Marche,,2025-09-29,2025-09-29T20:23:30.913Z,2025-09-29T20:59:53.913Z,36.4,1.98,simulation_historical
6166,35719,Alain,Navarro,Finance,CDI,Marche,,2026-03-17,2026-03-17T19:35:30.913Z,2026-03-17T22:21:57.913Z,166.5,13.97,simulation_historical
6167,35719,Alain,Navarro,Finance,CDI,Marche,,2026-07-24,2026-07-24T11:13:30.913Z,2026-07-24T12:37:02.913Z,83.5,6.19,simulation_historical
6168,35719,Alain,Navarro,Finance,CDI,Marche,,2025-12-04,2025-12-04T18:56:30.913Z,2025-12-04T20:51:20.913Z,114.8,14.2,simulation_historical
6169,35719,Alain,Navarro,Finance,CDI,Marche,,2026-02-03,2026-02-03T16:32:30.913Z,2026-02-03T16:58:19.913Z,25.8,12.29,simulation_historical
6170,35719,Alain,Navarro,Finance,CDI,Marche,,2026-03-07,2026-03-07T03:58:30.913Z,2026-03-07T04:55:17.913Z,56.8,5.11,simulation_historical
6171,35731,Laurence,Morvan,Ventes,CDI,Rugby,Rugby,2026-01-10,2026-01-10T17:16:30.913Z,2026-01-10T20:09:09.913Z,172.7,,simulation_historical
6172,35731,Laurence,Morvan,Ventes,CDI,Rugby,Rugby,2026-04-18,2026-04-18T22:00:30.913Z,2026-04-19T00:34:19.913Z,153.8,,simulation_historical
6173,35731,Laurence,Morvan,Ventes,CDI,Rugby,Rugby,2026-06-10,2026-06-10T21:33:30.913Z,2026-06-11T00:21:56.913Z,168.4,,simulation_historical
6174,35731,Laurence,Morvan,Ventes,CDI,Rugby,Rugby,2026-03-22,2026-03-22T04:58:30.913Z,2026-03-22T07:26:24.913Z,147.9,,simulation_historical
6175,35731,Laurence,Morvan,Ventes,CDI,Rugby,Rugby,2026-04-28,2026-04-28T19:46:30.913Z,2026-04-28T22:37:55.913Z,171.4,,simulation_historical
6176,35731,Laurence,Morvan,Ventes,CDI,Rugby,Rugby,2026-06-26,2026-06-26T13:11:30.913Z,2026-06-26T14:13:49.913Z,62.3,,simulation_historical
6177,35731,Laurence,Morvan,Ventes,CDI,Rugby,Rugby,2026-01-29,2026-01-29T05:52:30.913Z,2026-01-29T07:24:24.913Z,91.9,,simulation_historical
6178,36827,Audrey,Devaux,Finance,CDI,Tennis,Tennis,2026-03-13,2026-03-13T01:44:30.913Z,2026-03-13T04:22:39.913Z,158.2,,simulation_historical
6179,36827,Audrey,Devaux,Finance,CDI,Tennis,Tennis,2026-03-05,2026-03-05T16:33:30.913Z,2026-03-05T16:58:36.913Z,25.1,,simulation_historical
6180,36827,Audrey,Devaux,Finance,CDI,Tennis,Tennis,2025-11-03,2025-11-03T03:55:30.913Z,2025-11-03T05:20:42.913Z,85.2,,simulation_historical
6181,36827,Audrey,Devaux,Finance,CDI,Tennis,Tennis,2026-04-04,2026-04-04T16:40:30.913Z,2026-04-04T19:27:40.913Z,167.2,,simulation_historical
6182,36827,Audrey,Devaux,Finance,CDI,Tennis,Tennis,2026-03-02,2026-03-02T09:11:30.913Z,2026-03-02T11:47:21.913Z,155.9,,simulation_historical
6183,36827,Audrey,Devaux,Finance,CDI,Tennis,Tennis,2025-12-08,2025-12-08T11:05:30.913Z,2025-12-08T12:42:48.913Z,97.3,,simulation_historical
6184,36827,Audrey,Devaux,Finance,CDI,Tennis,Tennis,2026-04-04,2026-04-04T02:03:30.913Z,2026-04-04T03:51:26.913Z,107.9,,simulation_historical
6185,36827,Audrey,Devaux,Finance,CDI,Tennis,Tennis,2026-07-22,2026-07-22T12:11:30.913Z,2026-07-22T12:49:42.913Z,38.2,,simulation_historical
6186,36827,Audrey,Devaux,Finance,CDI,Tennis,Tennis,2026-08-25,2026-08-25T11:33:30.913Z,2026-08-25T12:02:02.913Z,28.5,,simulation_historical
6187,36827,Audrey,Devaux,Finance,CDI,Tennis,Tennis,2026-06-05,2026-06-05T12:13:30.913Z,2026-06-05T13:25:49.913Z,72.3,,simulation_historical
6188,36827,Audrey,Devaux,Finance,CDI,Tennis,Tennis,2026-07-28,2026-07-28T14:08:30.913Z,2026-07-28T16:14:36.913Z,126.1,,simulation_historical
6189,36827,Audrey,Devaux,Finance,CDI,Tennis,Tennis,2025-10-15,2025-10-15T00:11:30.913Z,2025-10-15T01:41:23.913Z,89.9,,simulation_historical
6190,36827,Audrey,Devaux,Finance,CDI,Tennis,Tennis,2026-08-22,2026-08-22T04:30:30.913Z,2026-08-22T05:09:51.913Z,39.4,,simulation_historical
6191,36827,Audrey,Devaux,Finance,CDI,Tennis,Tennis,2026-09-10,2026-09-10T09:03:30.913Z,2026-09-10T11:37:41.913Z,154.2,,simulation_historical
6192,36827,Audrey,Devaux,Finance,CDI,Tennis,Tennis,2026-08-07,2026-08-07T00:53:30.913Z,2026-08-07T01:30:04.913Z,36.6,,simulation_historical
6193,36827,Audrey,Devaux,Finance,CDI,Tennis,Tennis,2026-03-15,2026-03-15T21:57:30.913Z,2026-03-16T00:11:04.913Z,133.6,,simulation_historical
6194,36827,Audrey,Devaux,Finance,CDI,Tennis,Tennis,2026-03-11,2026-03-11T17:41:30.913Z,2026-03-11T19:14:05.913Z,92.6,,simulation_historical
6195,36827,Audrey,Devaux,Finance,CDI,Tennis,Tennis,2025-12-20,2025-12-20T13:58:30.913Z,2025-12-20T14:37:43.913Z,39.2,,simulation_historical
6196,36827,Audrey,Devaux,Finance,CDI,Tennis,Tennis,2026-04-14,2026-04-14T13:31:30.913Z,2026-04-14T16:13:21.913Z,161.9,,simulation_historical
6197,36827,Audrey,Devaux,Finance,CDI,Tennis,Tennis,2026-07-29,2026-07-29T11:58:30.913Z,2026-07-29T13:21:34.913Z,83.1,,simulation_historical
6198,36827,Audrey,Devaux,Finance,CDI,Tennis,Tennis,2025-12-18,2025-12-18T03:32:30.913Z,2025-12-18T04:45:14.913Z,72.7,,simulation_historical
6199,36827,Audrey,Devaux,Finance,CDI,Tennis,Tennis,2025-12-20,2025-12-20T18:29:30.913Z,2025-12-20T21:25:09.913Z,175.7,,simulation_historical
6200,36827,Audrey,Devaux,Finance,CDI,Tennis,Tennis,2025-10-31,2025-10-31T10:09:30.913Z,2025-10-31T13:01:54.913Z,172.4,,simulation_historical
6201,36827,Audrey,Devaux,Finance,CDI,Tennis,Tennis,2026-02-15,2026-02-15T16:38:30.913Z,2026-02-15T19:35:56.913Z,177.4,,simulation_historical
6202,36827,Audrey,Devaux,Finance,CDI,Tennis,Tennis,2026-03-16,2026-03-16T18:15:30.913Z,2026-03-16T20:32:07.913Z,136.6,,simulation_historical
6203,36827,Audrey,Devaux,Finance,CDI,Tennis,Tennis,2026-07-25,2026-07-25T09:54:30.913Z,2026-07-25T11:03:45.913Z,69.3,,simulation_historical
6204,36827,Audrey,Devaux,Finance,CDI,Tennis,Tennis,2025-12-09,2025-12-09T03:12:30.913Z,2025-12-09T05:04:39.913Z,112.2,,simulation_historical
6205,36827,Audrey,Devaux,Finance,CDI,Tennis,Tennis,2025-10-15,2025-10-15T10:10:30.913Z,2025-10-15T12:31:28.913Z,141.0,,simulation_historical
6206,36827,Audrey,Devaux,Finance,CDI,Tennis,Tennis,2026-03-20,2026-03-20T05:09:30.913Z,2026-03-20T06:58:09.913Z,108.7,,simulation_historical
6207,36827,Audrey,Devaux,Finance,CDI,Tennis,Tennis,2026-03-10,2026-03-10T01:56:30.913Z,2026-03-10T04:14:04.913Z,137.6,,simulation_historical
6208,36827,Audrey,Devaux,Finance,CDI,Tennis,Tennis,2026-04-03,2026-04-03T20:29:30.913Z,2026-04-03T23:23:16.913Z,173.8,,simulation_historical
6209,36827,Audrey,Devaux,Finance,CDI,Tennis,Tennis,2025-12-11,2025-12-11T09:20:30.913Z,2025-12-11T12:10:45.913Z,170.3,,simulation_historical
6210,36827,Audrey,Devaux,Finance,CDI,Tennis,Tennis,2026-05-09,2026-05-09T04:16:30.913Z,2026-05-09T06:38:41.913Z,142.2,,simulation_historical
6211,36827,Audrey,Devaux,Finance,CDI,Tennis,Tennis,2026-02-25,2026-02-25T14:58:30.913Z,2026-02-25T15:27:57.913Z,29.5,,simulation_historical
6212,36827,Audrey,Devaux,Finance,CDI,Tennis,Tennis,2026-04-23,2026-04-23T20:43:30.913Z,2026-04-23T23:24:50.913Z,161.3,,simulation_historical
6213,36827,Audrey,Devaux,Finance,CDI,Tennis,Tennis,2026-07-09,2026-07-09T06:44:30.913Z,2026-07-09T08:26:30.913Z,102.0,,simulation_historical
6214,36827,Audrey,Devaux,Finance,CDI,Tennis,Tennis,2026-05-26,2026-05-26T08:50:30.913Z,2026-05-26T10:36:29.913Z,106.0,,simulation_historical
6215,36827,Audrey,Devaux,Finance,CDI,Tennis,Tennis,2026-09-04,2026-09-04T16:52:30.913Z,2026-09-04T18:27:51.913Z,95.4,,simulation_historical
6216,36827,Audrey,Devaux,Finance,CDI,Tennis,Tennis,2025-12-06,2025-12-06T23:09:30.913Z,2025-12-07T02:05:19.913Z,175.8,,simulation_historical
6217,36913,Brigitte,Pons,Finance,CDI,Marche,,2026-06-29,2026-06-29T12:42:30.913Z,2026-06-29T15:08:12.913Z,145.7,6.83,simulation_historical
6218,36913,Brigitte,Pons,Finance,CDI,Marche,,2026-06-29,2026-06-29T11:28:30.913Z,2026-06-29T13:28:44.913Z,120.2,10.54,simulation_historical
6219,36913,Brigitte,Pons,Finance,CDI,Marche,,2026-05-12,2026-05-12T08:28:30.913Z,2026-05-12T10:10:30.913Z,102.0,2.51,simulation_historical
6220,36913,Brigitte,Pons,Finance,CDI,Marche,,2025-11-28,2025-11-28T03:08:30.913Z,2025-11-28T04:27:52.913Z,79.4,13.03,simulation_historical
6221,36913,Brigitte,Pons,Finance,CDI,Marche,,2026-08-07,2026-08-07T16:24:30.913Z,2026-08-07T18:56:15.913Z,151.8,3.83,simulation_historical
6222,36913,Brigitte,Pons,Finance,CDI,Marche,,2026-01-09,2026-01-09T17:00:30.913Z,2026-01-09T19:57:50.913Z,177.3,14.43,simulation_historical
6223,36913,Brigitte,Pons,Finance,CDI,Marche,,2026-07-29,2026-07-29T20:03:30.913Z,2026-07-29T21:45:31.913Z,102.0,1.61,simulation_historical
6224,36913,Brigitte,Pons,Finance,CDI,Marche,,2025-11-25,2025-11-25T03:39:30.913Z,2025-11-25T04:14:46.913Z,35.3,13.63,simulation_historical
6225,36913,Brigitte,Pons,Finance,CDI,Marche,,2026-03-29,2026-03-29T03:48:30.913Z,2026-03-29T06:07:05.913Z,138.6,7.82,simulation_historical
6226,36913,Brigitte,Pons,Finance,CDI,Marche,,2026-07-17,2026-07-17T07:57:30.913Z,2026-07-17T08:20:37.913Z,23.1,11.39,simulation_historical
6227,36913,Brigitte,Pons,Finance,CDI,Marche,,2025-10-28,2025-10-28T03:41:30.913Z,2025-10-28T05:24:43.913Z,103.2,9.59,simulation_historical
6228,36913,Brigitte,Pons,Finance,CDI,Marche,,2026-08-26,2026-08-26T05:10:30.913Z,2026-08-26T08:04:45.913Z,174.3,3.45,simulation_historical
6229,36913,Brigitte,Pons,Finance,CDI,Marche,,2026-04-01,2026-04-01T23:00:30.913Z,2026-04-02T00:20:47.913Z,80.3,3.51,simulation_historical
6230,36913,Brigitte,Pons,Finance,CDI,Marche,,2026-08-21,2026-08-21T17:58:30.913Z,2026-08-21T20:05:46.913Z,127.3,8.3,simulation_historical
6231,36913,Brigitte,Pons,Finance,CDI,Marche,,2025-11-15,2025-11-15T21:12:30.913Z,2025-11-15T21:57:05.913Z,44.6,4.64,simulation_historical
6232,36913,Brigitte,Pons,Finance,CDI,Marche,,2026-02-07,2026-02-07T05:54:30.913Z,2026-02-07T08:02:10.913Z,127.7,3.43,simulation_historical
6233,36913,Brigitte,Pons,Finance,CDI,Marche,,2026-07-11,2026-07-11T05:39:30.913Z,2026-07-11T08:09:26.913Z,149.9,10.36,simulation_historical
6234,36913,Brigitte,Pons,Finance,CDI,Marche,,2026-08-21,2026-08-21T22:19:30.913Z,2026-08-21T23:51:11.913Z,91.7,2.39,simulation_historical
6235,36913,Brigitte,Pons,Finance,CDI,Marche,,2026-02-23,2026-02-23T23:17:30.913Z,2026-02-24T00:13:06.913Z,55.6,13.49,simulation_historical
6236,36913,Brigitte,Pons,Finance,CDI,Marche,,2026-07-09,2026-07-09T00:09:30.913Z,2026-07-09T01:23:35.913Z,74.1,8.99,simulation_historical
6237,36913,Brigitte,Pons,Finance,CDI,Marche,,2026-02-25,2026-02-25T19:08:30.913Z,2026-02-25T20:22:02.913Z,73.5,10.19,simulation_historical
6238,36913,Brigitte,Pons,Finance,CDI,Marche,,2025-11-04,2025-11-04T16:11:30.913Z,2025-11-04T17:38:44.913Z,87.2,4.97,simulation_historical
6239,36913,Brigitte,Pons,Finance,CDI,Marche,,2026-08-11,2026-08-11T06:55:30.913Z,2026-08-11T09:12:56.913Z,137.4,6.3,simulation_historical
6240,36913,Brigitte,Pons,Finance,CDI,Marche,,2025-09-30,2025-09-30T21:39:30.913Z,2025-09-30T22:30:13.913Z,50.7,12.01,simulation_historical
6241,36913,Brigitte,Pons,Finance,CDI,Marche,,2026-02-17,2026-02-17T02:21:30.913Z,2026-02-17T04:16:36.913Z,115.1,4.12,simulation_historical
6242,36913,Brigitte,Pons,Finance,CDI,Marche,,2026-04-05,2026-04-05T04:06:30.913Z,2026-04-05T04:33:06.913Z,26.6,13.61,simulation_historical
6243,36913,Brigitte,Pons,Finance,CDI,Marche,,2026-04-13,2026-04-13T10:22:30.913Z,2026-04-13T12:43:15.913Z,140.8,11.21,simulation_historical
6244,36913,Brigitte,Pons,Finance,CDI,Marche,,2026-07-04,2026-07-04T01:42:30.913Z,2026-07-04T03:06:15.913Z,83.8,4.27,simulation_historical
6245,36913,Brigitte,Pons,Finance,CDI,Marche,,2025-10-01,2025-10-01T04:35:30.913Z,2025-10-01T05:18:55.913Z,43.4,2.84,simulation_historical
6246,36913,Brigitte,Pons,Finance,CDI,Marche,,2026-08-20,2026-08-20T08:05:30.913Z,2026-08-20T09:05:49.913Z,60.3,14.64,simulation_historical
6247,36913,Brigitte,Pons,Finance,CDI,Marche,,2026-04-22,2026-04-22T15:23:30.913Z,2026-04-22T16:13:53.913Z,50.4,6.0,simulation_historical
6248,36913,Brigitte,Pons,Finance,CDI,Marche,,2026-01-29,2026-01-29T00:43:30.913Z,2026-01-29T02:34:07.913Z,110.6,4.42,simulation_historical
6249,36913,Brigitte,Pons,Finance,CDI,Marche,,2025-12-15,2025-12-15T09:31:30.913Z,2025-12-15T12:20:42.913Z,169.2,9.57,simulation_historical
6250,36913,Brigitte,Pons,Finance,CDI,Marche,,2026-05-06,2026-05-06T22:14:30.913Z,2026-05-06T23:13:05.913Z,58.6,12.39,simulation_historical
6251,36913,Brigitte,Pons,Finance,CDI,Marche,,2025-09-23,2025-09-23T18:43:30.913Z,2025-09-23T20:46:20.913Z,122.8,10.55,simulation_historical
6252,36913,Brigitte,Pons,Finance,CDI,Marche,,2025-10-11,2025-10-11T23:42:30.913Z,2025-10-12T01:12:15.913Z,89.8,3.79,simulation_historical
6253,36913,Brigitte,Pons,Finance,CDI,Marche,,2026-08-17,2026-08-17T06:32:30.913Z,2026-08-17T08:06:34.913Z,94.1,1.87,simulation_historical
6254,36913,Brigitte,Pons,Finance,CDI,Marche,,2026-01-20,2026-01-20T19:44:30.913Z,2026-01-20T20:22:41.913Z,38.2,7.37,simulation_historical
6255,36913,Brigitte,Pons,Finance,CDI,Marche,,2025-10-13,2025-10-13T07:02:30.913Z,2025-10-13T09:00:51.913Z,118.4,2.77,simulation_historical
6256,36913,Brigitte,Pons,Finance,CDI,Marche,,2026-09-07,2026-09-07T05:49:30.913Z,2026-09-07T07:55:02.913Z,125.5,4.79,simulation_historical
6257,36913,Brigitte,Pons,Finance,CDI,Marche,,2026-03-05,2026-03-05T22:59:30.913Z,2026-03-05T23:46:41.913Z,47.2,6.17,simulation_historical
6258,36981,Jules,Schmitt,Marketing,CDD,Natation,Natation,2025-11-14,2025-11-14T22:39:30.913Z,2025-11-14T23:50:24.913Z,70.9,,simulation_historical
6259,36981,Jules,Schmitt,Marketing,CDD,Natation,Natation,2026-06-06,2026-06-06T23:15:30.913Z,2026-06-07T02:08:36.913Z,173.1,,simulation_historical
6260,36981,Jules,Schmitt,Marketing,CDD,Natation,Natation,2025-09-17,2025-09-17T15:42:30.913Z,2025-09-17T17:10:03.913Z,87.6,,simulation_historical
6261,36981,Jules,Schmitt,Marketing,CDD,Natation,Natation,2025-12-19,2025-12-19T06:23:30.913Z,2025-12-19T08:57:17.913Z,153.8,,simulation_historical
6262,36981,Jules,Schmitt,Marketing,CDD,Natation,Natation,2026-02-26,2026-02-26T16:34:30.913Z,2026-02-26T16:59:31.913Z,25.0,,simulation_historical
6263,36981,Jules,Schmitt,Marketing,CDD,Natation,Natation,2026-03-22,2026-03-22T18:22:30.913Z,2026-03-22T20:19:32.913Z,117.0,,simulation_historical
6264,36981,Jules,Schmitt,Marketing,CDD,Natation,Natation,2025-10-31,2025-10-31T06:29:30.913Z,2025-10-31T09:06:22.913Z,156.9,,simulation_historical
6265,36981,Jules,Schmitt,Marketing,CDD,Natation,Natation,2026-04-28,2026-04-28T14:04:30.913Z,2026-04-28T15:34:51.913Z,90.4,,simulation_historical
6266,36981,Jules,Schmitt,Marketing,CDD,Natation,Natation,2026-03-02,2026-03-02T15:09:30.913Z,2026-03-02T16:46:00.913Z,96.5,,simulation_historical
6267,36981,Jules,Schmitt,Marketing,CDD,Natation,Natation,2026-05-24,2026-05-24T11:23:30.913Z,2026-05-24T13:30:46.913Z,127.3,,simulation_historical
6268,36981,Jules,Schmitt,Marketing,CDD,Natation,Natation,2025-10-15,2025-10-15T11:39:30.913Z,2025-10-15T13:43:52.913Z,124.4,,simulation_historical
6269,36981,Jules,Schmitt,Marketing,CDD,Natation,Natation,2025-12-23,2025-12-23T18:05:30.913Z,2025-12-23T19:27:36.913Z,82.1,,simulation_historical
6270,36981,Jules,Schmitt,Marketing,CDD,Natation,Natation,2026-02-15,2026-02-15T08:08:30.913Z,2026-02-15T09:10:12.913Z,61.7,,simulation_historical
6271,36981,Jules,Schmitt,Marketing,CDD,Natation,Natation,2026-02-10,2026-02-10T05:46:30.913Z,2026-02-10T07:36:25.913Z,109.9,,simulation_historical
6272,36981,Jules,Schmitt,Marketing,CDD,Natation,Natation,2026-01-29,2026-01-29T22:36:30.913Z,2026-01-29T23:52:57.913Z,76.5,,simulation_historical
6273,36981,Jules,Schmitt,Marketing,CDD,Natation,Natation,2025-10-17,2025-10-17T11:07:30.913Z,2025-10-17T13:55:19.913Z,167.8,,simulation_historical
6274,36981,Jules,Schmitt,Marketing,CDD,Natation,Natation,2025-10-01,2025-10-01T08:49:30.913Z,2025-10-01T09:47:12.913Z,57.7,,simulation_historical
6275,36981,Jules,Schmitt,Marketing,CDD,Natation,Natation,2026-04-10,2026-04-10T16:59:30.913Z,2026-04-10T19:42:32.913Z,163.0,,simulation_historical
6276,36981,Jules,Schmitt,Marketing,CDD,Natation,Natation,2026-07-09,2026-07-09T01:46:30.913Z,2026-07-09T02:46:08.913Z,59.6,,simulation_historical
6277,36981,Jules,Schmitt,Marketing,CDD,Natation,Natation,2025-10-15,2025-10-15T20:46:30.913Z,2025-10-15T21:49:39.913Z,63.2,,simulation_historical
6278,36981,Jules,Schmitt,Marketing,CDD,Natation,Natation,2026-04-07,2026-04-07T13:09:30.913Z,2026-04-07T15:55:02.913Z,165.5,,simulation_historical
6279,36981,Jules,Schmitt,Marketing,CDD,Natation,Natation,2026-07-18,2026-07-18T10:24:30.913Z,2026-07-18T11:24:14.913Z,59.7,,simulation_historical
6280,36981,Jules,Schmitt,Marketing,CDD,Natation,Natation,2026-09-01,2026-09-01T04:48:30.913Z,2026-09-01T07:01:33.913Z,133.1,,simulation_historical
6281,36981,Jules,Schmitt,Marketing,CDD,Natation,Natation,2026-02-18,2026-02-18T06:16:30.913Z,2026-02-18T07:51:15.913Z,94.8,,simulation_historical
6282,36981,Jules,Schmitt,Marketing,CDD,Natation,Natation,2026-07-01,2026-07-01T09:38:30.913Z,2026-07-01T10:34:25.913Z,55.9,,simulation_historical
6283,36981,Jules,Schmitt,Marketing,CDD,Natation,Natation,2026-06-14,2026-06-14T14:56:30.913Z,2026-06-14T16:29:22.913Z,92.9,,simulation_historical
6284,36981,Jules,Schmitt,Marketing,CDD,Natation,Natation,2025-11-09,2025-11-09T21:05:30.913Z,2025-11-09T22:28:33.913Z,83.1,,simulation_historical
6285,36981,Jules,Schmitt,Marketing,CDD,Natation,Natation,2025-11-15,2025-11-15T08:30:30.913Z,2025-11-15T08:57:37.913Z,27.1,,simulation_historical
6286,36981,Jules,Schmitt,Marketing,CDD,Natation,Natation,2026-03-17,2026-03-17T13:00:30.913Z,2026-03-17T15:30:38.913Z,150.1,,simulation_historical
6287,36981,Jules,Schmitt,Marketing,CDD,Natation,Natation,2026-07-09,2026-07-09T22:50:30.913Z,2026-07-10T01:18:30.913Z,148.0,,simulation_historical
6288,36981,Jules,Schmitt,Marketing,CDD,Natation,Natation,2025-09-16,2025-09-16T19:21:30.913Z,2025-09-16T20:31:44.913Z,70.2,,simulation_historical
6289,36981,Jules,Schmitt,Marketing,CDD,Natation,Natation,2026-03-02,2026-03-02T00:14:30.913Z,2026-03-02T01:12:03.913Z,57.6,,simulation_historical
6290,36981,Jules,Schmitt,Marketing,CDD,Natation,Natation,2026-06-25,2026-06-25T09:30:30.913Z,2026-06-25T09:59:18.913Z,28.8,,simulation_historical
6291,36981,Jules,Schmitt,Marketing,CDD,Natation,Natation,2026-02-19,2026-02-19T14:45:30.913Z,2026-02-19T16:19:11.913Z,93.7,,simulation_historical
6292,36981,Jules,Schmitt,Marketing,CDD,Natation,Natation,2026-02-17,2026-02-17T07:57:30.913Z,2026-02-17T09:12:53.913Z,75.4,,simulation_historical
6293,36981,Jules,Schmitt,Marketing,CDD,Natation,Natation,2026-06-04,2026-06-04T13:33:30.913Z,2026-06-04T15:53:27.913Z,140.0,,simulation_historical
6294,37830,Alexandre,Toussaint,Ventes,CDI,Randonnée,Randonnée,2026-01-08,2026-01-08T17:24:30.913Z,2026-01-08T19:49:26.913Z,144.9,10.09,simulation_historical
6295,37830,Alexandre,Toussaint,Ventes,CDI,Randonnée,Randonnée,2026-02-10,2026-02-10T02:55:30.913Z,2026-02-10T03:26:55.913Z,31.4,21.92,simulation_historical
6296,37830,Alexandre,Toussaint,Ventes,CDI,Randonnée,Randonnée,2026-03-05,2026-03-05T16:24:30.913Z,2026-03-05T18:32:07.913Z,127.6,22.04,simulation_historical
6297,37830,Alexandre,Toussaint,Ventes,CDI,Randonnée,Randonnée,2025-11-27,2025-11-27T20:10:30.913Z,2025-11-27T22:53:55.913Z,163.4,23.02,simulation_historical
6298,37830,Alexandre,Toussaint,Ventes,CDI,Randonnée,Randonnée,2025-09-21,2025-09-21T14:11:30.913Z,2025-09-21T15:01:21.913Z,49.9,16.8,simulation_historical
6299,37830,Alexandre,Toussaint,Ventes,CDI,Randonnée,Randonnée,2026-01-26,2026-01-26T13:48:30.913Z,2026-01-26T15:15:35.913Z,87.1,19.0,simulation_historical
6300,37830,Alexandre,Toussaint,Ventes,CDI,Randonnée,Randonnée,2025-12-15,2025-12-15T02:57:30.913Z,2025-12-15T03:28:13.913Z,30.7,20.27,simulation_historical
6301,37830,Alexandre,Toussaint,Ventes,CDI,Randonnée,Randonnée,2026-03-01,2026-03-01T22:56:30.913Z,2026-03-01T23:29:57.913Z,33.5,8.22,simulation_historical
6302,37830,Alexandre,Toussaint,Ventes,CDI,Randonnée,Randonnée,2026-04-20,2026-04-20T01:19:30.913Z,2026-04-20T03:02:39.913Z,103.2,27.35,simulation_historical
6303,37830,Alexandre,Toussaint,Ventes,CDI,Randonnée,Randonnée,2026-04-23,2026-04-23T01:34:30.913Z,2026-04-23T03:49:51.913Z,135.4,11.65,simulation_historical
6304,37830,Alexandre,Toussaint,Ventes,CDI,Randonnée,Randonnée,2025-11-07,2025-11-07T14:00:30.913Z,2025-11-07T16:41:40.913Z,161.2,6.66,simulation_historical
6305,37830,Alexandre,Toussaint,Ventes,CDI,Randonnée,Randonnée,2026-01-21,2026-01-21T19:16:30.913Z,2026-01-21T20:01:11.913Z,44.7,25.68,simulation_historical
6306,37830,Alexandre,Toussaint,Ventes,CDI,Randonnée,Randonnée,2026-01-03,2026-01-03T12:33:30.913Z,2026-01-03T15:33:21.913Z,179.9,24.81,simulation_historical
6307,37830,Alexandre,Toussaint,Ventes,CDI,Randonnée,Randonnée,2025-12-11,2025-12-11T11:19:30.913Z,2025-12-11T13:32:25.913Z,132.9,12.6,simulation_historical
6308,37830,Alexandre,Toussaint,Ventes,CDI,Randonnée,Randonnée,2026-01-29,2026-01-29T15:33:30.913Z,2026-01-29T17:57:23.913Z,143.9,21.34,simulation_historical
6309,37830,Alexandre,Toussaint,Ventes,CDI,Randonnée,Randonnée,2025-09-17,2025-09-17T08:48:30.913Z,2025-09-17T11:12:39.913Z,144.2,4.96,simulation_historical
6310,37830,Alexandre,Toussaint,Ventes,CDI,Randonnée,Randonnée,2026-05-11,2026-05-11T05:00:30.913Z,2026-05-11T06:05:16.913Z,64.8,25.54,simulation_historical
6311,37830,Alexandre,Toussaint,Ventes,CDI,Randonnée,Randonnée,2026-07-15,2026-07-15T13:37:30.913Z,2026-07-15T16:00:12.913Z,142.7,22.78,simulation_historical
6312,37830,Alexandre,Toussaint,Ventes,CDI,Randonnée,Randonnée,2026-03-15,2026-03-15T13:11:30.913Z,2026-03-15T15:16:22.913Z,124.9,25.82,simulation_historical
6313,37830,Alexandre,Toussaint,Ventes,CDI,Randonnée,Randonnée,2025-12-28,2025-12-28T20:34:30.913Z,2025-12-28T22:37:54.913Z,123.4,20.03,simulation_historical
6314,37830,Alexandre,Toussaint,Ventes,CDI,Randonnée,Randonnée,2026-03-06,2026-03-06T13:55:30.913Z,2026-03-06T15:02:09.913Z,66.7,12.98,simulation_historical
6315,37830,Alexandre,Toussaint,Ventes,CDI,Randonnée,Randonnée,2025-11-30,2025-11-30T17:49:30.913Z,2025-11-30T18:50:29.913Z,61.0,7.31,simulation_historical
6316,37830,Alexandre,Toussaint,Ventes,CDI,Randonnée,Randonnée,2026-07-04,2026-07-04T09:55:30.913Z,2026-07-04T10:29:30.913Z,34.0,15.75,simulation_historical
6317,37830,Alexandre,Toussaint,Ventes,CDI,Randonnée,Randonnée,2026-04-12,2026-04-12T05:58:30.913Z,2026-04-12T08:20:21.913Z,141.9,11.46,simulation_historical
6318,37830,Alexandre,Toussaint,Ventes,CDI,Randonnée,Randonnée,2025-10-31,2025-10-31T10:37:30.913Z,2025-10-31T11:33:25.913Z,55.9,8.65,simulation_historical
6319,37830,Alexandre,Toussaint,Ventes,CDI,Randonnée,Randonnée,2026-09-14,2026-09-14T19:56:30.913Z,2026-09-14T21:25:36.913Z,89.1,2.4,simulation_historical
6320,37830,Alexandre,Toussaint,Ventes,CDI,Randonnée,Randonnée,2026-01-24,2026-01-24T23:50:30.913Z,2026-01-25T02:26:39.913Z,156.2,19.81,simulation_historical
6321,37830,Alexandre,Toussaint,Ventes,CDI,Randonnée,Randonnée,2026-09-13,2026-09-13T19:48:30.913Z,2026-09-13T22:23:14.913Z,154.7,9.79,simulation_historical
6322,37830,Alexandre,Toussaint,Ventes,CDI,Randonnée,Randonnée,2026-05-27,2026-05-27T21:02:30.913Z,2026-05-27T23:32:24.913Z,149.9,16.87,simulation_historical
6323,37830,Alexandre,Toussaint,Ventes,CDI,Randonnée,Randonnée,2026-02-19,2026-02-19T01:39:30.913Z,2026-02-19T02:01:17.913Z,21.8,10.02,simulation_historical
6324,37830,Alexandre,Toussaint,Ventes,CDI,Randonnée,Randonnée,2025-12-10,2025-12-10T07:05:30.913Z,2025-12-10T09:57:44.913Z,172.2,28.87,simulation_historical
6325,37830,Alexandre,Toussaint,Ventes,CDI,Randonnée,Randonnée,2026-06-02,2026-06-02T14:33:30.913Z,2026-06-02T15:33:59.913Z,60.5,3.8,simulation_historical
6326,37830,Alexandre,Toussaint,Ventes,CDI,Randonnée,Randonnée,2025-10-17,2025-10-17T04:42:30.913Z,2025-10-17T05:42:11.913Z,59.7,29.98,simulation_historical
6327,37830,Alexandre,Toussaint,Ventes,CDI,Randonnée,Randonnée,2026-08-30,2026-08-30T18:08:30.913Z,2026-08-30T19:49:59.913Z,101.5,12.85,simulation_historical
6328,37830,Alexandre,Toussaint,Ventes,CDI,Randonnée,Randonnée,2026-08-03,2026-08-03T14:38:30.913Z,2026-08-03T16:52:21.913Z,133.9,7.84,simulation_historical
6329,37830,Alexandre,Toussaint,Ventes,CDI,Randonnée,Randonnée,2026-06-25,2026-06-25T18:26:30.913Z,2026-06-25T21:22:46.913Z,176.3,27.8,simulation_historical
6330,37830,Alexandre,Toussaint,Ventes,CDI,Randonnée,Randonnée,2025-12-03,2025-12-03T10:15:30.913Z,2025-12-03T13:13:35.913Z,178.1,13.8,simulation_historical
6331,37830,Alexandre,Toussaint,Ventes,CDI,Randonnée,Randonnée,2026-08-29,2026-08-29T12:55:30.913Z,2026-08-29T14:37:13.913Z,101.7,12.58,simulation_historical
6332,37830,Alexandre,Toussaint,Ventes,CDI,Randonnée,Randonnée,2026-03-12,2026-03-12T02:52:30.913Z,2026-03-12T03:30:58.913Z,38.5,26.85,simulation_historical
6333,37830,Alexandre,Toussaint,Ventes,CDI,Randonnée,Randonnée,2026-02-09,2026-02-09T22:40:30.913Z,2026-02-10T00:20:27.913Z,100.0,17.43,simulation_historical
6334,37830,Alexandre,Toussaint,Ventes,CDI,Randonnée,Randonnée,2026-07-10,2026-07-10T12:00:30.913Z,2026-07-10T13:35:26.913Z,94.9,12.79,simulation_historical
6335,37830,Alexandre,Toussaint,Ventes,CDI,Randonnée,Randonnée,2025-12-21,2025-12-21T02:11:30.913Z,2025-12-21T03:28:48.913Z,77.3,24.8,simulation_historical
6336,37830,Alexandre,Toussaint,Ventes,CDI,Randonnée,Randonnée,2026-05-31,2026-05-31T20:41:30.913Z,2026-05-31T21:31:20.913Z,49.8,20.72,simulation_historical
6337,37830,Alexandre,Toussaint,Ventes,CDI,Randonnée,Randonnée,2025-10-28,2025-10-28T23:39:30.913Z,2025-10-29T02:11:34.913Z,152.1,25.73,simulation_historical
6338,37866,Marine,Gautier,R&D,CDI,Natation,Natation,2025-11-10,2025-11-10T17:26:30.913Z,2025-11-10T19:43:06.913Z,136.6,,simulation_historical
6339,37866,Marine,Gautier,R&D,CDI,Natation,Natation,2025-11-09,2025-11-09T05:28:30.913Z,2025-11-09T08:11:58.913Z,163.5,,simulation_historical
6340,37866,Marine,Gautier,R&D,CDI,Natation,Natation,2025-11-25,2025-11-25T20:22:30.913Z,2025-11-25T21:17:55.913Z,55.4,,simulation_historical
6341,37866,Marine,Gautier,R&D,CDI,Natation,Natation,2025-11-05,2025-11-05T21:13:30.913Z,2025-11-05T23:55:24.913Z,161.9,,simulation_historical
6342,37866,Marine,Gautier,R&D,CDI,Natation,Natation,2025-10-28,2025-10-28T00:13:30.913Z,2025-10-28T01:22:37.913Z,69.1,,simulation_historical
6343,37866,Marine,Gautier,R&D,CDI,Natation,Natation,2025-11-08,2025-11-08T07:59:30.913Z,2025-11-08T09:38:49.913Z,99.3,,simulation_historical
6344,37866,Marine,Gautier,R&D,CDI,Natation,Natation,2026-06-09,2026-06-09T15:37:30.913Z,2026-06-09T16:04:02.913Z,26.5,,simulation_historical
6345,37866,Marine,Gautier,R&D,CDI,Natation,Natation,2026-01-20,2026-01-20T18:54:30.913Z,2026-01-20T19:46:42.913Z,52.2,,simulation_historical
6346,37866,Marine,Gautier,R&D,CDI,Natation,Natation,2026-06-01,2026-06-01T20:18:30.913Z,2026-06-01T22:31:33.913Z,133.1,,simulation_historical
6347,37866,Marine,Gautier,R&D,CDI,Natation,Natation,2026-08-24,2026-08-24T05:22:30.913Z,2026-08-24T08:15:31.913Z,173.0,,simulation_historical
6348,37866,Marine,Gautier,R&D,CDI,Natation,Natation,2025-10-25,2025-10-25T09:44:30.913Z,2025-10-25T10:59:26.913Z,74.9,,simulation_historical
6349,37866,Marine,Gautier,R&D,CDI,Natation,Natation,2025-09-28,2025-09-28T06:28:30.913Z,2025-09-28T07:07:01.913Z,38.5,,simulation_historical
6350,37866,Marine,Gautier,R&D,CDI,Natation,Natation,2026-04-12,2026-04-12T06:12:30.913Z,2026-04-12T09:02:41.913Z,170.2,,simulation_historical
6351,37866,Marine,Gautier,R&D,CDI,Natation,Natation,2026-04-04,2026-04-04T15:37:30.913Z,2026-04-04T17:28:30.913Z,111.0,,simulation_historical
6352,37866,Marine,Gautier,R&D,CDI,Natation,Natation,2026-03-26,2026-03-26T02:58:30.913Z,2026-03-26T05:53:51.913Z,175.4,,simulation_historical
6353,37866,Marine,Gautier,R&D,CDI,Natation,Natation,2025-11-05,2025-11-05T14:51:30.913Z,2025-11-05T15:59:27.913Z,68.0,,simulation_historical
6354,37866,Marine,Gautier,R&D,CDI,Natation,Natation,2026-06-09,2026-06-09T04:51:30.913Z,2026-06-09T06:43:46.913Z,112.3,,simulation_historical
6355,37866,Marine,Gautier,R&D,CDI,Natation,Natation,2025-10-06,2025-10-06T23:46:30.913Z,2025-10-07T02:16:04.913Z,149.6,,simulation_historical
6356,37866,Marine,Gautier,R&D,CDI,Natation,Natation,2026-08-28,2026-08-28T19:36:30.913Z,2026-08-28T22:07:58.913Z,151.5,,simulation_historical
6357,37866,Marine,Gautier,R&D,CDI,Natation,Natation,2026-06-28,2026-06-28T19:15:30.913Z,2026-06-28T22:02:07.913Z,166.6,,simulation_historical
6358,37866,Marine,Gautier,R&D,CDI,Natation,Natation,2026-03-29,2026-03-29T00:54:30.913Z,2026-03-29T03:07:32.913Z,133.0,,simulation_historical
6359,37866,Marine,Gautier,R&D,CDI,Natation,Natation,2026-08-18,2026-08-18T23:25:30.913Z,2026-08-19T02:19:46.913Z,174.3,,simulation_historical
6360,37866,Marine,Gautier,R&D,CDI,Natation,Natation,2025-10-04,2025-10-04T05:09:30.913Z,2025-10-04T07:55:49.913Z,166.3,,simulation_historical
6361,37866,Marine,Gautier,R&D,CDI,Natation,Natation,2026-09-07,2026-09-07T09:08:30.913Z,2026-09-07T10:59:04.913Z,110.6,,simulation_historical
6362,37866,Marine,Gautier,R&D,CDI,Natation,Natation,2026-03-19,2026-03-19T13:35:30.913Z,2026-03-19T15:12:05.913Z,96.6,,simulation_historical
6363,37866,Marine,Gautier,R&D,CDI,Natation,Natation,2026-09-01,2026-09-01T05:20:30.913Z,2026-09-01T08:06:23.913Z,165.9,,simulation_historical
6364,37866,Marine,Gautier,R&D,CDI,Natation,Natation,2026-06-23,2026-06-23T21:06:30.913Z,2026-06-23T23:12:52.913Z,126.4,,simulation_historical
6365,37866,Marine,Gautier,R&D,CDI,Natation,Natation,2026-06-12,2026-06-12T20:37:30.913Z,2026-06-12T22:21:40.913Z,104.2,,simulation_historical
6366,37866,Marine,Gautier,R&D,CDI,Natation,Natation,2025-09-20,2025-09-20T04:59:30.913Z,2025-09-20T05:28:08.913Z,28.6,,simulation_historical
6367,37866,Marine,Gautier,R&D,CDI,Natation,Natation,2026-04-30,2026-04-30T02:39:30.913Z,2026-04-30T05:15:13.913Z,155.7,,simulation_historical
6368,37866,Marine,Gautier,R&D,CDI,Natation,Natation,2026-05-18,2026-05-18T04:16:30.913Z,2026-05-18T05:59:08.913Z,102.6,,simulation_historical
6369,37866,Marine,Gautier,R&D,CDI,Natation,Natation,2026-05-28,2026-05-28T23:25:30.913Z,2026-05-29T00:33:17.913Z,67.8,,simulation_historical
6370,37866,Marine,Gautier,R&D,CDI,Natation,Natation,2026-07-21,2026-07-21T03:54:30.913Z,2026-07-21T04:24:42.913Z,30.2,,simulation_historical
6371,37866,Marine,Gautier,R&D,CDI,Natation,Natation,2026-06-05,2026-06-05T13:16:30.913Z,2026-06-05T15:54:40.913Z,158.2,,simulation_historical
6372,37866,Marine,Gautier,R&D,CDI,Natation,Natation,2026-09-03,2026-09-03T23:47:30.913Z,2026-09-04T02:24:02.913Z,156.5,,simulation_historical
6373,37866,Marine,Gautier,R&D,CDI,Natation,Natation,2026-06-30,2026-06-30T09:23:30.913Z,2026-06-30T11:55:31.913Z,152.0,,simulation_historical
6374,37866,Marine,Gautier,R&D,CDI,Natation,Natation,2025-12-22,2025-12-22T05:55:30.913Z,2025-12-22T07:44:53.913Z,109.4,,simulation_historical
6375,37866,Marine,Gautier,R&D,CDI,Natation,Natation,2026-07-05,2026-07-05T11:52:30.913Z,2026-07-05T14:33:26.913Z,160.9,,simulation_historical
6376,37866,Marine,Gautier,R&D,CDI,Natation,Natation,2025-10-05,2025-10-05T11:31:30.913Z,2025-10-05T12:01:28.913Z,30.0,,simulation_historical
6377,37866,Marine,Gautier,R&D,CDI,Natation,Natation,2026-01-24,2026-01-24T02:59:30.913Z,2026-01-24T05:42:08.913Z,162.6,,simulation_historical
6378,37866,Marine,Gautier,R&D,CDI,Natation,Natation,2026-07-19,2026-07-19T15:25:30.913Z,2026-07-19T15:57:31.913Z,32.0,,simulation_historical
6379,37866,Marine,Gautier,R&D,CDI,Natation,Natation,2025-09-29,2025-09-29T19:49:30.913Z,2025-09-29T20:33:16.913Z,43.8,,simulation_historical
6380,37866,Marine,Gautier,R&D,CDI,Natation,Natation,2026-03-30,2026-03-30T00:48:30.913Z,2026-03-30T01:21:05.913Z,32.6,,simulation_historical
6381,37866,Marine,Gautier,R&D,CDI,Natation,Natation,2026-07-25,2026-07-25T22:55:30.913Z,2026-07-26T00:40:49.913Z,105.3,,simulation_historical
6382,37866,Marine,Gautier,R&D,CDI,Natation,Natation,2026-09-04,2026-09-04T20:56:30.913Z,2026-09-04T22:41:44.913Z,105.2,,simulation_historical
6383,37866,Marine,Gautier,R&D,CDI,Natation,Natation,2025-10-24,2025-10-24T09:24:30.913Z,2025-10-24T10:39:15.913Z,74.8,,simulation_historical
6384,37866,Marine,Gautier,R&D,CDI,Natation,Natation,2026-06-10,2026-06-10T06:27:30.913Z,2026-06-10T09:12:50.913Z,165.3,,simulation_historical
6385,37866,Marine,Gautier,R&D,CDI,Natation,Natation,2026-04-06,2026-04-06T01:02:30.913Z,2026-04-06T01:54:37.913Z,52.1,,simulation_historical
6386,37866,Marine,Gautier,R&D,CDI,Natation,Natation,2026-04-30,2026-04-30T11:34:30.913Z,2026-04-30T13:09:13.913Z,94.7,,simulation_historical
6387,39874,Claire,Rossi,Support,CDD,Tennis,Tennis,2026-09-08,2026-09-08T20:09:30.913Z,2026-09-08T22:49:52.913Z,160.4,,simulation_historical
6388,39874,Claire,Rossi,Support,CDD,Tennis,Tennis,2026-07-26,2026-07-26T09:10:30.913Z,2026-07-26T11:06:09.913Z,115.7,,simulation_historical
6389,39874,Claire,Rossi,Support,CDD,Tennis,Tennis,2025-12-09,2025-12-09T05:27:30.913Z,2025-12-09T06:26:09.913Z,58.7,,simulation_historical
6390,39874,Claire,Rossi,Support,CDD,Tennis,Tennis,2025-09-21,2025-09-21T06:08:30.913Z,2025-09-21T07:35:21.913Z,86.9,,simulation_historical
6391,39874,Claire,Rossi,Support,CDD,Tennis,Tennis,2026-06-21,2026-06-21T13:25:30.913Z,2026-06-21T15:17:59.913Z,112.5,,simulation_historical
6392,39874,Claire,Rossi,Support,CDD,Tennis,Tennis,2025-12-14,2025-12-14T01:41:30.913Z,2025-12-14T02:37:01.913Z,55.5,,simulation_historical
6393,39874,Claire,Rossi,Support,CDD,Tennis,Tennis,2026-09-01,2026-09-01T23:47:30.913Z,2026-09-02T00:21:16.913Z,33.8,,simulation_historical
6394,39874,Claire,Rossi,Support,CDD,Tennis,Tennis,2026-07-24,2026-07-24T03:41:30.913Z,2026-07-24T04:25:00.913Z,43.5,,simulation_historical
6395,39874,Claire,Rossi,Support,CDD,Tennis,Tennis,2026-02-10,2026-02-10T03:33:30.913Z,2026-02-10T05:55:14.913Z,141.7,,simulation_historical
6396,39874,Claire,Rossi,Support,CDD,Tennis,Tennis,2025-11-05,2025-11-05T04:25:30.913Z,2025-11-05T06:16:14.913Z,110.7,,simulation_historical
6397,39874,Claire,Rossi,Support,CDD,Tennis,Tennis,2026-06-06,2026-06-06T16:56:30.913Z,2026-06-06T19:42:10.913Z,165.7,,simulation_historical
6398,39874,Claire,Rossi,Support,CDD,Tennis,Tennis,2026-08-07,2026-08-07T01:08:30.913Z,2026-08-07T02:04:29.913Z,56.0,,simulation_historical
6399,41293,Sabine,Marchand,Support,CDI,Randonnée,Randonnée,2025-09-24,2025-09-24T01:38:30.913Z,2025-09-24T04:02:54.913Z,144.4,12.17,simulation_historical
6400,41293,Sabine,Marchand,Support,CDI,Randonnée,Randonnée,2025-09-30,2025-09-30T18:59:30.913Z,2025-09-30T21:26:35.913Z,147.1,17.42,simulation_historical
6401,41293,Sabine,Marchand,Support,CDI,Randonnée,Randonnée,2026-05-21,2026-05-21T08:35:30.913Z,2026-05-21T10:05:57.913Z,90.5,13.91,simulation_historical
6402,41293,Sabine,Marchand,Support,CDI,Randonnée,Randonnée,2026-02-28,2026-02-28T10:00:30.913Z,2026-02-28T11:50:42.913Z,110.2,27.85,simulation_historical
6403,41293,Sabine,Marchand,Support,CDI,Randonnée,Randonnée,2026-04-03,2026-04-03T01:13:30.913Z,2026-04-03T01:41:45.913Z,28.3,4.14,simulation_historical
6404,41293,Sabine,Marchand,Support,CDI,Randonnée,Randonnée,2026-01-16,2026-01-16T12:22:30.913Z,2026-01-16T14:53:12.913Z,150.7,17.11,simulation_historical
6405,41293,Sabine,Marchand,Support,CDI,Randonnée,Randonnée,2026-06-21,2026-06-21T05:55:30.913Z,2026-06-21T07:50:41.913Z,115.2,21.81,simulation_historical
6406,41293,Sabine,Marchand,Support,CDI,Randonnée,Randonnée,2025-11-26,2025-11-26T11:12:30.913Z,2025-11-26T12:00:36.913Z,48.1,15.29,simulation_historical
6407,41293,Sabine,Marchand,Support,CDI,Randonnée,Randonnée,2026-07-24,2026-07-24T05:09:30.913Z,2026-07-24T05:48:52.913Z,39.4,27.97,simulation_historical
6408,41293,Sabine,Marchand,Support,CDI,Randonnée,Randonnée,2026-04-14,2026-04-14T22:15:30.913Z,2026-04-15T00:24:56.913Z,129.4,21.35,simulation_historical
6409,41377,Emmanuelle,Faure,Support,CDI,Football,Football,2026-05-16,2026-05-16T20:29:30.913Z,2026-05-16T23:19:07.913Z,169.6,,simulation_historical
6410,41377,Emmanuelle,Faure,Support,CDI,Football,Football,2026-06-27,2026-06-27T00:20:30.913Z,2026-06-27T00:58:32.913Z,38.0,,simulation_historical
6411,41377,Emmanuelle,Faure,Support,CDI,Football,Football,2026-03-26,2026-03-26T08:52:30.913Z,2026-03-26T11:10:13.913Z,137.7,,simulation_historical
6412,41377,Emmanuelle,Faure,Support,CDI,Football,Football,2026-02-05,2026-02-05T20:54:30.913Z,2026-02-05T22:47:56.913Z,113.4,,simulation_historical
6413,41377,Emmanuelle,Faure,Support,CDI,Football,Football,2025-12-11,2025-12-11T17:29:30.913Z,2025-12-11T18:36:45.913Z,67.3,,simulation_historical
6414,41377,Emmanuelle,Faure,Support,CDI,Football,Football,2025-10-11,2025-10-11T18:40:30.913Z,2025-10-11T21:37:17.913Z,176.8,,simulation_historical
6415,41377,Emmanuelle,Faure,Support,CDI,Football,Football,2026-01-10,2026-01-10T12:07:30.913Z,2026-01-10T14:33:54.913Z,146.4,,simulation_historical
6416,41377,Emmanuelle,Faure,Support,CDI,Football,Football,2026-04-02,2026-04-02T22:38:30.913Z,2026-04-03T01:00:04.913Z,141.6,,simulation_historical
6417,41377,Emmanuelle,Faure,Support,CDI,Football,Football,2026-06-18,2026-06-18T06:19:30.913Z,2026-06-18T06:58:30.913Z,39.0,,simulation_historical
6418,41377,Emmanuelle,Faure,Support,CDI,Football,Football,2025-11-14,2025-11-14T12:01:30.913Z,2025-11-14T14:04:58.913Z,123.5,,simulation_historical
6419,41377,Emmanuelle,Faure,Support,CDI,Football,Football,2026-04-02,2026-04-02T00:03:30.913Z,2026-04-02T00:40:17.913Z,36.8,,simulation_historical
6420,41377,Emmanuelle,Faure,Support,CDI,Football,Football,2026-08-01,2026-08-01T08:52:30.913Z,2026-08-01T09:50:26.913Z,57.9,,simulation_historical
6421,41377,Emmanuelle,Faure,Support,CDI,Football,Football,2025-11-22,2025-11-22T18:53:30.913Z,2025-11-22T19:13:33.913Z,20.1,,simulation_historical
6422,41377,Emmanuelle,Faure,Support,CDI,Football,Football,2026-07-02,2026-07-02T18:35:30.913Z,2026-07-02T20:59:11.913Z,143.7,,simulation_historical
6423,41377,Emmanuelle,Faure,Support,CDI,Football,Football,2025-12-18,2025-12-18T06:20:30.913Z,2025-12-18T09:18:18.913Z,177.8,,simulation_historical
6424,41377,Emmanuelle,Faure,Support,CDI,Football,Football,2026-01-31,2026-01-31T09:31:30.913Z,2026-01-31T11:17:57.913Z,106.5,,simulation_historical
6425,41377,Emmanuelle,Faure,Support,CDI,Football,Football,2026-04-15,2026-04-15T20:54:30.913Z,2026-04-15T22:37:39.913Z,103.2,,simulation_historical
6426,41377,Emmanuelle,Faure,Support,CDI,Football,Football,2026-02-05,2026-02-05T16:46:30.913Z,2026-02-05T18:40:30.913Z,114.0,,simulation_historical
6427,41377,Emmanuelle,Faure,Support,CDI,Football,Football,2026-08-01,2026-08-01T21:44:30.913Z,2026-08-02T00:23:52.913Z,159.4,,simulation_historical
6428,41377,Emmanuelle,Faure,Support,CDI,Football,Football,2026-02-22,2026-02-22T10:50:30.913Z,2026-02-22T12:30:49.913Z,100.3,,simulation_historical
6429,41377,Emmanuelle,Faure,Support,CDI,Football,Football,2026-08-16,2026-08-16T03:47:30.913Z,2026-08-16T06:37:22.913Z,169.9,,simulation_historical
6430,41377,Emmanuelle,Faure,Support,CDI,Football,Football,2026-08-20,2026-08-20T14:59:30.913Z,2026-08-20T17:52:25.913Z,172.9,,simulation_historical
6431,41377,Emmanuelle,Faure,Support,CDI,Football,Football,2026-03-17,2026-03-17T11:49:30.913Z,2026-03-17T13:26:33.913Z,97.1,,simulation_historical
6432,41377,Emmanuelle,Faure,Support,CDI,Football,Football,2026-09-01,2026-09-01T08:17:30.913Z,2026-09-01T10:25:09.913Z,127.7,,simulation_historical
6433,41377,Emmanuelle,Faure,Support,CDI,Football,Football,2025-10-31,2025-10-31T04:59:30.913Z,2025-10-31T07:04:01.913Z,124.5,,simulation_historical
6434,41377,Emmanuelle,Faure,Support,CDI,Football,Football,2026-02-21,2026-02-21T03:17:30.913Z,2026-02-21T06:06:21.913Z,168.9,,simulation_historical
6435,41377,Emmanuelle,Faure,Support,CDI,Football,Football,2026-05-30,2026-05-30T18:33:30.913Z,2026-05-30T21:03:10.913Z,149.7,,simulation_historical
6436,41377,Emmanuelle,Faure,Support,CDI,Football,Football,2026-07-07,2026-07-07T09:09:30.913Z,2026-07-07T11:14:31.913Z,125.0,,simulation_historical
6437,41377,Emmanuelle,Faure,Support,CDI,Football,Football,2026-03-16,2026-03-16T02:35:30.913Z,2026-03-16T04:14:16.913Z,98.8,,simulation_historical
6438,41377,Emmanuelle,Faure,Support,CDI,Football,Football,2025-10-08,2025-10-08T11:36:30.913Z,2025-10-08T11:59:40.913Z,23.2,,simulation_historical
6439,41377,Emmanuelle,Faure,Support,CDI,Football,Football,2026-08-10,2026-08-10T19:43:30.913Z,2026-08-10T20:42:49.913Z,59.3,,simulation_historical
6440,42234,Anais,Benard,R&D,CDI,Marche,,2026-01-09,2026-01-09T18:17:30.913Z,2026-01-09T19:14:34.913Z,57.1,2.39,simulation_historical
6441,42234,Anais,Benard,R&D,CDI,Marche,,2026-07-07,2026-07-07T18:53:30.913Z,2026-07-07T21:07:03.913Z,133.6,8.47,simulation_historical
6442,42234,Anais,Benard,R&D,CDI,Marche,,2025-09-24,2025-09-24T19:45:30.913Z,2025-09-24T22:01:44.913Z,136.2,11.21,simulation_historical
6443,42234,Anais,Benard,R&D,CDI,Marche,,2026-06-16,2026-06-16T01:12:30.913Z,2026-06-16T03:28:18.913Z,135.8,10.04,simulation_historical
6444,42234,Anais,Benard,R&D,CDI,Marche,,2026-01-29,2026-01-29T03:22:30.913Z,2026-01-29T04:44:08.913Z,81.6,4.04,simulation_historical
6445,42234,Anais,Benard,R&D,CDI,Marche,,2026-02-10,2026-02-10T20:44:30.913Z,2026-02-10T23:42:18.913Z,177.8,9.16,simulation_historical
6446,42234,Anais,Benard,R&D,CDI,Marche,,2026-05-17,2026-05-17T17:12:30.913Z,2026-05-17T18:46:01.913Z,93.5,7.73,simulation_historical
6447,42234,Anais,Benard,R&D,CDI,Marche,,2025-12-10,2025-12-10T21:21:30.913Z,2025-12-10T21:50:38.913Z,29.1,1.62,simulation_historical
6448,42234,Anais,Benard,R&D,CDI,Marche,,2025-11-29,2025-11-29T23:59:30.913Z,2025-11-30T02:00:08.913Z,120.6,2.85,simulation_historical
6449,42234,Anais,Benard,R&D,CDI,Marche,,2025-11-23,2025-11-23T00:00:30.913Z,2025-11-23T00:42:21.913Z,41.9,3.33,simulation_historical
6450,42234,Anais,Benard,R&D,CDI,Marche,,2025-12-21,2025-12-21T07:15:30.913Z,2025-12-21T09:56:39.913Z,161.2,2.28,simulation_historical
6451,42234,Anais,Benard,R&D,CDI,Marche,,2025-12-22,2025-12-22T20:39:30.913Z,2025-12-22T22:06:27.913Z,87.0,8.74,simulation_historical
6452,42234,Anais,Benard,R&D,CDI,Marche,,2025-10-28,2025-10-28T16:02:30.913Z,2025-10-28T16:43:49.913Z,41.3,12.21,simulation_historical
6453,42234,Anais,Benard,R&D,CDI,Marche,,2025-10-26,2025-10-26T21:53:30.913Z,2025-10-27T00:51:46.913Z,178.3,6.12,simulation_historical
6454,42234,Anais,Benard,R&D,CDI,Marche,,2025-11-07,2025-11-07T13:47:30.913Z,2025-11-07T15:41:18.913Z,113.8,9.77,simulation_historical
6455,42234,Anais,Benard,R&D,CDI,Marche,,2026-09-11,2026-09-11T00:15:30.913Z,2026-09-11T02:55:29.913Z,160.0,8.69,simulation_historical
6456,42234,Anais,Benard,R&D,CDI,Marche,,2025-11-26,2025-11-26T16:23:30.913Z,2025-11-26T18:38:27.913Z,135.0,6.78,simulation_historical
6457,42234,Anais,Benard,R&D,CDI,Marche,,2026-04-19,2026-04-19T06:34:30.913Z,2026-04-19T07:04:08.913Z,29.6,12.39,simulation_historical
6458,42234,Anais,Benard,R&D,CDI,Marche,,2025-11-14,2025-11-14T16:25:30.913Z,2025-11-14T19:19:25.913Z,173.9,5.27,simulation_historical
6459,42234,Anais,Benard,R&D,CDI,Marche,,2026-08-15,2026-08-15T19:14:30.913Z,2026-08-15T22:12:22.913Z,177.9,3.77,simulation_historical
6460,42234,Anais,Benard,R&D,CDI,Marche,,2025-11-27,2025-11-27T14:02:30.913Z,2025-11-27T15:42:10.913Z,99.7,14.25,simulation_historical
6461,42234,Anais,Benard,R&D,CDI,Marche,,2025-11-01,2025-11-01T15:26:30.913Z,2025-11-01T17:58:52.913Z,152.4,2.35,simulation_historical
6462,42234,Anais,Benard,R&D,CDI,Marche,,2026-07-13,2026-07-13T23:40:30.913Z,2026-07-14T01:16:22.913Z,95.9,5.13,simulation_historical
6463,42234,Anais,Benard,R&D,CDI,Marche,,2026-07-10,2026-07-10T20:27:30.913Z,2026-07-10T22:02:39.913Z,95.2,5.21,simulation_historical
6464,42234,Anais,Benard,R&D,CDI,Marche,,2026-09-08,2026-09-08T16:37:30.913Z,2026-09-08T17:45:10.913Z,67.7,10.7,simulation_historical
6465,42234,Anais,Benard,R&D,CDI,Marche,,2026-06-30,2026-06-30T18:16:30.913Z,2026-06-30T20:17:28.913Z,121.0,14.24,simulation_historical
6466,42234,Anais,Benard,R&D,CDI,Marche,,2026-06-19,2026-06-19T06:54:30.913Z,2026-06-19T08:18:59.913Z,84.5,8.94,simulation_historical
6467,42234,Anais,Benard,R&D,CDI,Marche,,2026-06-15,2026-06-15T22:49:30.913Z,2026-06-15T23:18:32.913Z,29.0,6.62,simulation_historical
6468,42234,Anais,Benard,R&D,CDI,Marche,,2026-08-04,2026-08-04T11:06:30.913Z,2026-08-04T12:08:35.913Z,62.1,14.72,simulation_historical
6469,42234,Anais,Benard,R&D,CDI,Marche,,2026-01-06,2026-01-06T01:55:30.913Z,2026-01-06T04:00:07.913Z,124.6,4.9,simulation_historical
6470,42234,Anais,Benard,R&D,CDI,Marche,,2025-10-13,2025-10-13T00:58:30.913Z,2025-10-13T02:04:10.913Z,65.7,4.45,simulation_historical
6471,42234,Anais,Benard,R&D,CDI,Marche,,2025-11-24,2025-11-24T15:51:30.913Z,2025-11-24T17:45:43.913Z,114.2,1.89,simulation_historical
6472,42234,Anais,Benard,R&D,CDI,Marche,,2025-10-23,2025-10-23T06:56:30.913Z,2025-10-23T07:48:10.913Z,51.7,1.86,simulation_historical
6473,42234,Anais,Benard,R&D,CDI,Marche,,2026-06-23,2026-06-23T01:19:30.913Z,2026-06-23T03:49:32.913Z,150.0,5.94,simulation_historical
6474,42234,Anais,Benard,R&D,CDI,Marche,,2026-01-15,2026-01-15T15:56:30.913Z,2026-01-15T18:41:54.913Z,165.4,4.83,simulation_historical
6475,42234,Anais,Benard,R&D,CDI,Marche,,2026-03-05,2026-03-05T17:59:30.913Z,2026-03-05T20:06:00.913Z,126.5,8.78,simulation_historical
6476,42234,Anais,Benard,R&D,CDI,Marche,,2026-05-05,2026-05-05T11:11:30.913Z,2026-05-05T13:30:12.913Z,138.7,1.19,simulation_historical
6477,42234,Anais,Benard,R&D,CDI,Marche,,2026-04-22,2026-04-22T01:20:30.913Z,2026-04-22T03:06:42.913Z,106.2,9.69,simulation_historical
6478,42234,Anais,Benard,R&D,CDI,Marche,,2025-10-02,2025-10-02T14:38:30.913Z,2025-10-02T17:23:34.913Z,165.1,11.44,simulation_historical
6479,42234,Anais,Benard,R&D,CDI,Marche,,2026-03-19,2026-03-19T02:05:30.913Z,2026-03-19T03:39:56.913Z,94.4,6.49,simulation_historical
6480,42234,Anais,Benard,R&D,CDI,Marche,,2026-05-01,2026-05-01T06:53:30.913Z,2026-05-01T07:40:20.913Z,46.8,5.18,simulation_historical
6481,42234,Anais,Benard,R&D,CDI,Marche,,2025-10-15,2025-10-15T21:19:30.913Z,2025-10-15T23:45:24.913Z,145.9,13.67,simulation_historical
6482,42234,Anais,Benard,R&D,CDI,Marche,,2025-10-05,2025-10-05T16:29:30.913Z,2025-10-05T17:42:43.913Z,73.2,9.52,simulation_historical
6483,42234,Anais,Benard,R&D,CDI,Marche,,2026-03-27,2026-03-27T18:00:30.913Z,2026-03-27T19:09:37.913Z,69.1,6.13,simulation_historical
6484,42234,Anais,Benard,R&D,CDI,Marche,,2025-12-10,2025-12-10T15:01:30.913Z,2025-12-10T15:23:48.913Z,22.3,14.63,simulation_historical
6485,42234,Anais,Benard,R&D,CDI,Marche,,2026-08-13,2026-08-13T15:18:30.913Z,2026-08-13T16:05:10.913Z,46.7,9.61,simulation_historical
6486,42234,Anais,Benard,R&D,CDI,Marche,,2026-07-24,2026-07-24T18:16:30.913Z,2026-07-24T20:12:29.913Z,116.0,4.59,simulation_historical
6487,42234,Anais,Benard,R&D,CDI,Marche,,2026-04-24,2026-04-24T07:32:30.913Z,2026-04-24T08:01:47.913Z,29.3,1.39,simulation_historical
6488,42234,Anais,Benard,R&D,CDI,Marche,,2025-11-03,2025-11-03T13:41:30.913Z,2025-11-03T15:00:42.913Z,79.2,10.82,simulation_historical
6489,42234,Anais,Benard,R&D,CDI,Marche,,2025-10-25,2025-10-25T11:59:30.913Z,2025-10-25T12:52:15.913Z,52.8,2.42,simulation_historical
6490,42234,Anais,Benard,R&D,CDI,Marche,,2025-11-11,2025-11-11T11:20:30.913Z,2025-11-11T14:15:04.913Z,174.6,14.16,simulation_historical
6491,42328,Alain,Da Costa,Support,CDI,Marche,,2026-07-21,2026-07-21T17:33:30.913Z,2026-07-21T19:02:40.913Z,89.2,5.83,simulation_historical
6492,42328,Alain,Da Costa,Support,CDI,Marche,,2026-01-19,2026-01-19T17:45:30.913Z,2026-01-19T18:26:10.913Z,40.7,11.47,simulation_historical
6493,42328,Alain,Da Costa,Support,CDI,Marche,,2026-01-27,2026-01-27T06:55:30.913Z,2026-01-27T09:12:05.913Z,136.6,12.34,simulation_historical
6494,42328,Alain,Da Costa,Support,CDI,Marche,,2025-10-10,2025-10-10T05:28:30.913Z,2025-10-10T06:32:43.913Z,64.2,13.79,simulation_historical
6495,42328,Alain,Da Costa,Support,CDI,Marche,,2026-08-10,2026-08-10T06:55:30.913Z,2026-08-10T07:32:32.913Z,37.0,7.27,simulation_historical
6496,42328,Alain,Da Costa,Support,CDI,Marche,,2026-03-02,2026-03-02T05:41:30.913Z,2026-03-02T07:12:00.913Z,90.5,14.32,simulation_historical
6497,42328,Alain,Da Costa,Support,CDI,Marche,,2026-05-04,2026-05-04T10:16:30.913Z,2026-05-04T10:55:27.913Z,39.0,9.06,simulation_historical
6498,42328,Alain,Da Costa,Support,CDI,Marche,,2026-06-05,2026-06-05T20:19:30.913Z,2026-06-05T21:28:13.913Z,68.7,11.58,simulation_historical
6499,42328,Alain,Da Costa,Support,CDI,Marche,,2026-01-08,2026-01-08T12:35:30.913Z,2026-01-08T15:23:07.913Z,167.6,13.59,simulation_historical
6500,42328,Alain,Da Costa,Support,CDI,Marche,,2026-02-08,2026-02-08T09:05:30.913Z,2026-02-08T09:54:30.913Z,49.0,8.23,simulation_historical
6501,42328,Alain,Da Costa,Support,CDI,Marche,,2026-05-07,2026-05-07T12:42:30.913Z,2026-05-07T13:22:24.913Z,39.9,2.15,simulation_historical
6502,42328,Alain,Da Costa,Support,CDI,Marche,,2025-11-27,2025-11-27T16:28:30.913Z,2025-11-27T18:50:15.913Z,141.8,1.31,simulation_historical
6503,42328,Alain,Da Costa,Support,CDI,Marche,,2026-01-05,2026-01-05T11:03:30.913Z,2026-01-05T11:23:44.913Z,20.2,1.62,simulation_historical
6504,42328,Alain,Da Costa,Support,CDI,Marche,,2025-10-11,2025-10-11T03:27:30.913Z,2025-10-11T04:28:53.913Z,61.4,12.47,simulation_historical
6505,42328,Alain,Da Costa,Support,CDI,Marche,,2026-04-01,2026-04-01T03:08:30.913Z,2026-04-01T03:29:30.913Z,21.0,9.44,simulation_historical
6506,42328,Alain,Da Costa,Support,CDI,Marche,,2025-09-19,2025-09-19T00:14:30.913Z,2025-09-19T02:33:34.913Z,139.1,7.62,simulation_historical
6507,42472,Charles,Devaux,Support,CDI,Randonnée,Randonnée,2026-08-11,2026-08-11T22:30:30.913Z,2026-08-11T22:51:24.913Z,20.9,14.6,simulation_historical
6508,42472,Charles,Devaux,Support,CDI,Randonnée,Randonnée,2025-09-29,2025-09-29T00:37:30.913Z,2025-09-29T03:32:23.913Z,174.9,19.54,simulation_historical
6509,42472,Charles,Devaux,Support,CDI,Randonnée,Randonnée,2026-03-17,2026-03-17T05:01:30.913Z,2026-03-17T06:44:11.913Z,102.7,15.13,simulation_historical
6510,42472,Charles,Devaux,Support,CDI,Randonnée,Randonnée,2026-08-18,2026-08-18T19:03:30.913Z,2026-08-18T19:48:15.913Z,44.8,13.97,simulation_historical
6511,42472,Charles,Devaux,Support,CDI,Randonnée,Randonnée,2025-12-17,2025-12-17T05:39:30.913Z,2025-12-17T08:05:00.913Z,145.5,26.92,simulation_historical
6512,42472,Charles,Devaux,Support,CDI,Randonnée,Randonnée,2026-04-20,2026-04-20T19:32:30.913Z,2026-04-20T20:40:43.913Z,68.2,20.17,simulation_historical
6513,42472,Charles,Devaux,Support,CDI,Randonnée,Randonnée,2026-08-27,2026-08-27T03:02:30.913Z,2026-08-27T04:14:39.913Z,72.2,11.79,simulation_historical
6514,42472,Charles,Devaux,Support,CDI,Randonnée,Randonnée,2025-09-25,2025-09-25T02:47:30.913Z,2025-09-25T03:36:39.913Z,49.2,22.66,simulation_historical
6515,42472,Charles,Devaux,Support,CDI,Randonnée,Randonnée,2025-09-29,2025-09-29T04:13:30.913Z,2025-09-29T04:56:40.913Z,43.2,22.74,simulation_historical
6516,42472,Charles,Devaux,Support,CDI,Randonnée,Randonnée,2026-02-03,2026-02-03T16:32:30.913Z,2026-02-03T17:30:42.913Z,58.2,3.17,simulation_historical
6517,42472,Charles,Devaux,Support,CDI,Randonnée,Randonnée,2026-06-10,2026-06-10T14:58:30.913Z,2026-06-10T16:23:37.913Z,85.1,18.03,simulation_historical
6518,42472,Charles,Devaux,Support,CDI,Randonnée,Randonnée,2026-03-01,2026-03-01T12:54:30.913Z,2026-03-01T15:42:06.913Z,167.6,23.08,simulation_historical
6519,42472,Charles,Devaux,Support,CDI,Randonnée,Randonnée,2026-04-12,2026-04-12T00:10:30.913Z,2026-04-12T02:33:11.913Z,142.7,2.54,simulation_historical
6520,42472,Charles,Devaux,Support,CDI,Randonnée,Randonnée,2026-08-29,2026-08-29T05:41:30.913Z,2026-08-29T07:33:43.913Z,112.2,27.81,simulation_historical
6521,42472,Charles,Devaux,Support,CDI,Randonnée,Randonnée,2026-08-26,2026-08-26T03:37:30.913Z,2026-08-26T04:55:18.913Z,77.8,28.45,simulation_historical
6522,42472,Charles,Devaux,Support,CDI,Randonnée,Randonnée,2025-10-16,2025-10-16T18:11:30.913Z,2025-10-16T20:36:39.913Z,145.2,24.22,simulation_historical
6523,42472,Charles,Devaux,Support,CDI,Randonnée,Randonnée,2025-12-16,2025-12-16T10:57:30.913Z,2025-12-16T13:55:42.913Z,178.2,9.63,simulation_historical
6524,42472,Charles,Devaux,Support,CDI,Randonnée,Randonnée,2026-08-11,2026-08-11T13:57:30.913Z,2026-08-11T14:56:09.913Z,58.7,18.02,simulation_historical
6525,42472,Charles,Devaux,Support,CDI,Randonnée,Randonnée,2025-10-17,2025-10-17T15:14:30.913Z,2025-10-17T15:47:00.913Z,32.5,9.95,simulation_historical
6526,42472,Charles,Devaux,Support,CDI,Randonnée,Randonnée,2025-09-21,2025-09-21T19:36:30.913Z,2025-09-21T20:00:25.913Z,23.9,7.64,simulation_historical
6527,42472,Charles,Devaux,Support,CDI,Randonnée,Randonnée,2025-10-28,2025-10-28T13:47:30.913Z,2025-10-28T15:31:25.913Z,103.9,28.89,simulation_historical
6528,42472,Charles,Devaux,Support,CDI,Randonnée,Randonnée,2026-07-29,2026-07-29T01:05:30.913Z,2026-07-29T02:12:06.913Z,66.6,29.37,simulation_historical
6529,42472,Charles,Devaux,Support,CDI,Randonnée,Randonnée,2025-11-18,2025-11-18T12:52:30.913Z,2025-11-18T13:41:32.913Z,49.0,5.74,simulation_historical
6530,42472,Charles,Devaux,Support,CDI,Randonnée,Randonnée,2026-01-04,2026-01-04T19:53:30.913Z,2026-01-04T21:13:43.913Z,80.2,4.07,simulation_historical
6531,42472,Charles,Devaux,Support,CDI,Randonnée,Randonnée,2026-06-05,2026-06-05T02:23:30.913Z,2026-06-05T04:33:16.913Z,129.8,12.62,simulation_historical
6532,42472,Charles,Devaux,Support,CDI,Randonnée,Randonnée,2026-07-16,2026-07-16T18:08:30.913Z,2026-07-16T20:57:33.913Z,169.1,6.5,simulation_historical
6533,42472,Charles,Devaux,Support,CDI,Randonnée,Randonnée,2026-04-05,2026-04-05T08:56:30.913Z,2026-04-05T09:28:56.913Z,32.4,21.43,simulation_historical
6534,42472,Charles,Devaux,Support,CDI,Randonnée,Randonnée,2026-06-20,2026-06-20T05:40:30.913Z,2026-06-20T06:33:28.913Z,53.0,10.97,simulation_historical
6535,42472,Charles,Devaux,Support,CDI,Randonnée,Randonnée,2026-07-06,2026-07-06T02:34:30.913Z,2026-07-06T04:35:30.913Z,121.0,20.13,simulation_historical
6536,42472,Charles,Devaux,Support,CDI,Randonnée,Randonnée,2026-06-24,2026-06-24T01:29:30.913Z,2026-06-24T04:28:25.913Z,178.9,3.33,simulation_historical
6537,42472,Charles,Devaux,Support,CDI,Randonnée,Randonnée,2026-07-10,2026-07-10T11:54:30.913Z,2026-07-10T13:57:12.913Z,122.7,27.48,simulation_historical
6538,42472,Charles,Devaux,Support,CDI,Randonnée,Randonnée,2026-06-28,2026-06-28T14:48:30.913Z,2026-06-28T17:21:28.913Z,153.0,4.65,simulation_historical
6539,42472,Charles,Devaux,Support,CDI,Randonnée,Randonnée,2026-09-13,2026-09-13T15:33:30.913Z,2026-09-13T16:17:50.913Z,44.3,25.16,simulation_historical
6540,42472,Charles,Devaux,Support,CDI,Randonnée,Randonnée,2025-10-17,2025-10-17T20:48:30.913Z,2025-10-17T22:25:58.913Z,97.5,15.64,simulation_historical
6541,42472,Charles,Devaux,Support,CDI,Randonnée,Randonnée,2025-09-26,2025-09-26T00:00:30.913Z,2025-09-26T00:55:09.913Z,54.7,8.76,simulation_historical
6542,42472,Charles,Devaux,Support,CDI,Randonnée,Randonnée,2026-07-04,2026-07-04T19:27:30.913Z,2026-07-04T22:10:20.913Z,162.8,16.76,simulation_historical
6543,42472,Charles,Devaux,Support,CDI,Randonnée,Randonnée,2026-02-18,2026-02-18T08:33:30.913Z,2026-02-18T09:03:46.913Z,30.3,21.54,simulation_historical
6544,42472,Charles,Devaux,Support,CDI,Randonnée,Randonnée,2026-06-15,2026-06-15T17:13:30.913Z,2026-06-15T17:57:32.913Z,44.0,22.55,simulation_historical
6545,42472,Charles,Devaux,Support,CDI,Randonnée,Randonnée,2026-04-15,2026-04-15T04:18:30.913Z,2026-04-15T04:39:44.913Z,21.2,20.28,simulation_historical
6546,42472,Charles,Devaux,Support,CDI,Randonnée,Randonnée,2026-05-19,2026-05-19T09:37:30.913Z,2026-05-19T12:22:16.913Z,164.8,5.14,simulation_historical
6547,42472,Charles,Devaux,Support,CDI,Randonnée,Randonnée,2025-11-04,2025-11-04T03:49:30.913Z,2025-11-04T06:36:52.913Z,167.4,18.63,simulation_historical
6548,42472,Charles,Devaux,Support,CDI,Randonnée,Randonnée,2026-05-27,2026-05-27T00:55:30.913Z,2026-05-27T02:12:19.913Z,76.8,11.06,simulation_historical
6549,42472,Charles,Devaux,Support,CDI,Randonnée,Randonnée,2026-08-20,2026-08-20T09:37:30.913Z,2026-08-20T10:38:14.913Z,60.7,24.45,simulation_historical
6550,42472,Charles,Devaux,Support,CDI,Randonnée,Randonnée,2026-01-17,2026-01-17T00:33:30.913Z,2026-01-17T01:37:07.913Z,63.6,23.96,simulation_historical
6551,42472,Charles,Devaux,Support,CDI,Randonnée,Randonnée,2026-08-25,2026-08-25T14:03:30.913Z,2026-08-25T16:02:56.913Z,119.4,11.34,simulation_historical
6552,42472,Charles,Devaux,Support,CDI,Randonnée,Randonnée,2026-06-01,2026-06-01T02:28:30.913Z,2026-06-01T04:19:47.913Z,111.3,22.21,simulation_historical
6553,42472,Charles,Devaux,Support,CDI,Randonnée,Randonnée,2026-01-27,2026-01-27T14:38:30.913Z,2026-01-27T15:12:49.913Z,34.3,19.61,simulation_historical
6554,42472,Charles,Devaux,Support,CDI,Randonnée,Randonnée,2026-06-18,2026-06-18T09:54:30.913Z,2026-06-18T10:22:26.913Z,27.9,17.89,simulation_historical
6555,42472,Charles,Devaux,Support,CDI,Randonnée,Randonnée,2025-12-27,2025-12-27T12:40:30.913Z,2025-12-27T14:04:45.913Z,84.3,25.64,simulation_historical
6556,42472,Charles,Devaux,Support,CDI,Randonnée,Randonnée,2026-01-31,2026-01-31T21:07:30.913Z,2026-01-31T22:56:30.913Z,109.0,15.73,simulation_historical
6557,42472,Charles,Devaux,Support,CDI,Randonnée,Randonnée,2026-06-06,2026-06-06T16:01:30.913Z,2026-06-06T17:50:26.913Z,108.9,9.54,simulation_historical
6558,42960,Michel,Normand,Ventes,CDD,Running,Runing,2026-07-22,2026-07-22T05:30:30.913Z,2026-07-22T06:17:16.913Z,46.8,8.77,simulation_historical
6559,42960,Michel,Normand,Ventes,CDD,Running,Runing,2026-02-17,2026-02-17T09:20:30.913Z,2026-02-17T10:40:45.913Z,80.3,3.41,simulation_historical
6560,42960,Michel,Normand,Ventes,CDD,Running,Runing,2026-01-17,2026-01-17T21:13:30.913Z,2026-01-17T21:48:20.913Z,34.8,15.28,simulation_historical
6561,42960,Michel,Normand,Ventes,CDD,Running,Runing,2026-07-04,2026-07-04T08:45:30.913Z,2026-07-04T11:09:44.913Z,144.2,6.83,simulation_historical
6562,42960,Michel,Normand,Ventes,CDD,Running,Runing,2026-03-02,2026-03-02T04:36:30.913Z,2026-03-02T07:01:29.913Z,145.0,24.59,simulation_historical
6563,42960,Michel,Normand,Ventes,CDD,Running,Runing,2026-06-08,2026-06-08T19:22:30.913Z,2026-06-08T20:56:08.913Z,93.6,7.63,simulation_historical
6564,42960,Michel,Normand,Ventes,CDD,Running,Runing,2026-03-29,2026-03-29T11:42:30.913Z,2026-03-29T14:37:47.913Z,175.3,2.95,simulation_historical
6565,42960,Michel,Normand,Ventes,CDD,Running,Runing,2026-04-26,2026-04-26T11:37:30.913Z,2026-04-26T14:04:37.913Z,147.1,16.03,simulation_historical
6566,42960,Michel,Normand,Ventes,CDD,Running,Runing,2026-02-14,2026-02-14T09:56:30.913Z,2026-02-14T11:50:19.913Z,113.8,8.2,simulation_historical
6567,42960,Michel,Normand,Ventes,CDD,Running,Runing,2026-04-17,2026-04-17T20:34:30.913Z,2026-04-17T21:40:54.913Z,66.4,19.94,simulation_historical
6568,42960,Michel,Normand,Ventes,CDD,Running,Runing,2025-12-07,2025-12-07T08:39:30.913Z,2025-12-07T10:51:55.913Z,132.4,29.08,simulation_historical
6569,42960,Michel,Normand,Ventes,CDD,Running,Runing,2025-12-22,2025-12-22T23:49:30.913Z,2025-12-23T01:08:36.913Z,79.1,20.38,simulation_historical
6570,42960,Michel,Normand,Ventes,CDD,Running,Runing,2026-01-17,2026-01-17T01:27:30.913Z,2026-01-17T01:51:27.913Z,24.0,24.92,simulation_historical
6571,42960,Michel,Normand,Ventes,CDD,Running,Runing,2026-02-08,2026-02-08T15:49:30.913Z,2026-02-08T17:16:51.913Z,87.4,9.12,simulation_historical
6572,42960,Michel,Normand,Ventes,CDD,Running,Runing,2026-04-02,2026-04-02T02:07:30.913Z,2026-04-02T03:28:13.913Z,80.7,20.39,simulation_historical
6573,42960,Michel,Normand,Ventes,CDD,Running,Runing,2026-07-01,2026-07-01T20:47:30.913Z,2026-07-01T21:08:53.913Z,21.4,14.69,simulation_historical
6574,42960,Michel,Normand,Ventes,CDD,Running,Runing,2026-08-25,2026-08-25T14:14:30.913Z,2026-08-25T16:52:11.913Z,157.7,2.1,simulation_historical
6575,42960,Michel,Normand,Ventes,CDD,Running,Runing,2026-02-10,2026-02-10T23:19:30.913Z,2026-02-11T01:50:22.913Z,150.9,27.53,simulation_historical
6576,42960,Michel,Normand,Ventes,CDD,Running,Runing,2025-09-25,2025-09-25T12:16:30.913Z,2025-09-25T14:51:44.913Z,155.2,8.88,simulation_historical
6577,42960,Michel,Normand,Ventes,CDD,Running,Runing,2026-08-04,2026-08-04T21:56:30.913Z,2026-08-04T22:19:53.913Z,23.4,23.71,simulation_historical
6578,42960,Michel,Normand,Ventes,CDD,Running,Runing,2026-02-20,2026-02-20T09:36:30.913Z,2026-02-20T11:34:22.913Z,117.9,10.69,simulation_historical
6579,42960,Michel,Normand,Ventes,CDD,Running,Runing,2026-05-16,2026-05-16T19:39:30.913Z,2026-05-16T20:03:50.913Z,24.3,16.72,simulation_historical
6580,42960,Michel,Normand,Ventes,CDD,Running,Runing,2025-10-09,2025-10-09T06:34:30.913Z,2025-10-09T08:59:54.913Z,145.4,29.11,simulation_historical
6581,42960,Michel,Normand,Ventes,CDD,Running,Runing,2025-11-27,2025-11-27T16:07:30.913Z,2025-11-27T16:34:09.913Z,26.7,15.9,simulation_historical
6582,42960,Michel,Normand,Ventes,CDD,Running,Runing,2026-01-22,2026-01-22T10:49:30.913Z,2026-01-22T13:00:11.913Z,130.7,7.06,simulation_historical
6583,42960,Michel,Normand,Ventes,CDD,Running,Runing,2026-03-10,2026-03-10T19:15:30.913Z,2026-03-10T19:35:52.913Z,20.4,29.19,simulation_historical
6584,42960,Michel,Normand,Ventes,CDD,Running,Runing,2025-10-30,2025-10-30T13:20:30.913Z,2025-10-30T15:11:24.913Z,110.9,18.4,simulation_historical
6585,42960,Michel,Normand,Ventes,CDD,Running,Runing,2026-08-31,2026-08-31T06:17:30.913Z,2026-08-31T07:51:10.913Z,93.7,23.87,simulation_historical
6586,42960,Michel,Normand,Ventes,CDD,Running,Runing,2025-11-06,2025-11-06T22:08:30.913Z,2025-11-06T23:25:03.913Z,76.6,26.81,simulation_historical
6587,42960,Michel,Normand,Ventes,CDD,Running,Runing,2025-10-01,2025-10-01T13:05:30.913Z,2025-10-01T14:57:10.913Z,111.7,25.11,simulation_historical
6588,42960,Michel,Normand,Ventes,CDD,Running,Runing,2026-08-18,2026-08-18T22:46:30.913Z,2026-08-19T00:45:53.913Z,119.4,2.69,simulation_historical
6589,42960,Michel,Normand,Ventes,CDD,Running,Runing,2026-07-22,2026-07-22T03:21:30.913Z,2026-07-22T05:48:34.913Z,147.1,21.29,simulation_historical
6590,42960,Michel,Normand,Ventes,CDD,Running,Runing,2026-08-27,2026-08-27T04:21:30.913Z,2026-08-27T05:29:21.913Z,67.9,22.24,simulation_historical
6591,42960,Michel,Normand,Ventes,CDD,Running,Runing,2025-12-03,2025-12-03T17:40:30.913Z,2025-12-03T20:33:37.913Z,173.1,24.24,simulation_historical
6592,42960,Michel,Normand,Ventes,CDD,Running,Runing,2026-06-04,2026-06-04T11:23:30.913Z,2026-06-04T12:48:39.913Z,85.2,18.68,simulation_historical
6593,42960,Michel,Normand,Ventes,CDD,Running,Runing,2026-07-19,2026-07-19T19:14:30.913Z,2026-07-19T22:12:54.913Z,178.4,29.55,simulation_historical
6594,42960,Michel,Normand,Ventes,CDD,Running,Runing,2025-09-22,2025-09-22T08:56:30.913Z,2025-09-22T10:18:03.913Z,81.6,11.5,simulation_historical
6595,42960,Michel,Normand,Ventes,CDD,Running,Runing,2026-03-20,2026-03-20T07:12:30.913Z,2026-03-20T09:27:59.913Z,135.5,10.08,simulation_historical
6596,42960,Michel,Normand,Ventes,CDD,Running,Runing,2026-08-20,2026-08-20T13:21:30.913Z,2026-08-20T15:15:46.913Z,114.3,15.82,simulation_historical
6597,42960,Michel,Normand,Ventes,CDD,Running,Runing,2026-01-10,2026-01-10T23:11:30.913Z,2026-01-11T00:05:00.913Z,53.5,16.41,simulation_historical
6598,42960,Michel,Normand,Ventes,CDD,Running,Runing,2025-09-17,2025-09-17T22:01:30.913Z,2025-09-18T00:47:00.913Z,165.5,10.58,simulation_historical
6599,42960,Michel,Normand,Ventes,CDD,Running,Runing,2026-01-27,2026-01-27T20:21:30.913Z,2026-01-27T20:59:25.913Z,37.9,7.17,simulation_historical
6600,42960,Michel,Normand,Ventes,CDD,Running,Runing,2026-01-25,2026-01-25T13:39:30.913Z,2026-01-25T15:46:10.913Z,126.7,6.86,simulation_historical
6601,42960,Michel,Normand,Ventes,CDD,Running,Runing,2026-04-22,2026-04-22T13:38:30.913Z,2026-04-22T14:43:29.913Z,65.0,10.04,simulation_historical
6602,42960,Michel,Normand,Ventes,CDD,Running,Runing,2026-07-20,2026-07-20T17:35:30.913Z,2026-07-20T20:11:01.913Z,155.5,5.93,simulation_historical
6603,42960,Michel,Normand,Ventes,CDD,Running,Runing,2026-06-03,2026-06-03T23:04:30.913Z,2026-06-03T23:30:41.913Z,26.2,10.61,simulation_historical
6604,42960,Michel,Normand,Ventes,CDD,Running,Runing,2026-02-14,2026-02-14T18:10:30.913Z,2026-02-14T19:06:33.913Z,56.1,16.53,simulation_historical
6605,42960,Michel,Normand,Ventes,CDD,Running,Runing,2026-03-23,2026-03-23T02:16:30.913Z,2026-03-23T02:42:21.913Z,25.9,10.55,simulation_historical
6606,42960,Michel,Normand,Ventes,CDD,Running,Runing,2026-06-12,2026-06-12T13:43:30.913Z,2026-06-12T15:06:56.913Z,83.4,28.36,simulation_historical
6607,42960,Michel,Normand,Ventes,CDD,Running,Runing,2025-12-23,2025-12-23T19:23:30.913Z,2025-12-23T21:35:55.913Z,132.4,19.96,simulation_historical
6608,42960,Michel,Normand,Ventes,CDD,Running,Runing,2026-03-24,2026-03-24T19:03:30.913Z,2026-03-24T20:52:36.913Z,109.1,16.93,simulation_historical
6609,42960,Michel,Normand,Ventes,CDD,Running,Runing,2025-11-16,2025-11-16T18:00:30.913Z,2025-11-16T20:45:16.913Z,164.8,28.59,simulation_historical
6610,42960,Michel,Normand,Ventes,CDD,Running,Runing,2025-12-10,2025-12-10T01:15:30.913Z,2025-12-10T02:58:32.913Z,103.0,19.59,simulation_historical
6611,42960,Michel,Normand,Ventes,CDD,Running,Runing,2026-07-11,2026-07-11T06:34:30.913Z,2026-07-11T08:05:29.913Z,91.0,8.43,simulation_historical
6612,43015,Juliette,Mendes,Support,CDI,Marche,,2026-03-10,2026-03-10T05:55:30.913Z,2026-03-10T06:28:25.913Z,32.9,3.43,simulation_historical
6613,43015,Juliette,Mendes,Support,CDI,Marche,,2026-03-20,2026-03-20T06:15:30.913Z,2026-03-20T07:20:55.913Z,65.4,11.14,simulation_historical
6614,43015,Juliette,Mendes,Support,CDI,Marche,,2026-06-25,2026-06-25T17:10:30.913Z,2026-06-25T18:48:23.913Z,97.9,3.99,simulation_historical
6615,43015,Juliette,Mendes,Support,CDI,Marche,,2026-06-18,2026-06-18T17:00:30.913Z,2026-06-18T18:02:24.913Z,61.9,3.64,simulation_historical
6616,43015,Juliette,Mendes,Support,CDI,Marche,,2026-05-18,2026-05-18T12:42:30.913Z,2026-05-18T14:28:57.913Z,106.5,10.41,simulation_historical
6617,43015,Juliette,Mendes,Support,CDI,Marche,,2026-07-14,2026-07-14T01:28:30.913Z,2026-07-14T03:29:26.913Z,120.9,4.02,simulation_historical
6618,43015,Juliette,Mendes,Support,CDI,Marche,,2026-06-02,2026-06-02T21:59:30.913Z,2026-06-02T22:28:58.913Z,29.5,11.9,simulation_historical
6619,43015,Juliette,Mendes,Support,CDI,Marche,,2026-04-07,2026-04-07T04:35:30.913Z,2026-04-07T06:37:19.913Z,121.8,8.35,simulation_historical
6620,43015,Juliette,Mendes,Support,CDI,Marche,,2025-12-14,2025-12-14T10:10:30.913Z,2025-12-14T11:52:50.913Z,102.3,2.99,simulation_historical
6621,43015,Juliette,Mendes,Support,CDI,Marche,,2026-09-04,2026-09-04T02:45:30.913Z,2026-09-04T05:21:52.913Z,156.4,13.59,simulation_historical
6622,43015,Juliette,Mendes,Support,CDI,Marche,,2026-07-04,2026-07-04T00:45:30.913Z,2026-07-04T02:32:56.913Z,107.4,3.56,simulation_historical
6623,43015,Juliette,Mendes,Support,CDI,Marche,,2026-09-13,2026-09-13T16:10:30.913Z,2026-09-13T18:49:03.913Z,158.6,6.43,simulation_historical
6624,43015,Juliette,Mendes,Support,CDI,Marche,,2025-10-19,2025-10-19T17:26:30.913Z,2025-10-19T19:55:54.913Z,149.4,5.75,simulation_historical
6625,43015,Juliette,Mendes,Support,CDI,Marche,,2025-11-26,2025-11-26T18:35:30.913Z,2025-11-26T21:29:50.913Z,174.3,12.94,simulation_historical
6626,43015,Juliette,Mendes,Support,CDI,Marche,,2026-02-02,2026-02-02T05:00:30.913Z,2026-02-02T05:51:10.913Z,50.7,12.99,simulation_historical
6627,43015,Juliette,Mendes,Support,CDI,Marche,,2026-01-14,2026-01-14T14:36:30.913Z,2026-01-14T17:26:56.913Z,170.4,2.91,simulation_historical
6628,43015,Juliette,Mendes,Support,CDI,Marche,,2026-04-12,2026-04-12T15:19:30.913Z,2026-04-12T16:39:40.913Z,80.2,8.31,simulation_historical
6629,43015,Juliette,Mendes,Support,CDI,Marche,,2026-03-18,2026-03-18T13:24:30.913Z,2026-03-18T13:59:31.913Z,35.0,10.96,simulation_historical
6630,43015,Juliette,Mendes,Support,CDI,Marche,,2025-10-23,2025-10-23T09:07:30.913Z,2025-10-23T11:51:15.913Z,163.8,4.64,simulation_historical
6631,43015,Juliette,Mendes,Support,CDI,Marche,,2026-04-27,2026-04-27T09:43:30.913Z,2026-04-27T10:26:19.913Z,42.8,9.82,simulation_historical
6632,43015,Juliette,Mendes,Support,CDI,Marche,,2026-01-30,2026-01-30T18:02:30.913Z,2026-01-30T18:46:21.913Z,43.9,9.39,simulation_historical
6633,43015,Juliette,Mendes,Support,CDI,Marche,,2026-02-27,2026-02-27T09:13:30.913Z,2026-02-27T11:00:16.913Z,106.8,10.88,simulation_historical
6634,43015,Juliette,Mendes,Support,CDI,Marche,,2025-11-10,2025-11-10T23:41:30.913Z,2025-11-11T01:40:05.913Z,118.6,7.51,simulation_historical
6635,43015,Juliette,Mendes,Support,CDI,Marche,,2026-07-02,2026-07-02T16:50:30.913Z,2026-07-02T19:07:16.913Z,136.8,7.06,simulation_historical
6636,43015,Juliette,Mendes,Support,CDI,Marche,,2026-03-03,2026-03-03T04:44:30.913Z,2026-03-03T06:22:13.913Z,97.7,6.65,simulation_historical
6637,43015,Juliette,Mendes,Support,CDI,Marche,,2026-03-21,2026-03-21T06:16:30.913Z,2026-03-21T09:09:41.913Z,173.2,2.44,simulation_historical
6638,43015,Juliette,Mendes,Support,CDI,Marche,,2026-05-28,2026-05-28T15:48:30.913Z,2026-05-28T18:09:48.913Z,141.3,13.15,simulation_historical
6639,43015,Juliette,Mendes,Support,CDI,Marche,,2026-02-16,2026-02-16T01:26:30.913Z,2026-02-16T02:31:13.913Z,64.7,14.2,simulation_historical
6640,43015,Juliette,Mendes,Support,CDI,Marche,,2026-02-10,2026-02-10T15:47:30.913Z,2026-02-10T18:00:36.913Z,133.1,3.29,simulation_historical
6641,43015,Juliette,Mendes,Support,CDI,Marche,,2025-11-19,2025-11-19T20:39:30.913Z,2025-11-19T21:38:43.913Z,59.2,4.4,simulation_historical
6642,43015,Juliette,Mendes,Support,CDI,Marche,,2026-04-13,2026-04-13T23:49:30.913Z,2026-04-14T02:32:56.913Z,163.4,6.5,simulation_historical
6643,43015,Juliette,Mendes,Support,CDI,Marche,,2026-08-13,2026-08-13T20:56:30.913Z,2026-08-13T22:59:06.913Z,122.6,2.45,simulation_historical
6644,43015,Juliette,Mendes,Support,CDI,Marche,,2026-09-13,2026-09-13T02:04:30.913Z,2026-09-13T03:39:08.913Z,94.6,7.79,simulation_historical
6645,43015,Juliette,Mendes,Support,CDI,Marche,,2026-06-18,2026-06-18T22:15:30.913Z,2026-06-19T01:10:34.913Z,175.1,13.37,simulation_historical
6646,43015,Juliette,Mendes,Support,CDI,Marche,,2026-07-08,2026-07-08T09:33:30.913Z,2026-07-08T11:37:44.913Z,124.2,5.74,simulation_historical
6647,43124,Francoise,Laole,Ventes,CDI,Équitation,Équitation,2026-01-08,2026-01-08T13:52:30.913Z,2026-01-08T15:34:57.913Z,102.5,,simulation_historical
6648,43124,Francoise,Laole,Ventes,CDI,Équitation,Équitation,2025-11-21,2025-11-21T06:13:30.913Z,2025-11-21T09:06:13.913Z,172.7,,simulation_historical
6649,43124,Francoise,Laole,Ventes,CDI,Équitation,Équitation,2026-01-22,2026-01-22T08:43:30.913Z,2026-01-22T09:04:10.913Z,20.7,,simulation_historical
6650,43124,Francoise,Laole,Ventes,CDI,Équitation,Équitation,2026-06-30,2026-06-30T07:25:30.913Z,2026-06-30T09:54:32.913Z,149.0,,simulation_historical
6651,43124,Francoise,Laole,Ventes,CDI,Équitation,Équitation,2026-07-14,2026-07-14T19:02:30.913Z,2026-07-14T20:41:03.913Z,98.6,,simulation_historical
6652,43124,Francoise,Laole,Ventes,CDI,Équitation,Équitation,2026-02-15,2026-02-15T10:13:30.913Z,2026-02-15T11:40:19.913Z,86.8,,simulation_historical
6653,43124,Francoise,Laole,Ventes,CDI,Équitation,Équitation,2026-09-02,2026-09-02T11:56:30.913Z,2026-09-02T13:32:11.913Z,95.7,,simulation_historical
6654,43124,Francoise,Laole,Ventes,CDI,Équitation,Équitation,2026-01-07,2026-01-07T13:06:30.913Z,2026-01-07T15:05:17.913Z,118.8,,simulation_historical
6655,43124,Francoise,Laole,Ventes,CDI,Équitation,Équitation,2025-11-23,2025-11-23T00:08:30.913Z,2025-11-23T02:27:34.913Z,139.1,,simulation_historical
6656,43124,Francoise,Laole,Ventes,CDI,Équitation,Équitation,2026-05-06,2026-05-06T19:01:30.913Z,2026-05-06T21:31:29.913Z,150.0,,simulation_historical
6657,43124,Francoise,Laole,Ventes,CDI,Équitation,Équitation,2025-09-26,2025-09-26T12:21:30.913Z,2025-09-26T15:01:27.913Z,160.0,,simulation_historical
6658,43124,Francoise,Laole,Ventes,CDI,Équitation,Équitation,2025-11-26,2025-11-26T14:50:30.913Z,2025-11-26T16:21:22.913Z,90.9,,simulation_historical
6659,43124,Francoise,Laole,Ventes,CDI,Équitation,Équitation,2026-06-24,2026-06-24T21:41:30.913Z,2026-06-24T22:41:24.913Z,59.9,,simulation_historical
6660,43124,Francoise,Laole,Ventes,CDI,Équitation,Équitation,2026-04-06,2026-04-06T00:48:30.913Z,2026-04-06T01:45:29.913Z,57.0,,simulation_historical
6661,43124,Francoise,Laole,Ventes,CDI,Équitation,Équitation,2026-03-18,2026-03-18T10:41:30.913Z,2026-03-18T12:15:57.913Z,94.5,,simulation_historical
6662,43124,Francoise,Laole,Ventes,CDI,Équitation,Équitation,2026-03-16,2026-03-16T02:04:30.913Z,2026-03-16T04:01:42.913Z,117.2,,simulation_historical
6663,43124,Francoise,Laole,Ventes,CDI,Équitation,Équitation,2026-08-23,2026-08-23T06:26:30.913Z,2026-08-23T09:11:07.913Z,164.6,,simulation_historical
6664,43124,Francoise,Laole,Ventes,CDI,Équitation,Équitation,2025-10-24,2025-10-24T13:12:30.913Z,2025-10-24T14:25:25.913Z,72.9,,simulation_historical
6665,43124,Francoise,Laole,Ventes,CDI,Équitation,Équitation,2025-10-30,2025-10-30T09:56:30.913Z,2025-10-30T10:42:18.913Z,45.8,,simulation_historical
6666,43124,Francoise,Laole,Ventes,CDI,Équitation,Équitation,2025-11-14,2025-11-14T10:10:30.913Z,2025-11-14T11:58:35.913Z,108.1,,simulation_historical
6667,43124,Francoise,Laole,Ventes,CDI,Équitation,Équitation,2026-04-07,2026-04-07T17:53:30.913Z,2026-04-07T19:35:42.913Z,102.2,,simulation_historical
6668,43124,Francoise,Laole,Ventes,CDI,Équitation,Équitation,2026-04-30,2026-04-30T18:00:30.913Z,2026-04-30T19:59:29.913Z,119.0,,simulation_historical
6669,43124,Francoise,Laole,Ventes,CDI,Équitation,Équitation,2026-07-28,2026-07-28T22:07:30.913Z,2026-07-29T00:03:31.913Z,116.0,,simulation_historical
6670,43124,Francoise,Laole,Ventes,CDI,Équitation,Équitation,2026-07-05,2026-07-05T15:36:30.913Z,2026-07-05T18:17:59.913Z,161.5,,simulation_historical
6671,43124,Francoise,Laole,Ventes,CDI,Équitation,Équitation,2026-04-25,2026-04-25T03:55:30.913Z,2026-04-25T06:27:54.913Z,152.4,,simulation_historical
6672,43124,Francoise,Laole,Ventes,CDI,Équitation,Équitation,2026-02-18,2026-02-18T04:46:30.913Z,2026-02-18T05:51:01.913Z,64.5,,simulation_historical
6673,43124,Francoise,Laole,Ventes,CDI,Équitation,Équitation,2026-07-26,2026-07-26T09:35:30.913Z,2026-07-26T12:12:57.913Z,157.5,,simulation_historical
6674,43124,Francoise,Laole,Ventes,CDI,Équitation,Équitation,2026-05-26,2026-05-26T08:54:30.913Z,2026-05-26T11:47:03.913Z,172.6,,simulation_historical
6675,43124,Francoise,Laole,Ventes,CDI,Équitation,Équitation,2025-11-05,2025-11-05T16:51:30.913Z,2025-11-05T19:35:02.913Z,163.5,,simulation_historical
6676,43124,Francoise,Laole,Ventes,CDI,Équitation,Équitation,2025-12-17,2025-12-17T17:09:30.913Z,2025-12-17T18:00:37.913Z,51.1,,simulation_historical
6677,43124,Francoise,Laole,Ventes,CDI,Équitation,Équitation,2026-02-15,2026-02-15T00:46:30.913Z,2026-02-15T01:27:21.913Z,40.9,,simulation_historical
6678,43124,Francoise,Laole,Ventes,CDI,Équitation,Équitation,2026-07-19,2026-07-19T10:45:30.913Z,2026-07-19T11:10:14.913Z,24.7,,simulation_historical
6679,43124,Francoise,Laole,Ventes,CDI,Équitation,Équitation,2026-01-14,2026-01-14T04:25:30.913Z,2026-01-14T06:24:30.913Z,119.0,,simulation_historical
6680,43124,Francoise,Laole,Ventes,CDI,Équitation,Équitation,2026-07-07,2026-07-07T00:48:30.913Z,2026-07-07T03:31:20.913Z,162.8,,simulation_historical
6681,43124,Francoise,Laole,Ventes,CDI,Équitation,Équitation,2026-03-25,2026-03-25T09:59:30.913Z,2026-03-25T11:42:41.913Z,103.2,,simulation_historical
6682,43124,Francoise,Laole,Ventes,CDI,Équitation,Équitation,2026-09-01,2026-09-01T15:52:30.913Z,2026-09-01T16:44:53.913Z,52.4,,simulation_historical
6683,43124,Francoise,Laole,Ventes,CDI,Équitation,Équitation,2026-05-26,2026-05-26T10:50:30.913Z,2026-05-26T11:49:22.913Z,58.9,,simulation_historical
6684,43124,Francoise,Laole,Ventes,CDI,Équitation,Équitation,2025-09-29,2025-09-29T08:25:30.913Z,2025-09-29T09:19:43.913Z,54.2,,simulation_historical
6685,43124,Francoise,Laole,Ventes,CDI,Équitation,Équitation,2026-06-01,2026-06-01T11:39:30.913Z,2026-06-01T13:55:30.913Z,136.0,,simulation_historical
6686,43124,Francoise,Laole,Ventes,CDI,Équitation,Équitation,2025-09-28,2025-09-28T12:40:30.913Z,2025-09-28T13:05:38.913Z,25.1,,simulation_historical
6687,43542,Arthur,Pendragon,R&D,CDI,Judo,Judo,2026-01-12,2026-01-12T02:42:30.913Z,2026-01-12T03:56:07.913Z,73.6,,simulation_historical
6688,43542,Arthur,Pendragon,R&D,CDI,Judo,Judo,2026-07-23,2026-07-23T13:54:30.913Z,2026-07-23T16:34:42.913Z,160.2,,simulation_historical
6689,43542,Arthur,Pendragon,R&D,CDI,Judo,Judo,2025-11-17,2025-11-17T14:14:30.913Z,2025-11-17T15:06:58.913Z,52.5,,simulation_historical
6690,43542,Arthur,Pendragon,R&D,CDI,Judo,Judo,2026-05-10,2026-05-10T14:40:30.913Z,2026-05-10T16:22:52.913Z,102.4,,simulation_historical
6691,43542,Arthur,Pendragon,R&D,CDI,Judo,Judo,2025-10-10,2025-10-10T14:56:30.913Z,2025-10-10T15:42:51.913Z,46.4,,simulation_historical
6692,43542,Arthur,Pendragon,R&D,CDI,Judo,Judo,2026-07-14,2026-07-14T20:31:30.913Z,2026-07-14T21:46:07.913Z,74.6,,simulation_historical
6693,43542,Arthur,Pendragon,R&D,CDI,Judo,Judo,2026-06-13,2026-06-13T18:22:30.913Z,2026-06-13T18:50:29.913Z,28.0,,simulation_historical
6694,43542,Arthur,Pendragon,R&D,CDI,Judo,Judo,2026-08-01,2026-08-01T10:50:30.913Z,2026-08-01T12:26:14.913Z,95.7,,simulation_historical
6695,43542,Arthur,Pendragon,R&D,CDI,Judo,Judo,2025-11-24,2025-11-24T04:22:30.913Z,2025-11-24T05:26:20.913Z,63.8,,simulation_historical
6696,43542,Arthur,Pendragon,R&D,CDI,Judo,Judo,2026-01-02,2026-01-02T16:05:30.913Z,2026-01-02T17:31:32.913Z,86.0,,simulation_historical
6697,43542,Arthur,Pendragon,R&D,CDI,Judo,Judo,2025-12-31,2025-12-31T21:40:30.913Z,2025-12-31T22:27:33.913Z,47.1,,simulation_historical
6698,43542,Arthur,Pendragon,R&D,CDI,Judo,Judo,2025-11-24,2025-11-24T15:11:30.913Z,2025-11-24T16:30:45.913Z,79.3,,simulation_historical
6699,43542,Arthur,Pendragon,R&D,CDI,Judo,Judo,2026-06-10,2026-06-10T06:34:30.913Z,2026-06-10T09:21:10.913Z,166.7,,simulation_historical
6700,43542,Arthur,Pendragon,R&D,CDI,Judo,Judo,2026-09-13,2026-09-13T16:38:30.913Z,2026-09-13T17:56:56.913Z,78.4,,simulation_historical
6701,43542,Arthur,Pendragon,R&D,CDI,Judo,Judo,2025-12-31,2025-12-31T17:14:30.913Z,2025-12-31T19:14:34.913Z,120.1,,simulation_historical
6702,43542,Arthur,Pendragon,R&D,CDI,Judo,Judo,2025-09-23,2025-09-23T21:33:30.913Z,2025-09-23T23:53:33.913Z,140.1,,simulation_historical
6703,43542,Arthur,Pendragon,R&D,CDI,Judo,Judo,2025-10-07,2025-10-07T12:33:30.913Z,2025-10-07T14:30:23.913Z,116.9,,simulation_historical
6704,43542,Arthur,Pendragon,R&D,CDI,Judo,Judo,2026-03-06,2026-03-06T02:31:30.913Z,2026-03-06T05:11:55.913Z,160.4,,simulation_historical
6705,43542,Arthur,Pendragon,R&D,CDI,Judo,Judo,2026-05-23,2026-05-23T02:37:30.913Z,2026-05-23T04:23:19.913Z,105.8,,simulation_historical
6706,43542,Arthur,Pendragon,R&D,CDI,Judo,Judo,2026-07-15,2026-07-15T01:37:30.913Z,2026-07-15T04:19:25.913Z,161.9,,simulation_historical
6707,43542,Arthur,Pendragon,R&D,CDI,Judo,Judo,2026-07-08,2026-07-08T23:56:30.913Z,2026-07-09T01:55:08.913Z,118.6,,simulation_historical
6708,43542,Arthur,Pendragon,R&D,CDI,Judo,Judo,2025-09-21,2025-09-21T06:09:30.913Z,2025-09-21T06:40:35.913Z,31.1,,simulation_historical
6709,43542,Arthur,Pendragon,R&D,CDI,Judo,Judo,2026-08-05,2026-08-05T05:13:30.913Z,2026-08-05T06:05:05.913Z,51.6,,simulation_historical
6710,43542,Arthur,Pendragon,R&D,CDI,Judo,Judo,2026-03-03,2026-03-03T06:15:30.913Z,2026-03-03T08:00:41.913Z,105.2,,simulation_historical
6711,43542,Arthur,Pendragon,R&D,CDI,Judo,Judo,2025-09-30,2025-09-30T01:30:30.913Z,2025-09-30T04:21:45.913Z,171.3,,simulation_historical
6712,43542,Arthur,Pendragon,R&D,CDI,Judo,Judo,2026-02-20,2026-02-20T05:50:30.913Z,2026-02-20T08:07:21.913Z,136.9,,simulation_historical
6713,43542,Arthur,Pendragon,R&D,CDI,Judo,Judo,2026-06-12,2026-06-12T12:47:30.913Z,2026-06-12T15:17:23.913Z,149.9,,simulation_historical
6714,43542,Arthur,Pendragon,R&D,CDI,Judo,Judo,2025-10-04,2025-10-04T04:33:30.913Z,2025-10-04T04:56:59.913Z,23.5,,simulation_historical
6715,43542,Arthur,Pendragon,R&D,CDI,Judo,Judo,2025-10-06,2025-10-06T00:01:30.913Z,2025-10-06T00:50:13.913Z,48.7,,simulation_historical
6716,43542,Arthur,Pendragon,R&D,CDI,Judo,Judo,2026-02-26,2026-02-26T01:11:30.913Z,2026-02-26T01:54:42.913Z,43.2,,simulation_historical
6717,43542,Arthur,Pendragon,R&D,CDI,Judo,Judo,2026-07-17,2026-07-17T11:19:30.913Z,2026-07-17T13:28:53.913Z,129.4,,simulation_historical
6718,43542,Arthur,Pendragon,R&D,CDI,Judo,Judo,2025-09-25,2025-09-25T21:38:30.913Z,2025-09-25T22:44:34.913Z,66.1,,simulation_historical
6719,43542,Arthur,Pendragon,R&D,CDI,Judo,Judo,2026-08-14,2026-08-14T04:32:30.913Z,2026-08-14T06:24:58.913Z,112.5,,simulation_historical
6720,43542,Arthur,Pendragon,R&D,CDI,Judo,Judo,2026-06-05,2026-06-05T19:50:30.913Z,2026-06-05T22:00:53.913Z,130.4,,simulation_historical
6721,43542,Arthur,Pendragon,R&D,CDI,Judo,Judo,2026-07-16,2026-07-16T07:51:30.913Z,2026-07-16T10:07:28.913Z,136.0,,simulation_historical
6722,43542,Arthur,Pendragon,R&D,CDI,Judo,Judo,2026-01-04,2026-01-04T06:56:30.913Z,2026-01-04T09:55:24.913Z,178.9,,simulation_historical
6723,43542,Arthur,Pendragon,R&D,CDI,Judo,Judo,2025-11-17,2025-11-17T06:56:30.913Z,2025-11-17T09:05:47.913Z,129.3,,simulation_historical
6724,43542,Arthur,Pendragon,R&D,CDI,Judo,Judo,2026-03-18,2026-03-18T00:02:30.913Z,2026-03-18T02:12:56.913Z,130.4,,simulation_historical
6725,43542,Arthur,Pendragon,R&D,CDI,Judo,Judo,2026-01-10,2026-01-10T23:27:30.913Z,2026-01-11T00:27:44.913Z,60.2,,simulation_historical
6726,43542,Arthur,Pendragon,R&D,CDI,Judo,Judo,2026-01-27,2026-01-27T12:37:30.913Z,2026-01-27T14:05:57.913Z,88.5,,simulation_historical
6727,43542,Arthur,Pendragon,R&D,CDI,Judo,Judo,2026-01-09,2026-01-09T00:30:30.913Z,2026-01-09T01:27:15.913Z,56.8,,simulation_historical
6728,43542,Arthur,Pendragon,R&D,CDI,Judo,Judo,2026-09-01,2026-09-01T11:57:30.913Z,2026-09-01T12:31:55.913Z,34.4,,simulation_historical
6729,43542,Arthur,Pendragon,R&D,CDI,Judo,Judo,2026-08-13,2026-08-13T00:01:30.913Z,2026-08-13T00:28:48.913Z,27.3,,simulation_historical
6730,43542,Arthur,Pendragon,R&D,CDI,Judo,Judo,2026-06-17,2026-06-17T03:06:30.913Z,2026-06-17T04:55:46.913Z,109.3,,simulation_historical
6731,43542,Arthur,Pendragon,R&D,CDI,Judo,Judo,2026-06-30,2026-06-30T06:05:30.913Z,2026-06-30T06:51:48.913Z,46.3,,simulation_historical
6732,43542,Arthur,Pendragon,R&D,CDI,Judo,Judo,2026-08-07,2026-08-07T17:56:30.913Z,2026-08-07T20:38:28.913Z,162.0,,simulation_historical
6733,43542,Arthur,Pendragon,R&D,CDI,Judo,Judo,2026-01-07,2026-01-07T01:32:30.913Z,2026-01-07T03:12:39.913Z,100.2,,simulation_historical
6734,43542,Arthur,Pendragon,R&D,CDI,Judo,Judo,2025-10-13,2025-10-13T00:13:30.913Z,2025-10-13T02:51:20.913Z,157.8,,simulation_historical
6735,43542,Arthur,Pendragon,R&D,CDI,Judo,Judo,2026-05-05,2026-05-05T22:23:30.913Z,2026-05-06T01:11:06.913Z,167.6,,simulation_historical
6736,43542,Arthur,Pendragon,R&D,CDI,Judo,Judo,2025-12-11,2025-12-11T14:56:30.913Z,2025-12-11T15:25:07.913Z,28.6,,simulation_historical
6737,43542,Arthur,Pendragon,R&D,CDI,Judo,Judo,2026-02-08,2026-02-08T12:20:30.913Z,2026-02-08T14:43:24.913Z,142.9,,simulation_historical
6738,43542,Arthur,Pendragon,R&D,CDI,Judo,Judo,2026-04-08,2026-04-08T03:16:30.913Z,2026-04-08T05:42:01.913Z,145.5,,simulation_historical
6739,43542,Arthur,Pendragon,R&D,CDI,Judo,Judo,2026-08-29,2026-08-29T14:33:30.913Z,2026-08-29T17:25:30.913Z,172.0,,simulation_historical
6740,43542,Arthur,Pendragon,R&D,CDI,Judo,Judo,2025-10-14,2025-10-14T05:48:30.913Z,2025-10-14T06:53:19.913Z,64.8,,simulation_historical
6741,43861,Christine,Klein,Finance,CDI,Marche,,2026-02-08,2026-02-08T11:25:30.913Z,2026-02-08T13:31:44.913Z,126.2,8.99,simulation_historical
6742,43861,Christine,Klein,Finance,CDI,Marche,,2026-07-21,2026-07-21T21:01:30.913Z,2026-07-21T23:35:27.913Z,154.0,11.81,simulation_historical
6743,43861,Christine,Klein,Finance,CDI,Marche,,2025-12-06,2025-12-06T18:10:30.913Z,2025-12-06T21:06:45.913Z,176.3,8.7,simulation_historical
6744,43861,Christine,Klein,Finance,CDI,Marche,,2026-01-15,2026-01-15T21:50:30.913Z,2026-01-15T22:53:10.913Z,62.7,9.3,simulation_historical
6745,43861,Christine,Klein,Finance,CDI,Marche,,2026-08-19,2026-08-19T03:28:30.913Z,2026-08-19T06:03:35.913Z,155.1,10.68,simulation_historical
6746,43861,Christine,Klein,Finance,CDI,Marche,,2026-03-06,2026-03-06T20:01:30.913Z,2026-03-06T21:57:49.913Z,116.3,13.56,simulation_historical
6747,43861,Christine,Klein,Finance,CDI,Marche,,2026-04-24,2026-04-24T05:41:30.913Z,2026-04-24T06:09:11.913Z,27.7,10.67,simulation_historical
6748,43861,Christine,Klein,Finance,CDI,Marche,,2026-08-24,2026-08-24T10:51:30.913Z,2026-08-24T12:51:33.913Z,120.1,6.72,simulation_historical
6749,43861,Christine,Klein,Finance,CDI,Marche,,2025-11-22,2025-11-22T14:56:30.913Z,2025-11-22T16:49:41.913Z,113.2,7.24,simulation_historical
6750,43861,Christine,Klein,Finance,CDI,Marche,,2026-07-29,2026-07-29T02:22:30.913Z,2026-07-29T04:20:05.913Z,117.6,7.75,simulation_historical
6751,43861,Christine,Klein,Finance,CDI,Marche,,2026-03-21,2026-03-21T14:02:30.913Z,2026-03-21T15:29:11.913Z,86.7,5.06,simulation_historical
6752,43861,Christine,Klein,Finance,CDI,Marche,,2026-05-18,2026-05-18T19:25:30.913Z,2026-05-18T20:08:41.913Z,43.2,12.27,simulation_historical
6753,43861,Christine,Klein,Finance,CDI,Marche,,2026-08-14,2026-08-14T06:37:30.913Z,2026-08-14T08:29:41.913Z,112.2,3.78,simulation_historical
6754,43861,Christine,Klein,Finance,CDI,Marche,,2026-09-05,2026-09-05T22:24:30.913Z,2026-09-05T22:54:42.913Z,30.2,8.55,simulation_historical
6755,43861,Christine,Klein,Finance,CDI,Marche,,2025-10-15,2025-10-15T02:08:30.913Z,2025-10-15T04:49:03.913Z,160.6,7.9,simulation_historical
6756,43861,Christine,Klein,Finance,CDI,Marche,,2026-05-03,2026-05-03T15:00:30.913Z,2026-05-03T17:28:45.913Z,148.3,10.63,simulation_historical
6757,43861,Christine,Klein,Finance,CDI,Marche,,2026-09-05,2026-09-05T05:20:30.913Z,2026-09-05T08:16:14.913Z,175.7,7.39,simulation_historical
6758,43861,Christine,Klein,Finance,CDI,Marche,,2026-04-03,2026-04-03T21:38:30.913Z,2026-04-04T00:11:51.913Z,153.4,2.64,simulation_historical
6759,43861,Christine,Klein,Finance,CDI,Marche,,2025-09-27,2025-09-27T18:31:30.913Z,2025-09-27T20:23:14.913Z,111.7,9.14,simulation_historical
6760,43861,Christine,Klein,Finance,CDI,Marche,,2026-01-01,2026-01-01T18:23:30.913Z,2026-01-01T19:29:00.913Z,65.5,11.07,simulation_historical
6761,43861,Christine,Klein,Finance,CDI,Marche,,2026-04-16,2026-04-16T04:17:30.913Z,2026-04-16T05:32:35.913Z,75.1,9.14,simulation_historical
6762,43861,Christine,Klein,Finance,CDI,Marche,,2025-10-26,2025-10-26T12:51:30.913Z,2025-10-26T15:37:49.913Z,166.3,4.51,simulation_historical
6763,43861,Christine,Klein,Finance,CDI,Marche,,2026-04-22,2026-04-22T07:41:30.913Z,2026-04-22T09:22:41.913Z,101.2,10.4,simulation_historical
6764,43861,Christine,Klein,Finance,CDI,Marche,,2026-02-23,2026-02-23T08:05:30.913Z,2026-02-23T08:50:36.913Z,45.1,12.76,simulation_historical
6765,43861,Christine,Klein,Finance,CDI,Marche,,2025-11-24,2025-11-24T12:07:30.913Z,2025-11-24T13:59:28.913Z,112.0,5.48,simulation_historical
6766,43861,Christine,Klein,Finance,CDI,Marche,,2026-08-12,2026-08-12T20:53:30.913Z,2026-08-12T23:38:30.913Z,165.0,8.79,simulation_historical
6767,43861,Christine,Klein,Finance,CDI,Marche,,2026-02-10,2026-02-10T09:22:30.913Z,2026-02-10T10:03:26.913Z,40.9,11.67,simulation_historical
6768,43861,Christine,Klein,Finance,CDI,Marche,,2026-04-14,2026-04-14T22:53:30.913Z,2026-04-15T00:35:23.913Z,101.9,8.09,simulation_historical
6769,43861,Christine,Klein,Finance,CDI,Marche,,2025-10-11,2025-10-11T22:24:30.913Z,2025-10-11T23:39:08.913Z,74.6,7.79,simulation_historical
6770,43861,Christine,Klein,Finance,CDI,Marche,,2026-02-23,2026-02-23T07:05:30.913Z,2026-02-23T09:46:13.913Z,160.7,8.43,simulation_historical
6771,43861,Christine,Klein,Finance,CDI,Marche,,2025-10-07,2025-10-07T22:33:30.913Z,2025-10-07T22:58:34.913Z,25.1,11.29,simulation_historical
6772,43861,Christine,Klein,Finance,CDI,Marche,,2025-09-20,2025-09-20T22:49:30.913Z,2025-09-21T00:00:26.913Z,70.9,10.45,simulation_historical
6773,43861,Christine,Klein,Finance,CDI,Marche,,2026-01-04,2026-01-04T09:02:30.913Z,2026-01-04T11:30:06.913Z,147.6,5.39,simulation_historical
6774,43861,Christine,Klein,Finance,CDI,Marche,,2025-10-24,2025-10-24T21:53:30.913Z,2025-10-25T00:11:56.913Z,138.4,10.28,simulation_historical
6775,43861,Christine,Klein,Finance,CDI,Marche,,2025-10-31,2025-10-31T14:11:30.913Z,2025-10-31T15:26:17.913Z,74.8,6.97,simulation_historical
6776,43861,Christine,Klein,Finance,CDI,Marche,,2026-01-23,2026-01-23T11:29:30.913Z,2026-01-23T12:30:35.913Z,61.1,13.23,simulation_historical
6777,43965,TimothÃ©e,Tanguy,Ventes,CDI,Marche,,2026-04-16,2026-04-16T02:18:30.913Z,2026-04-16T04:05:30.913Z,107.0,14.6,simulation_historical
6778,43965,TimothÃ©e,Tanguy,Ventes,CDI,Marche,,2026-08-14,2026-08-14T19:31:30.913Z,2026-08-14T21:44:07.913Z,132.6,5.37,simulation_historical
6779,43965,TimothÃ©e,Tanguy,Ventes,CDI,Marche,,2026-04-22,2026-04-22T19:34:30.913Z,2026-04-22T21:04:31.913Z,90.0,12.25,simulation_historical
6780,43965,TimothÃ©e,Tanguy,Ventes,CDI,Marche,,2025-11-13,2025-11-13T08:19:30.913Z,2025-11-13T09:44:37.913Z,85.1,2.86,simulation_historical
6781,43965,TimothÃ©e,Tanguy,Ventes,CDI,Marche,,2026-07-02,2026-07-02T09:43:30.913Z,2026-07-02T11:10:33.913Z,87.1,14.06,simulation_historical
6782,43965,TimothÃ©e,Tanguy,Ventes,CDI,Marche,,2026-04-11,2026-04-11T01:13:30.913Z,2026-04-11T04:06:22.913Z,172.9,8.15,simulation_historical
6783,43965,TimothÃ©e,Tanguy,Ventes,CDI,Marche,,2026-02-11,2026-02-11T18:47:30.913Z,2026-02-11T19:17:36.913Z,30.1,4.31,simulation_historical
6784,43965,TimothÃ©e,Tanguy,Ventes,CDI,Marche,,2026-06-27,2026-06-27T07:36:30.913Z,2026-06-27T08:04:27.913Z,28.0,5.23,simulation_historical
6785,43965,TimothÃ©e,Tanguy,Ventes,CDI,Marche,,2026-04-26,2026-04-26T18:09:30.913Z,2026-04-26T19:17:33.913Z,68.1,11.56,simulation_historical
6786,43965,TimothÃ©e,Tanguy,Ventes,CDI,Marche,,2026-08-25,2026-08-25T16:13:30.913Z,2026-08-25T16:38:56.913Z,25.4,1.91,simulation_historical
6787,43965,TimothÃ©e,Tanguy,Ventes,CDI,Marche,,2026-08-05,2026-08-05T05:06:30.913Z,2026-08-05T06:47:52.913Z,101.4,2.04,simulation_historical
6788,43965,TimothÃ©e,Tanguy,Ventes,CDI,Marche,,2026-02-20,2026-02-20T04:02:30.913Z,2026-02-20T04:47:09.913Z,44.7,7.5,simulation_historical
6789,43965,TimothÃ©e,Tanguy,Ventes,CDI,Marche,,2026-07-07,2026-07-07T08:37:30.913Z,2026-07-07T11:33:24.913Z,175.9,13.03,simulation_historical
6790,43965,TimothÃ©e,Tanguy,Ventes,CDI,Marche,,2026-01-03,2026-01-03T12:11:30.913Z,2026-01-03T15:09:59.913Z,178.5,13.7,simulation_historical
6791,43965,TimothÃ©e,Tanguy,Ventes,CDI,Marche,,2025-12-22,2025-12-22T07:13:30.913Z,2025-12-22T07:58:08.913Z,44.6,4.9,simulation_historical
6792,43965,TimothÃ©e,Tanguy,Ventes,CDI,Marche,,2025-11-13,2025-11-13T11:55:30.913Z,2025-11-13T13:41:04.913Z,105.6,6.4,simulation_historical
6793,43965,TimothÃ©e,Tanguy,Ventes,CDI,Marche,,2025-11-20,2025-11-20T16:20:30.913Z,2025-11-20T17:44:55.913Z,84.4,7.93,simulation_historical
6794,43965,TimothÃ©e,Tanguy,Ventes,CDI,Marche,,2026-05-28,2026-05-28T11:38:30.913Z,2026-05-28T12:46:19.913Z,67.8,4.51,simulation_historical
6795,43965,TimothÃ©e,Tanguy,Ventes,CDI,Marche,,2026-04-29,2026-04-29T01:18:30.913Z,2026-04-29T02:47:56.913Z,89.4,10.66,simulation_historical
6796,43965,TimothÃ©e,Tanguy,Ventes,CDI,Marche,,2026-08-19,2026-08-19T00:10:30.913Z,2026-08-19T02:12:49.913Z,122.3,12.46,simulation_historical
6797,43965,TimothÃ©e,Tanguy,Ventes,CDI,Marche,,2026-07-21,2026-07-21T05:10:30.913Z,2026-07-21T07:26:13.913Z,135.7,8.78,simulation_historical
6798,43965,TimothÃ©e,Tanguy,Ventes,CDI,Marche,,2025-10-02,2025-10-02T08:27:30.913Z,2025-10-02T09:27:04.913Z,59.6,6.95,simulation_historical
6799,43965,TimothÃ©e,Tanguy,Ventes,CDI,Marche,,2026-01-15,2026-01-15T17:21:30.913Z,2026-01-15T19:05:39.913Z,104.2,1.35,simulation_historical
6800,43965,TimothÃ©e,Tanguy,Ventes,CDI,Marche,,2025-10-20,2025-10-20T20:42:30.913Z,2025-10-20T21:17:25.913Z,34.9,12.32,simulation_historical
6801,43965,TimothÃ©e,Tanguy,Ventes,CDI,Marche,,2025-10-08,2025-10-08T08:28:30.913Z,2025-10-08T11:19:25.913Z,170.9,7.3,simulation_historical
6802,43965,TimothÃ©e,Tanguy,Ventes,CDI,Marche,,2026-04-10,2026-04-10T19:00:30.913Z,2026-04-10T20:59:35.913Z,119.1,14.31,simulation_historical
6803,43965,TimothÃ©e,Tanguy,Ventes,CDI,Marche,,2025-10-01,2025-10-01T12:10:30.913Z,2025-10-01T13:35:02.913Z,84.5,8.25,simulation_historical
6804,43965,TimothÃ©e,Tanguy,Ventes,CDI,Marche,,2026-03-02,2026-03-02T14:46:30.913Z,2026-03-02T16:53:48.913Z,127.3,5.19,simulation_historical
6805,43965,TimothÃ©e,Tanguy,Ventes,CDI,Marche,,2026-04-15,2026-04-15T12:45:30.913Z,2026-04-15T14:09:47.913Z,84.3,5.87,simulation_historical
6806,43965,TimothÃ©e,Tanguy,Ventes,CDI,Marche,,2026-06-01,2026-06-01T09:46:30.913Z,2026-06-01T12:06:20.913Z,139.8,11.34,simulation_historical
6807,43965,TimothÃ©e,Tanguy,Ventes,CDI,Marche,,2026-04-06,2026-04-06T19:18:30.913Z,2026-04-06T19:47:45.913Z,29.3,5.49,simulation_historical
6808,43965,TimothÃ©e,Tanguy,Ventes,CDI,Marche,,2026-08-06,2026-08-06T00:14:30.913Z,2026-08-06T02:27:15.913Z,132.8,14.78,simulation_historical
6809,43965,TimothÃ©e,Tanguy,Ventes,CDI,Marche,,2026-03-29,2026-03-29T17:17:30.913Z,2026-03-29T18:04:54.913Z,47.4,14.51,simulation_historical
6810,43965,TimothÃ©e,Tanguy,Ventes,CDI,Marche,,2026-06-25,2026-06-25T17:28:30.913Z,2026-06-25T20:06:45.913Z,158.3,2.09,simulation_historical
6811,43965,TimothÃ©e,Tanguy,Ventes,CDI,Marche,,2026-03-20,2026-03-20T02:06:30.913Z,2026-03-20T04:56:03.913Z,169.6,13.09,simulation_historical
6812,43965,TimothÃ©e,Tanguy,Ventes,CDI,Marche,,2026-04-02,2026-04-02T01:00:30.913Z,2026-04-02T01:27:58.913Z,27.5,13.48,simulation_historical
6813,43965,TimothÃ©e,Tanguy,Ventes,CDI,Marche,,2026-08-20,2026-08-20T19:03:30.913Z,2026-08-20T20:13:40.913Z,70.2,11.32,simulation_historical
6814,43965,TimothÃ©e,Tanguy,Ventes,CDI,Marche,,2026-01-31,2026-01-31T19:36:30.913Z,2026-01-31T19:57:20.913Z,20.8,7.56,simulation_historical
6815,43965,TimothÃ©e,Tanguy,Ventes,CDI,Marche,,2026-06-05,2026-06-05T19:25:30.913Z,2026-06-05T21:11:10.913Z,105.7,10.43,simulation_historical
6816,43965,TimothÃ©e,Tanguy,Ventes,CDI,Marche,,2026-08-05,2026-08-05T12:34:30.913Z,2026-08-05T14:02:39.913Z,88.2,9.46,simulation_historical
6817,43965,TimothÃ©e,Tanguy,Ventes,CDI,Marche,,2025-10-19,2025-10-19T10:50:30.913Z,2025-10-19T13:02:32.913Z,132.0,13.99,simulation_historical
6818,43965,TimothÃ©e,Tanguy,Ventes,CDI,Marche,,2026-04-06,2026-04-06T01:14:30.913Z,2026-04-06T02:10:57.913Z,56.5,5.27,simulation_historical
6819,43965,TimothÃ©e,Tanguy,Ventes,CDI,Marche,,2026-06-19,2026-06-19T18:07:30.913Z,2026-06-19T19:56:57.913Z,109.5,14.1,simulation_historical
6820,43965,TimothÃ©e,Tanguy,Ventes,CDI,Marche,,2026-04-25,2026-04-25T09:39:30.913Z,2026-04-25T11:52:41.913Z,133.2,7.02,simulation_historical
6821,43965,TimothÃ©e,Tanguy,Ventes,CDI,Marche,,2026-06-15,2026-06-15T02:48:30.913Z,2026-06-15T04:51:32.913Z,123.0,14.68,simulation_historical
6822,43965,TimothÃ©e,Tanguy,Ventes,CDI,Marche,,2025-11-28,2025-11-28T08:43:30.913Z,2025-11-28T09:09:46.913Z,26.3,10.15,simulation_historical
6823,43965,TimothÃ©e,Tanguy,Ventes,CDI,Marche,,2025-10-19,2025-10-19T20:04:30.913Z,2025-10-19T21:26:57.913Z,82.5,2.46,simulation_historical
6824,43965,TimothÃ©e,Tanguy,Ventes,CDI,Marche,,2026-01-23,2026-01-23T09:28:30.913Z,2026-01-23T10:34:34.913Z,66.1,1.82,simulation_historical
6825,44472,Maurice,Lemaire,Finance,CDI,Football,Football,2025-11-04,2025-11-04T02:06:30.913Z,2025-11-04T03:37:32.913Z,91.0,,simulation_historical
6826,44472,Maurice,Lemaire,Finance,CDI,Football,Football,2026-07-02,2026-07-02T13:21:30.913Z,2026-07-02T14:27:57.913Z,66.5,,simulation_historical
6827,44472,Maurice,Lemaire,Finance,CDI,Football,Football,2025-11-30,2025-11-30T12:44:30.913Z,2025-11-30T15:28:05.913Z,163.6,,simulation_historical
6828,44472,Maurice,Lemaire,Finance,CDI,Football,Football,2026-02-06,2026-02-06T00:52:30.913Z,2026-02-06T03:27:26.913Z,154.9,,simulation_historical
6829,44472,Maurice,Lemaire,Finance,CDI,Football,Football,2026-07-18,2026-07-18T07:59:30.913Z,2026-07-18T09:14:58.913Z,75.5,,simulation_historical
6830,44472,Maurice,Lemaire,Finance,CDI,Football,Football,2026-06-11,2026-06-11T07:26:30.913Z,2026-06-11T10:01:26.913Z,154.9,,simulation_historical
6831,44472,Maurice,Lemaire,Finance,CDI,Football,Football,2026-03-05,2026-03-05T11:17:30.913Z,2026-03-05T12:33:55.913Z,76.4,,simulation_historical
6832,44472,Maurice,Lemaire,Finance,CDI,Football,Football,2025-11-13,2025-11-13T08:52:30.913Z,2025-11-13T10:29:46.913Z,97.3,,simulation_historical
6833,44472,Maurice,Lemaire,Finance,CDI,Football,Football,2025-10-05,2025-10-05T09:18:30.913Z,2025-10-05T10:27:45.913Z,69.3,,simulation_historical
6834,44472,Maurice,Lemaire,Finance,CDI,Football,Football,2026-02-19,2026-02-19T11:43:30.913Z,2026-02-19T13:22:44.913Z,99.2,,simulation_historical
6835,44472,Maurice,Lemaire,Finance,CDI,Football,Football,2026-05-05,2026-05-05T08:05:30.913Z,2026-05-05T10:28:38.913Z,143.1,,simulation_historical
6836,44472,Maurice,Lemaire,Finance,CDI,Football,Football,2026-05-12,2026-05-12T04:07:30.913Z,2026-05-12T06:32:36.913Z,145.1,,simulation_historical
6837,44472,Maurice,Lemaire,Finance,CDI,Football,Football,2026-08-04,2026-08-04T15:14:30.913Z,2026-08-04T16:10:52.913Z,56.4,,simulation_historical
6838,44472,Maurice,Lemaire,Finance,CDI,Football,Football,2026-04-03,2026-04-03T17:19:30.913Z,2026-04-03T18:37:26.913Z,77.9,,simulation_historical
6839,44472,Maurice,Lemaire,Finance,CDI,Football,Football,2026-03-03,2026-03-03T17:17:30.913Z,2026-03-03T18:47:28.913Z,90.0,,simulation_historical
6840,44472,Maurice,Lemaire,Finance,CDI,Football,Football,2026-08-10,2026-08-10T12:09:30.913Z,2026-08-10T12:45:32.913Z,36.0,,simulation_historical
6841,44472,Maurice,Lemaire,Finance,CDI,Football,Football,2026-08-21,2026-08-21T04:45:30.913Z,2026-08-21T06:09:37.913Z,84.1,,simulation_historical
6842,44472,Maurice,Lemaire,Finance,CDI,Football,Football,2026-01-18,2026-01-18T04:06:30.913Z,2026-01-18T04:38:55.913Z,32.4,,simulation_historical
6843,44472,Maurice,Lemaire,Finance,CDI,Football,Football,2026-09-14,2026-09-14T07:12:30.913Z,2026-09-14T09:16:31.913Z,124.0,,simulation_historical
6844,44472,Maurice,Lemaire,Finance,CDI,Football,Football,2026-04-15,2026-04-15T03:02:30.913Z,2026-04-15T05:03:46.913Z,121.3,,simulation_historical
6845,44472,Maurice,Lemaire,Finance,CDI,Football,Football,2026-07-10,2026-07-10T22:42:30.913Z,2026-07-11T01:41:00.913Z,178.5,,simulation_historical
6846,44472,Maurice,Lemaire,Finance,CDI,Football,Football,2026-06-17,2026-06-17T07:34:30.913Z,2026-06-17T10:12:03.913Z,157.6,,simulation_historical
6847,44472,Maurice,Lemaire,Finance,CDI,Football,Football,2026-01-07,2026-01-07T04:48:30.913Z,2026-01-07T07:16:19.913Z,147.8,,simulation_historical
6848,44472,Maurice,Lemaire,Finance,CDI,Football,Football,2026-07-11,2026-07-11T13:24:30.913Z,2026-07-11T16:09:20.913Z,164.8,,simulation_historical
6849,44472,Maurice,Lemaire,Finance,CDI,Football,Football,2026-02-07,2026-02-07T11:28:30.913Z,2026-02-07T12:20:24.913Z,51.9,,simulation_historical
6850,44472,Maurice,Lemaire,Finance,CDI,Football,Football,2026-04-09,2026-04-09T14:36:30.913Z,2026-04-09T17:12:49.913Z,156.3,,simulation_historical
6851,44472,Maurice,Lemaire,Finance,CDI,Football,Football,2026-04-25,2026-04-25T16:21:30.913Z,2026-04-25T18:38:56.913Z,137.4,,simulation_historical
6852,44472,Maurice,Lemaire,Finance,CDI,Football,Football,2026-04-25,2026-04-25T07:05:30.913Z,2026-04-25T08:37:31.913Z,92.0,,simulation_historical
6853,44472,Maurice,Lemaire,Finance,CDI,Football,Football,2025-12-26,2025-12-26T05:17:30.913Z,2025-12-26T06:22:33.913Z,65.1,,simulation_historical
6854,44472,Maurice,Lemaire,Finance,CDI,Football,Football,2026-04-07,2026-04-07T16:13:30.913Z,2026-04-07T17:14:48.913Z,61.3,,simulation_historical
6855,44927,Hugues,Fischer,Ventes,CDI,Randonnée,Randonnée,2025-10-14,2025-10-14T18:53:30.913Z,2025-10-14T21:13:38.913Z,140.1,3.74,simulation_historical
6856,44927,Hugues,Fischer,Ventes,CDI,Randonnée,Randonnée,2026-06-12,2026-06-12T11:41:30.913Z,2026-06-12T13:04:16.913Z,82.8,8.0,simulation_historical
6857,44927,Hugues,Fischer,Ventes,CDI,Randonnée,Randonnée,2026-08-29,2026-08-29T00:28:30.913Z,2026-08-29T01:33:09.913Z,64.7,25.13,simulation_historical
6858,44927,Hugues,Fischer,Ventes,CDI,Randonnée,Randonnée,2026-01-20,2026-01-20T02:37:30.913Z,2026-01-20T05:12:38.913Z,155.1,3.34,simulation_historical
6859,44927,Hugues,Fischer,Ventes,CDI,Randonnée,Randonnée,2026-02-02,2026-02-02T03:59:30.913Z,2026-02-02T06:52:39.913Z,173.2,17.9,simulation_historical
6860,44927,Hugues,Fischer,Ventes,CDI,Randonnée,Randonnée,2026-01-25,2026-01-25T00:37:30.913Z,2026-01-25T01:37:55.913Z,60.4,6.05,simulation_historical
6861,44927,Hugues,Fischer,Ventes,CDI,Randonnée,Randonnée,2026-03-22,2026-03-22T13:31:30.913Z,2026-03-22T15:09:04.913Z,97.6,7.92,simulation_historical
6862,44927,Hugues,Fischer,Ventes,CDI,Randonnée,Randonnée,2026-06-21,2026-06-21T16:12:30.913Z,2026-06-21T17:46:59.913Z,94.5,20.46,simulation_historical
6863,44927,Hugues,Fischer,Ventes,CDI,Randonnée,Randonnée,2025-10-11,2025-10-11T21:31:30.913Z,2025-10-12T00:30:50.913Z,179.3,2.14,simulation_historical
6864,44927,Hugues,Fischer,Ventes,CDI,Randonnée,Randonnée,2025-12-20,2025-12-20T21:33:30.913Z,2025-12-20T23:47:12.913Z,133.7,4.52,simulation_historical
6865,44927,Hugues,Fischer,Ventes,CDI,Randonnée,Randonnée,2026-05-13,2026-05-13T00:01:30.913Z,2026-05-13T00:47:15.913Z,45.8,12.77,simulation_historical
6866,44927,Hugues,Fischer,Ventes,CDI,Randonnée,Randonnée,2026-09-03,2026-09-03T06:01:30.913Z,2026-09-03T06:54:48.913Z,53.3,14.92,simulation_historical
6867,44927,Hugues,Fischer,Ventes,CDI,Randonnée,Randonnée,2026-03-08,2026-03-08T20:45:30.913Z,2026-03-08T21:34:27.913Z,49.0,29.43,simulation_historical
6868,44927,Hugues,Fischer,Ventes,CDI,Randonnée,Randonnée,2026-04-04,2026-04-04T11:43:30.913Z,2026-04-04T12:25:38.913Z,42.1,17.08,simulation_historical
6869,44927,Hugues,Fischer,Ventes,CDI,Randonnée,Randonnée,2025-09-18,2025-09-18T18:14:30.913Z,2025-09-18T20:38:29.913Z,144.0,22.59,simulation_historical
6870,44927,Hugues,Fischer,Ventes,CDI,Randonnée,Randonnée,2026-05-01,2026-05-01T20:02:30.913Z,2026-05-01T20:24:05.913Z,21.6,12.79,simulation_historical
6871,44927,Hugues,Fischer,Ventes,CDI,Randonnée,Randonnée,2026-08-24,2026-08-24T19:05:30.913Z,2026-08-24T21:29:13.913Z,143.7,12.65,simulation_historical
6872,44927,Hugues,Fischer,Ventes,CDI,Randonnée,Randonnée,2025-11-29,2025-11-29T11:31:30.913Z,2025-11-29T12:04:47.913Z,33.3,28.27,simulation_historical
6873,44927,Hugues,Fischer,Ventes,CDI,Randonnée,Randonnée,2025-10-22,2025-10-22T06:24:30.913Z,2025-10-22T06:59:39.913Z,35.2,26.37,simulation_historical
6874,44927,Hugues,Fischer,Ventes,CDI,Randonnée,Randonnée,2026-08-10,2026-08-10T22:06:30.913Z,2026-08-11T00:10:38.913Z,124.1,5.03,simulation_historical
6875,44927,Hugues,Fischer,Ventes,CDI,Randonnée,Randonnée,2026-02-24,2026-02-24T07:33:30.913Z,2026-02-24T08:59:03.913Z,85.6,27.26,simulation_historical
6876,44927,Hugues,Fischer,Ventes,CDI,Randonnée,Randonnée,2026-02-24,2026-02-24T13:43:30.913Z,2026-02-24T15:00:21.913Z,76.9,7.34,simulation_historical
6877,44927,Hugues,Fischer,Ventes,CDI,Randonnée,Randonnée,2026-03-02,2026-03-02T03:26:30.913Z,2026-03-02T04:28:35.913Z,62.1,5.95,simulation_historical
6878,44927,Hugues,Fischer,Ventes,CDI,Randonnée,Randonnée,2026-04-16,2026-04-16T23:53:30.913Z,2026-04-17T02:11:33.913Z,138.1,26.11,simulation_historical
6879,44927,Hugues,Fischer,Ventes,CDI,Randonnée,Randonnée,2026-04-10,2026-04-10T18:06:30.913Z,2026-04-10T19:02:21.913Z,55.9,13.77,simulation_historical
6880,44927,Hugues,Fischer,Ventes,CDI,Randonnée,Randonnée,2025-10-11,2025-10-11T11:51:30.913Z,2025-10-11T13:51:50.913Z,120.3,18.8,simulation_historical
6881,44927,Hugues,Fischer,Ventes,CDI,Randonnée,Randonnée,2026-06-06,2026-06-06T00:16:30.913Z,2026-06-06T02:22:28.913Z,126.0,17.61,simulation_historical
6882,44927,Hugues,Fischer,Ventes,CDI,Randonnée,Randonnée,2026-05-01,2026-05-01T21:06:30.913Z,2026-05-01T23:22:01.913Z,135.5,4.96,simulation_historical
6883,44927,Hugues,Fischer,Ventes,CDI,Randonnée,Randonnée,2026-02-12,2026-02-12T04:05:30.913Z,2026-02-12T05:16:23.913Z,70.9,16.22,simulation_historical
6884,44927,Hugues,Fischer,Ventes,CDI,Randonnée,Randonnée,2025-10-29,2025-10-29T02:39:30.913Z,2025-10-29T03:10:32.913Z,31.0,18.82,simulation_historical
6885,44927,Hugues,Fischer,Ventes,CDI,Randonnée,Randonnée,2026-03-26,2026-03-26T01:01:30.913Z,2026-03-26T02:22:43.913Z,81.2,23.22,simulation_historical
6886,44927,Hugues,Fischer,Ventes,CDI,Randonnée,Randonnée,2025-09-29,2025-09-29T17:35:30.913Z,2025-09-29T20:10:45.913Z,155.3,19.28,simulation_historical
6887,44927,Hugues,Fischer,Ventes,CDI,Randonnée,Randonnée,2025-10-28,2025-10-28T19:11:30.913Z,2025-10-28T19:54:25.913Z,42.9,11.53,simulation_historical
6888,44927,Hugues,Fischer,Ventes,CDI,Randonnée,Randonnée,2026-01-20,2026-01-20T02:39:30.913Z,2026-01-20T05:09:55.913Z,150.4,11.84,simulation_historical
6889,44927,Hugues,Fischer,Ventes,CDI,Randonnée,Randonnée,2026-07-02,2026-07-02T11:01:30.913Z,2026-07-02T12:43:31.913Z,102.0,29.58,simulation_historical
6890,44927,Hugues,Fischer,Ventes,CDI,Randonnée,Randonnée,2026-05-11,2026-05-11T23:17:30.913Z,2026-05-12T00:58:11.913Z,100.7,20.63,simulation_historical
6891,44927,Hugues,Fischer,Ventes,CDI,Randonnée,Randonnée,2026-08-22,2026-08-22T22:40:30.913Z,2026-08-22T23:12:48.913Z,32.3,18.82,simulation_historical
6892,44927,Hugues,Fischer,Ventes,CDI,Randonnée,Randonnée,2026-07-22,2026-07-22T23:17:30.913Z,2026-07-23T01:30:16.913Z,132.8,5.1,simulation_historical
6893,44927,Hugues,Fischer,Ventes,CDI,Randonnée,Randonnée,2026-01-21,2026-01-21T17:58:30.913Z,2026-01-21T20:53:43.913Z,175.2,28.63,simulation_historical
6894,44927,Hugues,Fischer,Ventes,CDI,Randonnée,Randonnée,2026-05-10,2026-05-10T04:28:30.913Z,2026-05-10T07:28:23.913Z,179.9,4.68,simulation_historical
6895,45140,Roger,Henry,Marketing,CDI,Marche,,2026-01-02,2026-01-02T15:37:30.913Z,2026-01-02T18:03:53.913Z,146.4,3.94,simulation_historical
6896,45140,Roger,Henry,Marketing,CDI,Marche,,2026-06-15,2026-06-15T03:42:30.913Z,2026-06-15T04:25:14.913Z,42.7,7.82,simulation_historical
6897,45140,Roger,Henry,Marketing,CDI,Marche,,2025-09-21,2025-09-21T06:24:30.913Z,2025-09-21T08:48:44.913Z,144.2,13.41,simulation_historical
6898,45140,Roger,Henry,Marketing,CDI,Marche,,2025-10-08,2025-10-08T01:05:30.913Z,2025-10-08T02:37:52.913Z,92.4,6.59,simulation_historical
6899,45140,Roger,Henry,Marketing,CDI,Marche,,2026-06-13,2026-06-13T09:33:30.913Z,2026-06-13T10:14:51.913Z,41.4,13.24,simulation_historical
6900,45140,Roger,Henry,Marketing,CDI,Marche,,2025-11-11,2025-11-11T06:49:30.913Z,2025-11-11T07:38:32.913Z,49.0,8.11,simulation_historical
6901,45140,Roger,Henry,Marketing,CDI,Marche,,2025-12-17,2025-12-17T15:44:30.913Z,2025-12-17T17:52:20.913Z,127.8,2.91,simulation_historical
6902,45140,Roger,Henry,Marketing,CDI,Marche,,2026-09-10,2026-09-10T10:03:30.913Z,2026-09-10T12:33:47.913Z,150.3,8.54,simulation_historical
6903,45140,Roger,Henry,Marketing,CDI,Marche,,2025-09-27,2025-09-27T02:49:30.913Z,2025-09-27T05:22:24.913Z,152.9,5.96,simulation_historical
6904,45140,Roger,Henry,Marketing,CDI,Marche,,2025-11-03,2025-11-03T20:21:30.913Z,2025-11-03T22:29:21.913Z,127.9,14.18,simulation_historical
6905,45140,Roger,Henry,Marketing,CDI,Marche,,2026-04-15,2026-04-15T13:36:30.913Z,2026-04-15T14:33:23.913Z,56.9,1.23,simulation_historical
6906,45140,Roger,Henry,Marketing,CDI,Marche,,2026-06-11,2026-06-11T11:52:30.913Z,2026-06-11T12:16:50.913Z,24.3,12.4,simulation_historical
6907,45140,Roger,Henry,Marketing,CDI,Marche,,2026-06-12,2026-06-12T15:31:30.913Z,2026-06-12T18:02:52.913Z,151.4,11.63,simulation_historical
6908,45140,Roger,Henry,Marketing,CDI,Marche,,2026-07-03,2026-07-03T19:29:30.913Z,2026-07-03T21:48:29.913Z,139.0,14.8,simulation_historical
6909,45140,Roger,Henry,Marketing,CDI,Marche,,2025-10-30,2025-10-30T22:32:30.913Z,2025-10-30T23:16:00.913Z,43.5,5.93,simulation_historical
6910,45140,Roger,Henry,Marketing,CDI,Marche,,2026-01-22,2026-01-22T11:14:30.913Z,2026-01-22T13:29:42.913Z,135.2,1.36,simulation_historical
6911,45140,Roger,Henry,Marketing,CDI,Marche,,2026-07-19,2026-07-19T09:47:30.913Z,2026-07-19T10:49:07.913Z,61.6,13.1,simulation_historical
6912,45140,Roger,Henry,Marketing,CDI,Marche,,2025-09-22,2025-09-22T01:13:30.913Z,2025-09-22T03:42:14.913Z,148.7,1.32,simulation_historical
6913,45140,Roger,Henry,Marketing,CDI,Marche,,2026-01-28,2026-01-28T21:29:30.913Z,2026-01-28T22:44:28.913Z,75.0,5.83,simulation_historical
6914,45140,Roger,Henry,Marketing,CDI,Marche,,2025-11-29,2025-11-29T03:41:30.913Z,2025-11-29T05:32:39.913Z,111.2,1.13,simulation_historical
6915,45140,Roger,Henry,Marketing,CDI,Marche,,2026-07-25,2026-07-25T18:50:30.913Z,2026-07-25T21:08:24.913Z,137.9,7.81,simulation_historical
6916,45140,Roger,Henry,Marketing,CDI,Marche,,2026-01-05,2026-01-05T16:07:30.913Z,2026-01-05T18:58:51.913Z,171.4,5.76,simulation_historical
6917,45140,Roger,Henry,Marketing,CDI,Marche,,2026-08-29,2026-08-29T00:19:30.913Z,2026-08-29T02:52:14.913Z,152.7,9.41,simulation_historical
6918,45140,Roger,Henry,Marketing,CDI,Marche,,2025-11-17,2025-11-17T16:05:30.913Z,2025-11-17T18:38:43.913Z,153.2,4.8,simulation_historical
6919,45140,Roger,Henry,Marketing,CDI,Marche,,2026-08-15,2026-08-15T23:43:30.913Z,2026-08-16T01:58:44.913Z,135.2,10.44,simulation_historical
6920,45140,Roger,Henry,Marketing,CDI,Marche,,2026-04-07,2026-04-07T22:40:30.913Z,2026-04-08T00:13:38.913Z,93.1,11.62,simulation_historical
6921,45140,Roger,Henry,Marketing,CDI,Marche,,2026-02-15,2026-02-15T00:37:30.913Z,2026-02-15T03:12:36.913Z,155.1,11.2,simulation_historical
6922,45140,Roger,Henry,Marketing,CDI,Marche,,2025-10-21,2025-10-21T04:16:30.913Z,2025-10-21T06:35:37.913Z,139.1,1.34,simulation_historical
6923,45140,Roger,Henry,Marketing,CDI,Marche,,2026-06-26,2026-06-26T05:58:30.913Z,2026-06-26T07:10:59.913Z,72.5,8.69,simulation_historical
6924,45140,Roger,Henry,Marketing,CDI,Marche,,2026-03-24,2026-03-24T01:30:30.913Z,2026-03-24T04:09:07.913Z,158.6,4.6,simulation_historical
6925,45140,Roger,Henry,Marketing,CDI,Marche,,2025-11-19,2025-11-19T18:23:30.913Z,2025-11-19T20:51:25.913Z,147.9,3.15,simulation_historical
6926,45140,Roger,Henry,Marketing,CDI,Marche,,2026-04-18,2026-04-18T15:59:30.913Z,2026-04-18T18:06:05.913Z,126.6,7.83,simulation_historical
6927,45140,Roger,Henry,Marketing,CDI,Marche,,2025-10-06,2025-10-06T18:57:30.913Z,2025-10-06T20:55:52.913Z,118.4,14.04,simulation_historical
6928,45140,Roger,Henry,Marketing,CDI,Marche,,2026-01-18,2026-01-18T10:05:30.913Z,2026-01-18T11:22:04.913Z,76.6,5.63,simulation_historical
6929,45140,Roger,Henry,Marketing,CDI,Marche,,2025-09-27,2025-09-27T16:39:30.913Z,2025-09-27T19:11:21.913Z,151.9,3.12,simulation_historical
6930,45140,Roger,Henry,Marketing,CDI,Marche,,2026-06-20,2026-06-20T09:34:30.913Z,2026-06-20T12:08:53.913Z,154.4,2.65,simulation_historical
6931,45140,Roger,Henry,Marketing,CDI,Marche,,2026-02-16,2026-02-16T00:25:30.913Z,2026-02-16T01:49:35.913Z,84.1,4.43,simulation_historical
6932,45140,Roger,Henry,Marketing,CDI,Marche,,2025-12-05,2025-12-05T14:43:30.913Z,2025-12-05T16:41:28.913Z,118.0,5.27,simulation_historical
6933,45140,Roger,Henry,Marketing,CDI,Marche,,2026-03-17,2026-03-17T18:34:30.913Z,2026-03-17T19:42:12.913Z,67.7,14.57,simulation_historical
6934,45140,Roger,Henry,Marketing,CDI,Marche,,2026-01-02,2026-01-02T13:53:30.913Z,2026-01-02T14:30:53.913Z,37.4,6.53,simulation_historical
6935,45140,Roger,Henry,Marketing,CDI,Marche,,2026-02-08,2026-02-08T12:05:30.913Z,2026-02-08T13:27:24.913Z,81.9,2.98,simulation_historical
6936,45140,Roger,Henry,Marketing,CDI,Marche,,2025-12-03,2025-12-03T08:13:30.913Z,2025-12-03T09:43:54.913Z,90.4,6.58,simulation_historical
6937,45140,Roger,Henry,Marketing,CDI,Marche,,2026-03-19,2026-03-19T13:55:30.913Z,2026-03-19T16:47:36.913Z,172.1,5.38,simulation_historical
6938,45140,Roger,Henry,Marketing,CDI,Marche,,2026-06-30,2026-06-30T16:49:30.913Z,2026-06-30T19:30:14.913Z,160.7,10.9,simulation_historical
6939,45140,Roger,Henry,Marketing,CDI,Marche,,2025-10-09,2025-10-09T11:59:30.913Z,2025-10-09T12:33:16.913Z,33.8,8.17,simulation_historical
6940,45140,Roger,Henry,Marketing,CDI,Marche,,2026-01-25,2026-01-25T12:38:30.913Z,2026-01-25T13:26:19.913Z,47.8,14.49,simulation_historical
6941,45140,Roger,Henry,Marketing,CDI,Marche,,2025-12-03,2025-12-03T14:12:30.913Z,2025-12-03T15:01:17.913Z,48.8,3.74,simulation_historical
6942,45140,Roger,Henry,Marketing,CDI,Marche,,2025-10-29,2025-10-29T11:49:30.913Z,2025-10-29T13:05:35.913Z,76.1,6.93,simulation_historical
6943,45140,Roger,Henry,Marketing,CDI,Marche,,2026-06-27,2026-06-27T16:26:30.913Z,2026-06-27T18:47:03.913Z,140.6,13.48,simulation_historical
6944,45140,Roger,Henry,Marketing,CDI,Marche,,2025-12-30,2025-12-30T23:58:30.913Z,2025-12-31T00:45:36.913Z,47.1,3.53,simulation_historical
6945,45140,Roger,Henry,Marketing,CDI,Marche,,2025-10-20,2025-10-20T04:23:30.913Z,2025-10-20T05:21:07.913Z,57.6,3.01,simulation_historical
6946,45140,Roger,Henry,Marketing,CDI,Marche,,2026-06-05,2026-06-05T01:18:30.913Z,2026-06-05T01:40:17.913Z,21.8,5.02,simulation_historical
6947,45140,Roger,Henry,Marketing,CDI,Marche,,2026-01-17,2026-01-17T05:26:30.913Z,2026-01-17T08:04:24.913Z,157.9,3.81,simulation_historical
6948,45140,Roger,Henry,Marketing,CDI,Marche,,2026-08-04,2026-08-04T07:21:30.913Z,2026-08-04T09:34:49.913Z,133.3,6.91,simulation_historical
6949,45221,Bernard,Georges,Finance,CDI,Randonnée,Randonnée,2025-10-11,2025-10-11T08:35:30.913Z,2025-10-11T11:20:07.913Z,164.6,15.82,simulation_historical
6950,45221,Bernard,Georges,Finance,CDI,Randonnée,Randonnée,2026-05-23,2026-05-23T10:53:30.913Z,2026-05-23T13:10:35.913Z,137.1,15.55,simulation_historical
6951,45221,Bernard,Georges,Finance,CDI,Randonnée,Randonnée,2026-02-19,2026-02-19T00:50:30.913Z,2026-02-19T03:31:26.913Z,160.9,28.04,simulation_historical
6952,45221,Bernard,Georges,Finance,CDI,Randonnée,Randonnée,2025-10-02,2025-10-02T04:43:30.913Z,2025-10-02T07:04:21.913Z,140.9,6.77,simulation_historical
6953,45221,Bernard,Georges,Finance,CDI,Randonnée,Randonnée,2026-09-10,2026-09-10T16:53:30.913Z,2026-09-10T19:34:46.913Z,161.3,4.28,simulation_historical
6954,45221,Bernard,Georges,Finance,CDI,Randonnée,Randonnée,2026-08-04,2026-08-04T05:24:30.913Z,2026-08-04T07:34:10.913Z,129.7,27.31,simulation_historical
6955,45221,Bernard,Georges,Finance,CDI,Randonnée,Randonnée,2026-06-24,2026-06-24T02:41:30.913Z,2026-06-24T04:48:53.913Z,127.4,26.88,simulation_historical
6956,45221,Bernard,Georges,Finance,CDI,Randonnée,Randonnée,2026-08-28,2026-08-28T17:45:30.913Z,2026-08-28T18:46:43.913Z,61.2,20.83,simulation_historical
6957,45221,Bernard,Georges,Finance,CDI,Randonnée,Randonnée,2026-08-17,2026-08-17T18:59:30.913Z,2026-08-17T21:41:26.913Z,161.9,11.69,simulation_historical
6958,45221,Bernard,Georges,Finance,CDI,Randonnée,Randonnée,2026-02-14,2026-02-14T02:48:30.913Z,2026-02-14T05:39:40.913Z,171.2,11.97,simulation_historical
6959,45221,Bernard,Georges,Finance,CDI,Randonnée,Randonnée,2026-04-09,2026-04-09T04:44:30.913Z,2026-04-09T06:20:53.913Z,96.4,19.29,simulation_historical
6960,45221,Bernard,Georges,Finance,CDI,Randonnée,Randonnée,2025-11-08,2025-11-08T11:00:30.913Z,2025-11-08T13:10:48.913Z,130.3,16.62,simulation_historical
6961,45221,Bernard,Georges,Finance,CDI,Randonnée,Randonnée,2025-10-22,2025-10-22T08:48:30.913Z,2025-10-22T11:37:09.913Z,168.7,22.46,simulation_historical
6962,45221,Bernard,Georges,Finance,CDI,Randonnée,Randonnée,2025-11-03,2025-11-03T19:16:30.913Z,2025-11-03T21:10:46.913Z,114.3,28.6,simulation_historical
6963,45221,Bernard,Georges,Finance,CDI,Randonnée,Randonnée,2025-10-19,2025-10-19T02:55:30.913Z,2025-10-19T04:09:22.913Z,73.9,11.88,simulation_historical
6964,45221,Bernard,Georges,Finance,CDI,Randonnée,Randonnée,2026-08-04,2026-08-04T14:10:30.913Z,2026-08-04T16:01:50.913Z,111.3,14.78,simulation_historical
6965,45221,Bernard,Georges,Finance,CDI,Randonnée,Randonnée,2026-07-13,2026-07-13T23:10:30.913Z,2026-07-14T00:48:01.913Z,97.5,9.0,simulation_historical
6966,45221,Bernard,Georges,Finance,CDI,Randonnée,Randonnée,2026-07-30,2026-07-30T23:09:30.913Z,2026-07-31T00:54:45.913Z,105.3,19.08,simulation_historical
6967,45221,Bernard,Georges,Finance,CDI,Randonnée,Randonnée,2026-03-25,2026-03-25T19:34:30.913Z,2026-03-25T20:00:53.913Z,26.4,2.91,simulation_historical
6968,45221,Bernard,Georges,Finance,CDI,Randonnée,Randonnée,2025-12-13,2025-12-13T21:28:30.913Z,2025-12-13T22:54:24.913Z,85.9,29.27,simulation_historical
6969,45221,Bernard,Georges,Finance,CDI,Randonnée,Randonnée,2026-04-13,2026-04-13T16:17:30.913Z,2026-04-13T18:55:28.913Z,158.0,5.62,simulation_historical
6970,45221,Bernard,Georges,Finance,CDI,Randonnée,Randonnée,2026-08-17,2026-08-17T04:28:30.913Z,2026-08-17T07:07:04.913Z,158.6,13.62,simulation_historical
6971,45221,Bernard,Georges,Finance,CDI,Randonnée,Randonnée,2026-07-15,2026-07-15T13:56:30.913Z,2026-07-15T14:50:33.913Z,54.1,16.7,simulation_historical
6972,45221,Bernard,Georges,Finance,CDI,Randonnée,Randonnée,2026-04-16,2026-04-16T20:57:30.913Z,2026-04-16T21:18:55.913Z,21.4,16.85,simulation_historical
6973,45221,Bernard,Georges,Finance,CDI,Randonnée,Randonnée,2026-03-27,2026-03-27T07:53:30.913Z,2026-03-27T10:52:18.913Z,178.8,20.53,simulation_historical
6974,45221,Bernard,Georges,Finance,CDI,Randonnée,Randonnée,2025-10-29,2025-10-29T18:10:30.913Z,2025-10-29T19:34:21.913Z,83.9,13.48,simulation_historical
6975,45221,Bernard,Georges,Finance,CDI,Randonnée,Randonnée,2026-04-16,2026-04-16T06:02:30.913Z,2026-04-16T08:58:54.913Z,176.4,24.03,simulation_historical
6976,45221,Bernard,Georges,Finance,CDI,Randonnée,Randonnée,2026-07-06,2026-07-06T17:20:30.913Z,2026-07-06T20:02:24.913Z,161.9,26.17,simulation_historical
6977,45221,Bernard,Georges,Finance,CDI,Randonnée,Randonnée,2026-05-13,2026-05-13T12:24:30.913Z,2026-05-13T15:05:31.913Z,161.0,21.08,simulation_historical
6978,45221,Bernard,Georges,Finance,CDI,Randonnée,Randonnée,2026-06-10,2026-06-10T04:15:30.913Z,2026-06-10T05:02:15.913Z,46.8,6.8,simulation_historical
6979,45221,Bernard,Georges,Finance,CDI,Randonnée,Randonnée,2025-09-17,2025-09-17T01:51:30.913Z,2025-09-17T04:04:01.913Z,132.5,4.69,simulation_historical
6980,45221,Bernard,Georges,Finance,CDI,Randonnée,Randonnée,2026-07-31,2026-07-31T14:17:30.913Z,2026-07-31T15:13:00.913Z,55.5,17.61,simulation_historical
6981,45221,Bernard,Georges,Finance,CDI,Randonnée,Randonnée,2026-05-30,2026-05-30T01:40:30.913Z,2026-05-30T03:41:20.913Z,120.8,24.18,simulation_historical
6982,45221,Bernard,Georges,Finance,CDI,Randonnée,Randonnée,2025-12-21,2025-12-21T03:07:30.913Z,2025-12-21T06:00:08.913Z,172.6,19.0,simulation_historical
6983,45221,Bernard,Georges,Finance,CDI,Randonnée,Randonnée,2026-02-26,2026-02-26T07:07:30.913Z,2026-02-26T09:43:42.913Z,156.2,22.86,simulation_historical
6984,45221,Bernard,Georges,Finance,CDI,Randonnée,Randonnée,2026-02-12,2026-02-12T01:00:30.913Z,2026-02-12T03:34:10.913Z,153.7,25.98,simulation_historical
6985,45221,Bernard,Georges,Finance,CDI,Randonnée,Randonnée,2026-02-15,2026-02-15T10:35:30.913Z,2026-02-15T13:13:36.913Z,158.1,6.17,simulation_historical
6986,45221,Bernard,Georges,Finance,CDI,Randonnée,Randonnée,2026-01-10,2026-01-10T17:15:30.913Z,2026-01-10T18:10:49.913Z,55.3,25.09,simulation_historical
6987,45221,Bernard,Georges,Finance,CDI,Randonnée,Randonnée,2025-12-27,2025-12-27T23:37:30.913Z,2025-12-28T00:55:33.913Z,78.1,16.92,simulation_historical
6988,45221,Bernard,Georges,Finance,CDI,Randonnée,Randonnée,2026-01-17,2026-01-17T13:57:30.913Z,2026-01-17T15:00:19.913Z,62.8,20.32,simulation_historical
6989,45221,Bernard,Georges,Finance,CDI,Randonnée,Randonnée,2026-03-11,2026-03-11T12:06:30.913Z,2026-03-11T14:18:04.913Z,131.6,5.62,simulation_historical
6990,45221,Bernard,Georges,Finance,CDI,Randonnée,Randonnée,2026-07-17,2026-07-17T04:08:30.913Z,2026-07-17T05:47:34.913Z,99.1,3.32,simulation_historical
6991,45221,Bernard,Georges,Finance,CDI,Randonnée,Randonnée,2025-12-23,2025-12-23T11:37:30.913Z,2025-12-23T13:38:56.913Z,121.4,11.99,simulation_historical
6992,45221,Bernard,Georges,Finance,CDI,Randonnée,Randonnée,2026-03-09,2026-03-09T06:26:30.913Z,2026-03-09T08:59:11.913Z,152.7,2.92,simulation_historical
6993,45221,Bernard,Georges,Finance,CDI,Randonnée,Randonnée,2026-07-05,2026-07-05T10:54:30.913Z,2026-07-05T13:09:40.913Z,135.2,3.59,simulation_historical
6994,45725,Henri,Boulanger,Ventes,CDI,Marche,,2026-04-24,2026-04-24T09:33:30.913Z,2026-04-24T12:06:58.913Z,153.5,1.03,simulation_historical
6995,45725,Henri,Boulanger,Ventes,CDI,Marche,,2026-07-15,2026-07-15T22:22:30.913Z,2026-07-15T23:00:56.913Z,38.4,1.73,simulation_historical
6996,45725,Henri,Boulanger,Ventes,CDI,Marche,,2026-02-15,2026-02-15T00:08:30.913Z,2026-02-15T01:53:04.913Z,104.6,10.27,simulation_historical
6997,45725,Henri,Boulanger,Ventes,CDI,Marche,,2026-01-28,2026-01-28T04:54:30.913Z,2026-01-28T06:57:31.913Z,123.0,8.79,simulation_historical
6998,45725,Henri,Boulanger,Ventes,CDI,Marche,,2025-11-10,2025-11-10T10:56:30.913Z,2025-11-10T11:54:19.913Z,57.8,9.27,simulation_historical
6999,45725,Henri,Boulanger,Ventes,CDI,Marche,,2025-10-26,2025-10-26T00:56:30.913Z,2025-10-26T03:19:21.913Z,142.9,11.93,simulation_historical
7000,45725,Henri,Boulanger,Ventes,CDI,Marche,,2026-01-30,2026-01-30T10:49:30.913Z,2026-01-30T12:38:18.913Z,108.8,2.46,simulation_historical
7001,45725,Henri,Boulanger,Ventes,CDI,Marche,,2025-10-31,2025-10-31T18:05:30.913Z,2025-10-31T20:17:21.913Z,131.9,7.34,simulation_historical
7002,45725,Henri,Boulanger,Ventes,CDI,Marche,,2026-05-20,2026-05-20T03:23:30.913Z,2026-05-20T06:11:13.913Z,167.7,1.75,simulation_historical
7003,45725,Henri,Boulanger,Ventes,CDI,Marche,,2025-10-08,2025-10-08T00:57:30.913Z,2025-10-08T02:33:14.913Z,95.7,11.58,simulation_historical
7004,45725,Henri,Boulanger,Ventes,CDI,Marche,,2026-08-02,2026-08-02T09:59:30.913Z,2026-08-02T10:26:16.913Z,26.8,10.37,simulation_historical
7005,45725,Henri,Boulanger,Ventes,CDI,Marche,,2025-10-28,2025-10-28T17:25:30.913Z,2025-10-28T20:18:42.913Z,173.2,11.57,simulation_historical
7006,45725,Henri,Boulanger,Ventes,CDI,Marche,,2026-07-14,2026-07-14T19:09:30.913Z,2026-07-14T19:52:45.913Z,43.3,4.15,simulation_historical
7007,45725,Henri,Boulanger,Ventes,CDI,Marche,,2025-11-03,2025-11-03T22:08:30.913Z,2025-11-03T22:42:56.913Z,34.4,10.34,simulation_historical
7008,45725,Henri,Boulanger,Ventes,CDI,Marche,,2025-12-23,2025-12-23T08:56:30.913Z,2025-12-23T11:26:26.913Z,149.9,9.24,simulation_historical
7009,45725,Henri,Boulanger,Ventes,CDI,Marche,,2026-09-07,2026-09-07T12:02:30.913Z,2026-09-07T14:47:43.913Z,165.2,3.94,simulation_historical
7010,45725,Henri,Boulanger,Ventes,CDI,Marche,,2026-09-07,2026-09-07T06:54:30.913Z,2026-09-07T08:10:41.913Z,76.2,5.02,simulation_historical
7011,45725,Henri,Boulanger,Ventes,CDI,Marche,,2025-09-19,2025-09-19T21:16:30.913Z,2025-09-19T21:59:36.913Z,43.1,14.22,simulation_historical
7012,45725,Henri,Boulanger,Ventes,CDI,Marche,,2025-12-16,2025-12-16T20:24:30.913Z,2025-12-16T22:34:13.913Z,129.7,10.65,simulation_historical
7013,45725,Henri,Boulanger,Ventes,CDI,Marche,,2026-08-23,2026-08-23T23:49:30.913Z,2026-08-24T00:15:51.913Z,26.4,6.57,simulation_historical
7014,45725,Henri,Boulanger,Ventes,CDI,Marche,,2026-02-05,2026-02-05T10:18:30.913Z,2026-02-05T10:45:04.913Z,26.6,9.65,simulation_historical
7015,45725,Henri,Boulanger,Ventes,CDI,Marche,,2026-04-07,2026-04-07T03:28:30.913Z,2026-04-07T04:13:21.913Z,44.9,2.88,simulation_historical
7016,45725,Henri,Boulanger,Ventes,CDI,Marche,,2026-07-27,2026-07-27T22:34:30.913Z,2026-07-28T00:12:25.913Z,97.9,3.36,simulation_historical
7017,45725,Henri,Boulanger,Ventes,CDI,Marche,,2026-06-15,2026-06-15T06:55:30.913Z,2026-06-15T07:39:58.913Z,44.5,3.53,simulation_historical
7018,46158,Martin,Marchand,R&D,CDI,Marche,,2026-02-19,2026-02-19T18:34:30.913Z,2026-02-19T19:10:35.913Z,36.1,11.07,simulation_historical
7019,46158,Martin,Marchand,R&D,CDI,Marche,,2026-04-03,2026-04-03T10:43:30.913Z,2026-04-03T11:19:28.913Z,36.0,5.88,simulation_historical
7020,46158,Martin,Marchand,R&D,CDI,Marche,,2026-03-01,2026-03-01T12:24:30.913Z,2026-03-01T13:23:24.913Z,58.9,7.76,simulation_historical
7021,46158,Martin,Marchand,R&D,CDI,Marche,,2026-04-04,2026-04-04T07:20:30.913Z,2026-04-04T08:13:31.913Z,53.0,1.85,simulation_historical
7022,46158,Martin,Marchand,R&D,CDI,Marche,,2026-06-05,2026-06-05T07:56:30.913Z,2026-06-05T09:21:04.913Z,84.6,9.08,simulation_historical
7023,46158,Martin,Marchand,R&D,CDI,Marche,,2025-12-29,2025-12-29T23:20:30.913Z,2025-12-30T00:11:55.913Z,51.4,5.41,simulation_historical
7024,46158,Martin,Marchand,R&D,CDI,Marche,,2026-08-16,2026-08-16T05:15:30.913Z,2026-08-16T08:06:32.913Z,171.0,7.67,simulation_historical
7025,46158,Martin,Marchand,R&D,CDI,Marche,,2026-08-14,2026-08-14T00:43:30.913Z,2026-08-14T02:54:46.913Z,131.3,11.38,simulation_historical
7026,46158,Martin,Marchand,R&D,CDI,Marche,,2026-05-20,2026-05-20T15:27:30.913Z,2026-05-20T18:18:47.913Z,171.3,10.6,simulation_historical
7027,46158,Martin,Marchand,R&D,CDI,Marche,,2025-10-06,2025-10-06T12:29:30.913Z,2025-10-06T15:20:58.913Z,171.5,11.68,simulation_historical
7028,46158,Martin,Marchand,R&D,CDI,Marche,,2026-07-14,2026-07-14T06:08:30.913Z,2026-07-14T08:19:34.913Z,131.1,8.31,simulation_historical
7029,46158,Martin,Marchand,R&D,CDI,Marche,,2026-08-04,2026-08-04T19:12:30.913Z,2026-08-04T20:28:03.913Z,75.6,13.83,simulation_historical
7030,46158,Martin,Marchand,R&D,CDI,Marche,,2026-07-06,2026-07-06T04:10:30.913Z,2026-07-06T05:16:25.913Z,65.9,13.81,simulation_historical
7031,46158,Martin,Marchand,R&D,CDI,Marche,,2026-05-13,2026-05-13T22:17:30.913Z,2026-05-14T01:09:05.913Z,171.6,8.4,simulation_historical
7032,46158,Martin,Marchand,R&D,CDI,Marche,,2026-08-26,2026-08-26T14:52:30.913Z,2026-08-26T17:19:22.913Z,146.9,14.59,simulation_historical
7033,46158,Martin,Marchand,R&D,CDI,Marche,,2025-11-03,2025-11-03T06:03:30.913Z,2025-11-03T07:09:12.913Z,65.7,1.01,simulation_historical
7034,46158,Martin,Marchand,R&D,CDI,Marche,,2026-08-17,2026-08-17T00:27:30.913Z,2026-08-17T01:56:00.913Z,88.5,14.75,simulation_historical
7035,46158,Martin,Marchand,R&D,CDI,Marche,,2025-10-03,2025-10-03T03:22:30.913Z,2025-10-03T04:40:35.913Z,78.1,10.59,simulation_historical
7036,46158,Martin,Marchand,R&D,CDI,Marche,,2025-12-29,2025-12-29T06:42:30.913Z,2025-12-29T07:46:34.913Z,64.1,13.11,simulation_historical
7037,46158,Martin,Marchand,R&D,CDI,Marche,,2025-12-16,2025-12-16T21:40:30.913Z,2025-12-16T23:22:35.913Z,102.1,2.47,simulation_historical
7038,46158,Martin,Marchand,R&D,CDI,Marche,,2026-02-25,2026-02-25T17:37:30.913Z,2026-02-25T18:35:38.913Z,58.1,12.88,simulation_historical
7039,46158,Martin,Marchand,R&D,CDI,Marche,,2025-12-06,2025-12-06T06:48:30.913Z,2025-12-06T09:06:27.913Z,138.0,4.45,simulation_historical
7040,46158,Martin,Marchand,R&D,CDI,Marche,,2025-11-07,2025-11-07T22:53:30.913Z,2025-11-08T00:40:25.913Z,106.9,12.18,simulation_historical
7041,46158,Martin,Marchand,R&D,CDI,Marche,,2026-03-24,2026-03-24T19:28:30.913Z,2026-03-24T21:52:07.913Z,143.6,5.47,simulation_historical
7042,46253,Léa,Blin,Marketing,CDI,Randonnée,Randonnée,2025-10-12,2025-10-12T05:23:30.913Z,2025-10-12T06:41:00.913Z,77.5,17.07,simulation_historical
7043,46253,Léa,Blin,Marketing,CDI,Randonnée,Randonnée,2025-11-14,2025-11-14T05:43:30.913Z,2025-11-14T06:40:00.913Z,56.5,23.18,simulation_historical
7044,46253,Léa,Blin,Marketing,CDI,Randonnée,Randonnée,2026-09-14,2026-09-14T20:14:30.913Z,2026-09-14T20:35:40.913Z,21.2,2.31,simulation_historical
7045,46253,Léa,Blin,Marketing,CDI,Randonnée,Randonnée,2025-10-07,2025-10-07T10:18:30.913Z,2025-10-07T13:10:16.913Z,171.8,24.82,simulation_historical
7046,46253,Léa,Blin,Marketing,CDI,Randonnée,Randonnée,2025-09-20,2025-09-20T23:56:30.913Z,2025-09-21T02:03:45.913Z,127.3,19.63,simulation_historical
7047,46253,Léa,Blin,Marketing,CDI,Randonnée,Randonnée,2026-08-05,2026-08-05T19:03:30.913Z,2026-08-05T19:44:40.913Z,41.2,19.65,simulation_historical
7048,46253,Léa,Blin,Marketing,CDI,Randonnée,Randonnée,2026-08-31,2026-08-31T18:16:30.913Z,2026-08-31T19:10:12.913Z,53.7,13.57,simulation_historical
7049,46253,Léa,Blin,Marketing,CDI,Randonnée,Randonnée,2026-03-07,2026-03-07T20:22:30.913Z,2026-03-07T22:28:06.913Z,125.6,7.81,simulation_historical
7050,46253,Léa,Blin,Marketing,CDI,Randonnée,Randonnée,2025-09-25,2025-09-25T15:37:30.913Z,2025-09-25T18:03:50.913Z,146.3,14.14,simulation_historical
7051,46253,Léa,Blin,Marketing,CDI,Randonnée,Randonnée,2026-06-10,2026-06-10T01:44:30.913Z,2026-06-10T03:04:59.913Z,80.5,26.35,simulation_historical
7052,46253,Léa,Blin,Marketing,CDI,Randonnée,Randonnée,2026-09-06,2026-09-06T07:01:30.913Z,2026-09-06T08:59:12.913Z,117.7,8.28,simulation_historical
7053,46253,Léa,Blin,Marketing,CDI,Randonnée,Randonnée,2026-07-31,2026-07-31T20:04:30.913Z,2026-07-31T21:47:17.913Z,102.8,28.49,simulation_historical
7054,46253,Léa,Blin,Marketing,CDI,Randonnée,Randonnée,2026-05-26,2026-05-26T08:13:30.913Z,2026-05-26T10:12:37.913Z,119.1,3.21,simulation_historical
7055,46253,Léa,Blin,Marketing,CDI,Randonnée,Randonnée,2026-04-25,2026-04-25T23:47:30.913Z,2026-04-26T01:04:35.913Z,77.1,2.23,simulation_historical
7056,46253,Léa,Blin,Marketing,CDI,Randonnée,Randonnée,2026-06-07,2026-06-07T19:19:30.913Z,2026-06-07T20:09:47.913Z,50.3,11.09,simulation_historical
7057,46253,Léa,Blin,Marketing,CDI,Randonnée,Randonnée,2025-11-28,2025-11-28T23:13:30.913Z,2025-11-29T00:20:03.913Z,66.6,20.08,simulation_historical
7058,46253,Léa,Blin,Marketing,CDI,Randonnée,Randonnée,2026-06-08,2026-06-08T17:57:30.913Z,2026-06-08T20:51:58.913Z,174.5,24.03,simulation_historical
7059,46253,Léa,Blin,Marketing,CDI,Randonnée,Randonnée,2025-10-01,2025-10-01T20:08:30.913Z,2025-10-01T21:16:25.913Z,67.9,4.14,simulation_historical
7060,46253,Léa,Blin,Marketing,CDI,Randonnée,Randonnée,2025-11-19,2025-11-19T10:57:30.913Z,2025-11-19T11:35:15.913Z,37.8,6.18,simulation_historical
7061,46253,Léa,Blin,Marketing,CDI,Randonnée,Randonnée,2026-05-06,2026-05-06T20:50:30.913Z,2026-05-06T22:12:44.913Z,82.2,19.14,simulation_historical
7062,46304,Benjamin,Pichon,R&D,CDI,Rugby,Rugby,2026-04-29,2026-04-29T08:50:30.913Z,2026-04-29T09:16:48.913Z,26.3,,simulation_historical
7063,46304,Benjamin,Pichon,R&D,CDI,Rugby,Rugby,2025-09-26,2025-09-26T18:10:30.913Z,2025-09-26T19:39:33.913Z,89.1,,simulation_historical
7064,46304,Benjamin,Pichon,R&D,CDI,Rugby,Rugby,2025-10-02,2025-10-02T21:48:30.913Z,2025-10-03T00:12:27.913Z,144.0,,simulation_historical
7065,46304,Benjamin,Pichon,R&D,CDI,Rugby,Rugby,2026-09-15,2026-09-15T02:03:30.913Z,2026-09-15T02:37:39.913Z,34.2,,simulation_historical
7066,46304,Benjamin,Pichon,R&D,CDI,Rugby,Rugby,2026-04-04,2026-04-04T01:50:30.913Z,2026-04-04T04:01:36.913Z,131.1,,simulation_historical
7067,46304,Benjamin,Pichon,R&D,CDI,Rugby,Rugby,2026-04-29,2026-04-29T12:01:30.913Z,2026-04-29T14:43:01.913Z,161.5,,simulation_historical
7068,46304,Benjamin,Pichon,R&D,CDI,Rugby,Rugby,2026-01-21,2026-01-21T00:21:30.913Z,2026-01-21T03:02:44.913Z,161.2,,simulation_historical
7069,46304,Benjamin,Pichon,R&D,CDI,Rugby,Rugby,2026-08-24,2026-08-24T16:30:30.913Z,2026-08-24T17:03:19.913Z,32.8,,simulation_historical
7070,46304,Benjamin,Pichon,R&D,CDI,Rugby,Rugby,2026-04-27,2026-04-27T02:10:30.913Z,2026-04-27T04:33:04.913Z,142.6,,simulation_historical
7071,46304,Benjamin,Pichon,R&D,CDI,Rugby,Rugby,2026-04-08,2026-04-08T15:19:30.913Z,2026-04-08T16:32:38.913Z,73.1,,simulation_historical
7072,46304,Benjamin,Pichon,R&D,CDI,Rugby,Rugby,2026-03-29,2026-03-29T12:48:30.913Z,2026-03-29T15:44:38.913Z,176.1,,simulation_historical
7073,46304,Benjamin,Pichon,R&D,CDI,Rugby,Rugby,2026-09-03,2026-09-03T16:30:30.913Z,2026-09-03T18:46:13.913Z,135.7,,simulation_historical
7074,46304,Benjamin,Pichon,R&D,CDI,Rugby,Rugby,2026-08-09,2026-08-09T08:32:30.913Z,2026-08-09T09:37:24.913Z,64.9,,simulation_historical
7075,46304,Benjamin,Pichon,R&D,CDI,Rugby,Rugby,2026-04-01,2026-04-01T06:40:30.913Z,2026-04-01T07:26:54.913Z,46.4,,simulation_historical
7076,46304,Benjamin,Pichon,R&D,CDI,Rugby,Rugby,2026-09-02,2026-09-02T00:17:30.913Z,2026-09-02T00:44:03.913Z,26.6,,simulation_historical
7077,46304,Benjamin,Pichon,R&D,CDI,Rugby,Rugby,2025-11-16,2025-11-16T18:45:30.913Z,2025-11-16T20:36:47.913Z,111.3,,simulation_historical
7078,46304,Benjamin,Pichon,R&D,CDI,Rugby,Rugby,2026-05-11,2026-05-11T08:38:30.913Z,2026-05-11T11:07:49.913Z,149.3,,simulation_historical
7079,46304,Benjamin,Pichon,R&D,CDI,Rugby,Rugby,2026-05-17,2026-05-17T04:51:30.913Z,2026-05-17T05:26:21.913Z,34.9,,simulation_historical
7080,46304,Benjamin,Pichon,R&D,CDI,Rugby,Rugby,2026-03-29,2026-03-29T22:54:30.913Z,2026-03-30T00:19:08.913Z,84.6,,simulation_historical
7081,46304,Benjamin,Pichon,R&D,CDI,Rugby,Rugby,2026-08-09,2026-08-09T20:05:30.913Z,2026-08-09T22:25:14.913Z,139.7,,simulation_historical
7082,46304,Benjamin,Pichon,R&D,CDI,Rugby,Rugby,2026-07-29,2026-07-29T19:16:30.913Z,2026-07-29T22:14:35.913Z,178.1,,simulation_historical
7083,46304,Benjamin,Pichon,R&D,CDI,Rugby,Rugby,2026-07-15,2026-07-15T13:41:30.913Z,2026-07-15T14:10:36.913Z,29.1,,simulation_historical
7084,46304,Benjamin,Pichon,R&D,CDI,Rugby,Rugby,2026-03-07,2026-03-07T04:48:30.913Z,2026-03-07T05:26:15.913Z,37.8,,simulation_historical
7085,46304,Benjamin,Pichon,R&D,CDI,Rugby,Rugby,2026-07-13,2026-07-13T13:46:30.913Z,2026-07-13T16:07:10.913Z,140.7,,simulation_historical
7086,46304,Benjamin,Pichon,R&D,CDI,Rugby,Rugby,2026-08-19,2026-08-19T06:05:30.913Z,2026-08-19T08:23:25.913Z,137.9,,simulation_historical
7087,46304,Benjamin,Pichon,R&D,CDI,Rugby,Rugby,2026-08-14,2026-08-14T12:01:30.913Z,2026-08-14T12:36:44.913Z,35.2,,simulation_historical
7088,46304,Benjamin,Pichon,R&D,CDI,Rugby,Rugby,2025-12-04,2025-12-04T14:26:30.913Z,2025-12-04T16:30:39.913Z,124.2,,simulation_historical
7089,46304,Benjamin,Pichon,R&D,CDI,Rugby,Rugby,2026-02-23,2026-02-23T12:05:30.913Z,2026-02-23T14:17:45.913Z,132.3,,simulation_historical
7090,46304,Benjamin,Pichon,R&D,CDI,Rugby,Rugby,2026-05-19,2026-05-19T19:54:30.913Z,2026-05-19T20:17:23.913Z,22.9,,simulation_historical
7091,46304,Benjamin,Pichon,R&D,CDI,Rugby,Rugby,2026-01-27,2026-01-27T03:15:30.913Z,2026-01-27T05:32:24.913Z,136.9,,simulation_historical
7092,46304,Benjamin,Pichon,R&D,CDI,Rugby,Rugby,2025-11-02,2025-11-02T20:38:30.913Z,2025-11-02T22:31:14.913Z,112.7,,simulation_historical
7093,46304,Benjamin,Pichon,R&D,CDI,Rugby,Rugby,2025-10-17,2025-10-17T17:54:30.913Z,2025-10-17T18:21:35.913Z,27.1,,simulation_historical
7094,46304,Benjamin,Pichon,R&D,CDI,Rugby,Rugby,2026-01-26,2026-01-26T23:23:30.913Z,2026-01-27T00:36:03.913Z,72.6,,simulation_historical
7095,46304,Benjamin,Pichon,R&D,CDI,Rugby,Rugby,2026-07-23,2026-07-23T12:44:30.913Z,2026-07-23T13:22:56.913Z,38.4,,simulation_historical
7096,46304,Benjamin,Pichon,R&D,CDI,Rugby,Rugby,2025-11-17,2025-11-17T08:47:30.913Z,2025-11-17T11:44:01.913Z,176.5,,simulation_historical
7097,46304,Benjamin,Pichon,R&D,CDI,Rugby,Rugby,2026-07-13,2026-07-13T19:12:30.913Z,2026-07-13T20:42:28.913Z,90.0,,simulation_historical
7098,46304,Benjamin,Pichon,R&D,CDI,Rugby,Rugby,2026-03-19,2026-03-19T02:14:30.913Z,2026-03-19T04:35:54.913Z,141.4,,simulation_historical
7099,46304,Benjamin,Pichon,R&D,CDI,Rugby,Rugby,2026-06-13,2026-06-13T08:36:30.913Z,2026-06-13T09:08:32.913Z,32.0,,simulation_historical
7100,46304,Benjamin,Pichon,R&D,CDI,Rugby,Rugby,2026-08-17,2026-08-17T11:25:30.913Z,2026-08-17T14:25:06.913Z,179.6,,simulation_historical
7101,46304,Benjamin,Pichon,R&D,CDI,Rugby,Rugby,2026-02-04,2026-02-04T23:03:30.913Z,2026-02-05T01:01:11.913Z,117.7,,simulation_historical
7102,46304,Benjamin,Pichon,R&D,CDI,Rugby,Rugby,2026-04-09,2026-04-09T20:48:30.913Z,2026-04-09T23:36:16.913Z,167.8,,simulation_historical
7103,46304,Benjamin,Pichon,R&D,CDI,Rugby,Rugby,2026-07-04,2026-07-04T11:14:30.913Z,2026-07-04T12:58:47.913Z,104.3,,simulation_historical
7104,46304,Benjamin,Pichon,R&D,CDI,Rugby,Rugby,2025-11-12,2025-11-12T05:26:30.913Z,2025-11-12T07:27:12.913Z,120.7,,simulation_historical
7105,46304,Benjamin,Pichon,R&D,CDI,Rugby,Rugby,2026-09-11,2026-09-11T23:07:30.913Z,2026-09-12T00:06:59.913Z,59.5,,simulation_historical
7106,46304,Benjamin,Pichon,R&D,CDI,Rugby,Rugby,2026-08-18,2026-08-18T08:12:30.913Z,2026-08-18T11:05:16.913Z,172.8,,simulation_historical
7107,46304,Benjamin,Pichon,R&D,CDI,Rugby,Rugby,2026-08-20,2026-08-20T02:22:30.913Z,2026-08-20T03:35:51.913Z,73.4,,simulation_historical
7108,46304,Benjamin,Pichon,R&D,CDI,Rugby,Rugby,2026-06-05,2026-06-05T18:46:30.913Z,2026-06-05T20:01:27.913Z,75.0,,simulation_historical
7109,46304,Benjamin,Pichon,R&D,CDI,Rugby,Rugby,2026-08-12,2026-08-12T05:32:30.913Z,2026-08-12T08:02:24.913Z,149.9,,simulation_historical
7110,46304,Benjamin,Pichon,R&D,CDI,Rugby,Rugby,2025-09-25,2025-09-25T17:15:30.913Z,2025-09-25T19:05:55.913Z,110.4,,simulation_historical
7111,46304,Benjamin,Pichon,R&D,CDI,Rugby,Rugby,2025-11-23,2025-11-23T21:23:30.913Z,2025-11-23T23:05:19.913Z,101.8,,simulation_historical
7112,46304,Benjamin,Pichon,R&D,CDI,Rugby,Rugby,2026-02-14,2026-02-14T05:34:30.913Z,2026-02-14T06:23:07.913Z,48.6,,simulation_historical
7113,46903,Luc,Leleu,Support,CDI,Escalade,Escalade,2026-08-26,2026-08-26T00:30:30.913Z,2026-08-26T00:51:30.913Z,21.0,,simulation_historical
7114,46903,Luc,Leleu,Support,CDI,Escalade,Escalade,2025-10-24,2025-10-24T08:00:30.913Z,2025-10-24T09:23:22.913Z,82.9,,simulation_historical
7115,46903,Luc,Leleu,Support,CDI,Escalade,Escalade,2026-01-20,2026-01-20T20:31:30.913Z,2026-01-20T21:56:46.913Z,85.3,,simulation_historical
7116,46903,Luc,Leleu,Support,CDI,Escalade,Escalade,2026-01-12,2026-01-12T15:55:30.913Z,2026-01-12T17:46:01.913Z,110.5,,simulation_historical
7117,46903,Luc,Leleu,Support,CDI,Escalade,Escalade,2026-03-08,2026-03-08T09:19:30.913Z,2026-03-08T10:29:48.913Z,70.3,,simulation_historical
7118,46903,Luc,Leleu,Support,CDI,Escalade,Escalade,2026-09-13,2026-09-13T04:44:30.913Z,2026-09-13T05:24:38.913Z,40.1,,simulation_historical
7119,46903,Luc,Leleu,Support,CDI,Escalade,Escalade,2026-03-17,2026-03-17T15:09:30.913Z,2026-03-17T16:00:57.913Z,51.5,,simulation_historical
7120,46903,Luc,Leleu,Support,CDI,Escalade,Escalade,2026-07-06,2026-07-06T06:16:30.913Z,2026-07-06T07:29:35.913Z,73.1,,simulation_historical
7121,46903,Luc,Leleu,Support,CDI,Escalade,Escalade,2025-10-27,2025-10-27T20:46:30.913Z,2025-10-27T22:44:46.913Z,118.3,,simulation_historical
7122,46903,Luc,Leleu,Support,CDI,Escalade,Escalade,2026-08-25,2026-08-25T15:32:30.913Z,2026-08-25T16:46:31.913Z,74.0,,simulation_historical
7123,46903,Luc,Leleu,Support,CDI,Escalade,Escalade,2026-04-24,2026-04-24T10:30:30.913Z,2026-04-24T12:02:02.913Z,91.5,,simulation_historical
7124,46903,Luc,Leleu,Support,CDI,Escalade,Escalade,2026-06-19,2026-06-19T04:50:30.913Z,2026-06-19T07:41:55.913Z,171.4,,simulation_historical
7125,46903,Luc,Leleu,Support,CDI,Escalade,Escalade,2026-05-14,2026-05-14T10:32:30.913Z,2026-05-14T10:58:22.913Z,25.9,,simulation_historical
7126,46903,Luc,Leleu,Support,CDI,Escalade,Escalade,2026-06-18,2026-06-18T06:46:30.913Z,2026-06-18T07:34:07.913Z,47.6,,simulation_historical
7127,46903,Luc,Leleu,Support,CDI,Escalade,Escalade,2026-09-05,2026-09-05T18:36:30.913Z,2026-09-05T20:39:58.913Z,123.5,,simulation_historical
7128,46903,Luc,Leleu,Support,CDI,Escalade,Escalade,2025-10-16,2025-10-16T12:23:30.913Z,2025-10-16T13:40:54.913Z,77.4,,simulation_historical
7129,46903,Luc,Leleu,Support,CDI,Escalade,Escalade,2026-04-13,2026-04-13T01:29:30.913Z,2026-04-13T03:30:26.913Z,120.9,,simulation_historical
7130,46903,Luc,Leleu,Support,CDI,Escalade,Escalade,2026-03-09,2026-03-09T18:34:30.913Z,2026-03-09T21:18:23.913Z,163.9,,simulation_historical
7131,46903,Luc,Leleu,Support,CDI,Escalade,Escalade,2025-11-01,2025-11-01T01:48:30.913Z,2025-11-01T02:26:21.913Z,37.9,,simulation_historical
7132,46903,Luc,Leleu,Support,CDI,Escalade,Escalade,2026-07-18,2026-07-18T10:48:30.913Z,2026-07-18T11:44:12.913Z,55.7,,simulation_historical
7133,46903,Luc,Leleu,Support,CDI,Escalade,Escalade,2026-06-11,2026-06-11T09:10:30.913Z,2026-06-11T11:13:46.913Z,123.3,,simulation_historical
7134,46903,Luc,Leleu,Support,CDI,Escalade,Escalade,2025-09-26,2025-09-26T04:24:30.913Z,2025-09-26T06:41:47.913Z,137.3,,simulation_historical
7135,46903,Luc,Leleu,Support,CDI,Escalade,Escalade,2025-10-26,2025-10-26T07:46:30.913Z,2025-10-26T08:19:06.913Z,32.6,,simulation_historical
7136,46903,Luc,Leleu,Support,CDI,Escalade,Escalade,2025-11-04,2025-11-04T21:32:30.913Z,2025-11-05T00:18:43.913Z,166.2,,simulation_historical
7137,46903,Luc,Leleu,Support,CDI,Escalade,Escalade,2026-04-19,2026-04-19T11:24:30.913Z,2026-04-19T12:51:59.913Z,87.5,,simulation_historical
7138,46903,Luc,Leleu,Support,CDI,Escalade,Escalade,2026-08-19,2026-08-19T18:54:30.913Z,2026-08-19T20:30:58.913Z,96.5,,simulation_historical
7139,46903,Luc,Leleu,Support,CDI,Escalade,Escalade,2026-07-13,2026-07-13T23:07:30.913Z,2026-07-14T01:41:01.913Z,153.5,,simulation_historical
7140,46903,Luc,Leleu,Support,CDI,Escalade,Escalade,2026-05-31,2026-05-31T16:39:30.913Z,2026-05-31T19:08:01.913Z,148.5,,simulation_historical
7141,46903,Luc,Leleu,Support,CDI,Escalade,Escalade,2025-10-11,2025-10-11T20:40:30.913Z,2025-10-11T21:46:13.913Z,65.7,,simulation_historical
7142,46903,Luc,Leleu,Support,CDI,Escalade,Escalade,2025-12-30,2025-12-30T02:56:30.913Z,2025-12-30T05:35:32.913Z,159.0,,simulation_historical
7143,46903,Luc,Leleu,Support,CDI,Escalade,Escalade,2026-03-09,2026-03-09T00:11:30.913Z,2026-03-09T02:38:16.913Z,146.8,,simulation_historical
7144,46903,Luc,Leleu,Support,CDI,Escalade,Escalade,2026-06-17,2026-06-17T04:59:30.913Z,2026-06-17T07:01:35.913Z,122.1,,simulation_historical
7145,46903,Luc,Leleu,Support,CDI,Escalade,Escalade,2025-12-20,2025-12-20T17:14:30.913Z,2025-12-20T19:49:36.913Z,155.1,,simulation_historical
7146,46903,Luc,Leleu,Support,CDI,Escalade,Escalade,2026-01-17,2026-01-17T07:07:30.913Z,2026-01-17T09:16:59.913Z,129.5,,simulation_historical
7147,48154,Simone,Gosselin,Finance,CDI,Marche,,2025-11-21,2025-11-21T19:42:30.913Z,2025-11-21T20:59:04.913Z,76.6,4.6,simulation_historical
7148,48154,Simone,Gosselin,Finance,CDI,Marche,,2026-06-05,2026-06-05T00:49:30.913Z,2026-06-05T02:13:30.913Z,84.0,7.49,simulation_historical
7149,48154,Simone,Gosselin,Finance,CDI,Marche,,2026-05-28,2026-05-28T06:17:30.913Z,2026-05-28T08:20:28.913Z,123.0,10.36,simulation_historical
7150,48154,Simone,Gosselin,Finance,CDI,Marche,,2026-06-28,2026-06-28T04:28:30.913Z,2026-06-28T07:18:50.913Z,170.3,2.39,simulation_historical
7151,48154,Simone,Gosselin,Finance,CDI,Marche,,2026-07-10,2026-07-10T13:26:30.913Z,2026-07-10T15:47:52.913Z,141.4,9.5,simulation_historical
7152,48154,Simone,Gosselin,Finance,CDI,Marche,,2026-03-20,2026-03-20T08:07:30.913Z,2026-03-20T08:38:44.913Z,31.2,8.62,simulation_historical
7153,48154,Simone,Gosselin,Finance,CDI,Marche,,2025-12-27,2025-12-27T20:23:30.913Z,2025-12-27T22:39:51.913Z,136.4,8.39,simulation_historical
7154,48154,Simone,Gosselin,Finance,CDI,Marche,,2026-01-20,2026-01-20T02:18:30.913Z,2026-01-20T04:18:51.913Z,120.4,14.18,simulation_historical
7155,48154,Simone,Gosselin,Finance,CDI,Marche,,2026-01-05,2026-01-05T05:27:30.913Z,2026-01-05T07:31:54.913Z,124.4,1.4,simulation_historical
7156,48154,Simone,Gosselin,Finance,CDI,Marche,,2026-06-17,2026-06-17T01:30:30.913Z,2026-06-17T03:03:01.913Z,92.5,11.57,simulation_historical
7157,48154,Simone,Gosselin,Finance,CDI,Marche,,2026-08-09,2026-08-09T03:47:30.913Z,2026-08-09T04:30:00.913Z,42.5,5.83,simulation_historical
7158,48154,Simone,Gosselin,Finance,CDI,Marche,,2026-01-02,2026-01-02T23:10:30.913Z,2026-01-02T23:51:50.913Z,41.3,13.88,simulation_historical
7159,48154,Simone,Gosselin,Finance,CDI,Marche,,2026-04-28,2026-04-28T08:38:30.913Z,2026-04-28T09:30:52.913Z,52.4,2.17,simulation_historical
7160,48154,Simone,Gosselin,Finance,CDI,Marche,,2026-03-16,2026-03-16T14:10:30.913Z,2026-03-16T15:25:11.913Z,74.7,6.47,simulation_historical
7161,48154,Simone,Gosselin,Finance,CDI,Marche,,2026-06-07,2026-06-07T18:23:30.913Z,2026-06-07T19:51:46.913Z,88.3,5.96,simulation_historical
7162,48154,Simone,Gosselin,Finance,CDI,Marche,,2025-10-02,2025-10-02T07:32:30.913Z,2025-10-02T08:30:08.913Z,57.6,13.33,simulation_historical
7163,48154,Simone,Gosselin,Finance,CDI,Marche,,2025-12-12,2025-12-12T07:44:30.913Z,2025-12-12T09:26:16.913Z,101.8,5.62,simulation_historical
7164,48154,Simone,Gosselin,Finance,CDI,Marche,,2026-03-23,2026-03-23T03:19:30.913Z,2026-03-23T06:17:51.913Z,178.4,13.42,simulation_historical
7165,48154,Simone,Gosselin,Finance,CDI,Marche,,2025-10-16,2025-10-16T15:14:30.913Z,2025-10-16T17:54:29.913Z,160.0,13.47,simulation_historical
7166,48154,Simone,Gosselin,Finance,CDI,Marche,,2026-07-02,2026-07-02T03:30:30.913Z,2026-07-02T04:52:27.913Z,82.0,12.85,simulation_historical
7167,48154,Simone,Gosselin,Finance,CDI,Marche,,2026-06-01,2026-06-01T00:30:30.913Z,2026-06-01T03:11:21.913Z,160.9,10.62,simulation_historical
7168,48154,Simone,Gosselin,Finance,CDI,Marche,,2025-12-08,2025-12-08T00:58:30.913Z,2025-12-08T03:24:29.913Z,146.0,6.58,simulation_historical
7169,48154,Simone,Gosselin,Finance,CDI,Marche,,2026-08-04,2026-08-04T04:50:30.913Z,2026-08-04T06:01:47.913Z,71.3,8.03,simulation_historical
7170,48154,Simone,Gosselin,Finance,CDI,Marche,,2025-09-24,2025-09-24T02:31:30.913Z,2025-09-24T04:51:17.913Z,139.8,8.37,simulation_historical
7171,48154,Simone,Gosselin,Finance,CDI,Marche,,2025-12-05,2025-12-05T15:21:30.913Z,2025-12-05T16:19:26.913Z,57.9,10.46,simulation_historical
7172,48154,Simone,Gosselin,Finance,CDI,Marche,,2026-07-13,2026-07-13T05:57:30.913Z,2026-07-13T06:20:08.913Z,22.6,9.19,simulation_historical
7173,48154,Simone,Gosselin,Finance,CDI,Marche,,2025-10-14,2025-10-14T04:23:30.913Z,2025-10-14T05:45:04.913Z,81.6,7.87,simulation_historical
7174,48154,Simone,Gosselin,Finance,CDI,Marche,,2026-02-10,2026-02-10T17:56:30.913Z,2026-02-10T20:06:38.913Z,130.1,13.5,simulation_historical
7175,48154,Simone,Gosselin,Finance,CDI,Marche,,2025-09-27,2025-09-27T22:25:30.913Z,2025-09-28T00:14:32.913Z,109.0,10.62,simulation_historical
7176,48154,Simone,Gosselin,Finance,CDI,Marche,,2026-09-04,2026-09-04T20:54:30.913Z,2026-09-04T21:23:17.913Z,28.8,3.28,simulation_historical
7177,48154,Simone,Gosselin,Finance,CDI,Marche,,2026-06-30,2026-06-30T05:08:30.913Z,2026-06-30T08:05:12.913Z,176.7,7.4,simulation_historical
7178,48154,Simone,Gosselin,Finance,CDI,Marche,,2026-03-05,2026-03-05T09:19:30.913Z,2026-03-05T09:56:53.913Z,37.4,9.76,simulation_historical
7179,48154,Simone,Gosselin,Finance,CDI,Marche,,2026-03-03,2026-03-03T09:14:30.913Z,2026-03-03T10:04:09.913Z,49.7,6.39,simulation_historical
7180,48154,Simone,Gosselin,Finance,CDI,Marche,,2025-11-29,2025-11-29T01:04:30.913Z,2025-11-29T02:47:41.913Z,103.2,2.53,simulation_historical
7181,48154,Simone,Gosselin,Finance,CDI,Marche,,2026-06-21,2026-06-21T12:01:30.913Z,2026-06-21T14:52:28.913Z,171.0,3.91,simulation_historical
7182,48154,Simone,Gosselin,Finance,CDI,Marche,,2026-08-30,2026-08-30T17:06:30.913Z,2026-08-30T19:39:55.913Z,153.4,1.44,simulation_historical
7183,48154,Simone,Gosselin,Finance,CDI,Marche,,2026-06-13,2026-06-13T09:40:30.913Z,2026-06-13T11:45:52.913Z,125.4,5.65,simulation_historical
7184,48154,Simone,Gosselin,Finance,CDI,Marche,,2026-06-03,2026-06-03T08:26:30.913Z,2026-06-03T11:09:41.913Z,163.2,2.15,simulation_historical
7185,48154,Simone,Gosselin,Finance,CDI,Marche,,2026-01-27,2026-01-27T14:21:30.913Z,2026-01-27T17:03:05.913Z,161.6,1.18,simulation_historical
7186,48154,Simone,Gosselin,Finance,CDI,Marche,,2026-06-21,2026-06-21T04:49:30.913Z,2026-06-21T07:01:41.913Z,132.2,7.41,simulation_historical
7187,48154,Simone,Gosselin,Finance,CDI,Marche,,2026-06-28,2026-06-28T12:36:30.913Z,2026-06-28T15:22:59.913Z,166.5,7.86,simulation_historical
7188,48154,Simone,Gosselin,Finance,CDI,Marche,,2026-01-14,2026-01-14T16:40:30.913Z,2026-01-14T18:46:43.913Z,126.2,4.38,simulation_historical
7189,48154,Simone,Gosselin,Finance,CDI,Marche,,2026-07-12,2026-07-12T09:25:30.913Z,2026-07-12T11:43:31.913Z,138.0,14.4,simulation_historical
7190,48154,Simone,Gosselin,Finance,CDI,Marche,,2025-09-17,2025-09-17T18:14:30.913Z,2025-09-17T19:17:51.913Z,63.4,10.89,simulation_historical
7191,48154,Simone,Gosselin,Finance,CDI,Marche,,2025-11-26,2025-11-26T06:07:30.913Z,2025-11-26T07:22:55.913Z,75.4,9.23,simulation_historical
7192,48260,Théodore,Maillet,R&D,CDI,Voile,Voile,2025-10-01,2025-10-01T01:27:30.913Z,2025-10-01T02:42:34.913Z,75.1,,simulation_historical
7193,48260,Théodore,Maillet,R&D,CDI,Voile,Voile,2026-09-13,2026-09-13T11:16:30.913Z,2026-09-13T11:53:58.913Z,37.5,,simulation_historical
7194,48260,Théodore,Maillet,R&D,CDI,Voile,Voile,2026-02-23,2026-02-23T19:53:30.913Z,2026-02-23T21:20:54.913Z,87.4,,simulation_historical
7195,48260,Théodore,Maillet,R&D,CDI,Voile,Voile,2025-12-21,2025-12-21T04:46:30.913Z,2025-12-21T07:41:56.913Z,175.4,,simulation_historical
7196,48260,Théodore,Maillet,R&D,CDI,Voile,Voile,2026-01-08,2026-01-08T01:15:30.913Z,2026-01-08T04:12:49.913Z,177.3,,simulation_historical
7197,48260,Théodore,Maillet,R&D,CDI,Voile,Voile,2026-08-26,2026-08-26T16:39:30.913Z,2026-08-26T18:18:07.913Z,98.6,,simulation_historical
7198,48260,Théodore,Maillet,R&D,CDI,Voile,Voile,2025-10-21,2025-10-21T01:22:30.913Z,2025-10-21T03:03:43.913Z,101.2,,simulation_historical
7199,48260,Théodore,Maillet,R&D,CDI,Voile,Voile,2026-02-27,2026-02-27T19:52:30.913Z,2026-02-27T21:00:19.913Z,67.8,,simulation_historical
7200,48260,Théodore,Maillet,R&D,CDI,Voile,Voile,2026-02-16,2026-02-16T08:33:30.913Z,2026-02-16T10:51:29.913Z,138.0,,simulation_historical
7201,48260,Théodore,Maillet,R&D,CDI,Voile,Voile,2026-01-25,2026-01-25T02:46:30.913Z,2026-01-25T03:56:35.913Z,70.1,,simulation_historical
7202,48260,Théodore,Maillet,R&D,CDI,Voile,Voile,2025-09-23,2025-09-23T21:38:30.913Z,2025-09-23T23:45:57.913Z,127.5,,simulation_historical
7203,48260,Théodore,Maillet,R&D,CDI,Voile,Voile,2025-09-24,2025-09-24T14:29:30.913Z,2025-09-24T15:32:37.913Z,63.1,,simulation_historical
7204,48260,Théodore,Maillet,R&D,CDI,Voile,Voile,2026-04-28,2026-04-28T19:10:30.913Z,2026-04-28T20:50:12.913Z,99.7,,simulation_historical
7205,48260,Théodore,Maillet,R&D,CDI,Voile,Voile,2025-10-10,2025-10-10T13:00:30.913Z,2025-10-10T14:19:49.913Z,79.3,,simulation_historical
7206,48260,Théodore,Maillet,R&D,CDI,Voile,Voile,2026-01-07,2026-01-07T01:56:30.913Z,2026-01-07T04:47:27.913Z,171.0,,simulation_historical
7207,48260,Théodore,Maillet,R&D,CDI,Voile,Voile,2026-07-16,2026-07-16T04:40:30.913Z,2026-07-16T05:29:13.913Z,48.7,,simulation_historical
7208,48260,Théodore,Maillet,R&D,CDI,Voile,Voile,2026-01-01,2026-01-01T05:18:30.913Z,2026-01-01T07:41:38.913Z,143.1,,simulation_historical
7209,48260,Théodore,Maillet,R&D,CDI,Voile,Voile,2026-06-24,2026-06-24T07:31:30.913Z,2026-06-24T10:09:41.913Z,158.2,,simulation_historical
7210,48260,Théodore,Maillet,R&D,CDI,Voile,Voile,2026-08-25,2026-08-25T01:43:30.913Z,2026-08-25T02:23:29.913Z,40.0,,simulation_historical
7211,48260,Théodore,Maillet,R&D,CDI,Voile,Voile,2025-10-23,2025-10-23T17:01:30.913Z,2025-10-23T19:27:37.913Z,146.1,,simulation_historical
7212,48260,Théodore,Maillet,R&D,CDI,Voile,Voile,2026-03-05,2026-03-05T04:57:30.913Z,2026-03-05T07:06:32.913Z,129.0,,simulation_historical
7213,48260,Théodore,Maillet,R&D,CDI,Voile,Voile,2026-06-09,2026-06-09T03:42:30.913Z,2026-06-09T04:05:25.913Z,22.9,,simulation_historical
7214,48260,Théodore,Maillet,R&D,CDI,Voile,Voile,2026-05-11,2026-05-11T11:59:30.913Z,2026-05-11T12:56:46.913Z,57.3,,simulation_historical
7215,48260,Théodore,Maillet,R&D,CDI,Voile,Voile,2026-04-01,2026-04-01T17:57:30.913Z,2026-04-01T20:24:16.913Z,146.8,,simulation_historical
7216,48260,Théodore,Maillet,R&D,CDI,Voile,Voile,2026-01-11,2026-01-11T01:40:30.913Z,2026-01-11T02:23:02.913Z,42.5,,simulation_historical
7217,48260,Théodore,Maillet,R&D,CDI,Voile,Voile,2025-12-09,2025-12-09T18:29:30.913Z,2025-12-09T20:49:01.913Z,139.5,,simulation_historical
7218,48260,Théodore,Maillet,R&D,CDI,Voile,Voile,2026-07-06,2026-07-06T23:52:30.913Z,2026-07-07T01:28:43.913Z,96.2,,simulation_historical
7219,48260,Théodore,Maillet,R&D,CDI,Voile,Voile,2026-06-26,2026-06-26T09:51:30.913Z,2026-06-26T10:16:25.913Z,24.9,,simulation_historical
7220,48260,Théodore,Maillet,R&D,CDI,Voile,Voile,2025-11-10,2025-11-10T12:33:30.913Z,2025-11-10T14:13:49.913Z,100.3,,simulation_historical
7221,48260,Théodore,Maillet,R&D,CDI,Voile,Voile,2026-07-14,2026-07-14T21:57:30.913Z,2026-07-15T00:04:13.913Z,126.7,,simulation_historical
7222,48260,Théodore,Maillet,R&D,CDI,Voile,Voile,2026-06-22,2026-06-22T13:02:30.913Z,2026-06-22T13:25:33.913Z,23.1,,simulation_historical
7223,48260,Théodore,Maillet,R&D,CDI,Voile,Voile,2025-10-05,2025-10-05T07:35:30.913Z,2025-10-05T09:55:49.913Z,140.3,,simulation_historical
7224,48260,Théodore,Maillet,R&D,CDI,Voile,Voile,2026-03-17,2026-03-17T10:31:30.913Z,2026-03-17T11:00:54.913Z,29.4,,simulation_historical
7225,48260,Théodore,Maillet,R&D,CDI,Voile,Voile,2025-10-05,2025-10-05T22:31:30.913Z,2025-10-06T00:52:12.913Z,140.7,,simulation_historical
7226,48260,Théodore,Maillet,R&D,CDI,Voile,Voile,2025-09-25,2025-09-25T13:51:30.913Z,2025-09-25T16:34:16.913Z,162.8,,simulation_historical
7227,48260,Théodore,Maillet,R&D,CDI,Voile,Voile,2025-10-22,2025-10-22T17:59:30.913Z,2025-10-22T18:47:34.913Z,48.1,,simulation_historical
7228,48260,Théodore,Maillet,R&D,CDI,Voile,Voile,2026-02-28,2026-02-28T17:25:30.913Z,2026-02-28T19:46:44.913Z,141.2,,simulation_historical
7229,48260,Théodore,Maillet,R&D,CDI,Voile,Voile,2026-08-20,2026-08-20T20:44:30.913Z,2026-08-20T21:17:47.913Z,33.3,,simulation_historical
7230,48260,Théodore,Maillet,R&D,CDI,Voile,Voile,2026-03-07,2026-03-07T08:45:30.913Z,2026-03-07T10:13:41.913Z,88.2,,simulation_historical
7231,48260,Théodore,Maillet,R&D,CDI,Voile,Voile,2026-03-09,2026-03-09T08:32:30.913Z,2026-03-09T09:17:27.913Z,45.0,,simulation_historical
7232,48260,Théodore,Maillet,R&D,CDI,Voile,Voile,2026-09-08,2026-09-08T02:43:30.913Z,2026-09-08T03:07:28.913Z,24.0,,simulation_historical
7233,48260,Théodore,Maillet,R&D,CDI,Voile,Voile,2026-03-28,2026-03-28T09:01:30.913Z,2026-03-28T09:38:45.913Z,37.3,,simulation_historical
7234,48260,Théodore,Maillet,R&D,CDI,Voile,Voile,2026-05-27,2026-05-27T11:53:30.913Z,2026-05-27T12:59:20.913Z,65.8,,simulation_historical
7235,48260,Théodore,Maillet,R&D,CDI,Voile,Voile,2026-06-23,2026-06-23T14:18:30.913Z,2026-06-23T16:58:26.913Z,159.9,,simulation_historical
7236,48260,Théodore,Maillet,R&D,CDI,Voile,Voile,2026-07-23,2026-07-23T05:24:30.913Z,2026-07-23T08:17:58.913Z,173.5,,simulation_historical
7237,48260,Théodore,Maillet,R&D,CDI,Voile,Voile,2025-10-31,2025-10-31T09:05:30.913Z,2025-10-31T10:22:03.913Z,76.6,,simulation_historical
7238,48260,Théodore,Maillet,R&D,CDI,Voile,Voile,2025-12-13,2025-12-13T03:17:30.913Z,2025-12-13T04:10:29.913Z,53.0,,simulation_historical
7239,48260,Théodore,Maillet,R&D,CDI,Voile,Voile,2026-05-21,2026-05-21T09:38:30.913Z,2026-05-21T11:35:52.913Z,117.4,,simulation_historical
7240,48260,Théodore,Maillet,R&D,CDI,Voile,Voile,2026-04-04,2026-04-04T10:44:30.913Z,2026-04-04T12:54:18.913Z,129.8,,simulation_historical
7241,48260,Théodore,Maillet,R&D,CDI,Voile,Voile,2025-10-17,2025-10-17T05:44:30.913Z,2025-10-17T07:50:46.913Z,126.3,,simulation_historical
7242,48589,Robert,Lopez,Marketing,CDI,Marche,,2026-01-25,2026-01-25T08:40:30.913Z,2026-01-25T10:16:32.913Z,96.0,11.65,simulation_historical
7243,48589,Robert,Lopez,Marketing,CDI,Marche,,2025-11-01,2025-11-01T04:42:30.913Z,2025-11-01T05:20:53.913Z,38.4,4.58,simulation_historical
7244,48589,Robert,Lopez,Marketing,CDI,Marche,,2026-02-18,2026-02-18T05:55:30.913Z,2026-02-18T08:31:55.913Z,156.4,2.67,simulation_historical
7245,48589,Robert,Lopez,Marketing,CDI,Marche,,2025-09-16,2025-09-16T21:54:30.913Z,2025-09-17T00:49:55.913Z,175.4,3.81,simulation_historical
7246,48589,Robert,Lopez,Marketing,CDI,Marche,,2026-05-11,2026-05-11T12:06:30.913Z,2026-05-11T13:55:04.913Z,108.6,11.34,simulation_historical
7247,48589,Robert,Lopez,Marketing,CDI,Marche,,2025-09-25,2025-09-25T03:01:30.913Z,2025-09-25T03:57:47.913Z,56.3,6.44,simulation_historical
7248,48589,Robert,Lopez,Marketing,CDI,Marche,,2026-06-18,2026-06-18T18:56:30.913Z,2026-06-18T20:43:19.913Z,106.8,14.95,simulation_historical
7249,48589,Robert,Lopez,Marketing,CDI,Marche,,2025-10-10,2025-10-10T00:40:30.913Z,2025-10-10T02:32:00.913Z,111.5,1.29,simulation_historical
7250,48589,Robert,Lopez,Marketing,CDI,Marche,,2025-11-08,2025-11-08T21:16:30.913Z,2025-11-08T23:20:54.913Z,124.4,9.37,simulation_historical
7251,48589,Robert,Lopez,Marketing,CDI,Marche,,2025-10-23,2025-10-23T16:30:30.913Z,2025-10-23T19:07:58.913Z,157.5,10.63,simulation_historical
7252,48589,Robert,Lopez,Marketing,CDI,Marche,,2025-09-21,2025-09-21T15:30:30.913Z,2025-09-21T15:56:17.913Z,25.8,11.1,simulation_historical
7253,48589,Robert,Lopez,Marketing,CDI,Marche,,2026-07-15,2026-07-15T06:29:30.913Z,2026-07-15T08:46:30.913Z,137.0,13.41,simulation_historical
7254,48589,Robert,Lopez,Marketing,CDI,Marche,,2026-05-14,2026-05-14T20:39:30.913Z,2026-05-14T21:15:51.913Z,36.4,3.25,simulation_historical
7255,48589,Robert,Lopez,Marketing,CDI,Marche,,2026-03-09,2026-03-09T00:26:30.913Z,2026-03-09T01:41:39.913Z,75.2,3.48,simulation_historical
7256,48589,Robert,Lopez,Marketing,CDI,Marche,,2026-03-08,2026-03-08T09:03:30.913Z,2026-03-08T09:33:51.913Z,30.4,4.9,simulation_historical
7257,48589,Robert,Lopez,Marketing,CDI,Marche,,2025-11-14,2025-11-14T00:57:30.913Z,2025-11-14T02:47:15.913Z,109.8,3.2,simulation_historical
7258,48589,Robert,Lopez,Marketing,CDI,Marche,,2026-04-27,2026-04-27T05:03:30.913Z,2026-04-27T05:34:18.913Z,30.8,9.53,simulation_historical
7259,48589,Robert,Lopez,Marketing,CDI,Marche,,2026-02-15,2026-02-15T18:52:30.913Z,2026-02-15T20:31:16.913Z,98.8,13.3,simulation_historical
7260,49419,Denise,Bernard,Finance,CDI,Natation,Natation,2026-05-21,2026-05-21T16:23:30.913Z,2026-05-21T18:17:05.913Z,113.6,,simulation_historical
7261,49419,Denise,Bernard,Finance,CDI,Natation,Natation,2026-05-15,2026-05-15T09:10:30.913Z,2026-05-15T09:45:15.913Z,34.8,,simulation_historical
7262,49419,Denise,Bernard,Finance,CDI,Natation,Natation,2025-10-11,2025-10-11T07:53:30.913Z,2025-10-11T09:14:14.913Z,80.7,,simulation_historical
7263,49419,Denise,Bernard,Finance,CDI,Natation,Natation,2025-11-09,2025-11-09T03:11:30.913Z,2025-11-09T04:59:19.913Z,107.8,,simulation_historical
7264,49419,Denise,Bernard,Finance,CDI,Natation,Natation,2026-06-15,2026-06-15T01:04:30.913Z,2026-06-15T01:26:09.913Z,21.7,,simulation_historical
7265,49419,Denise,Bernard,Finance,CDI,Natation,Natation,2026-08-14,2026-08-14T00:40:30.913Z,2026-08-14T01:53:03.913Z,72.6,,simulation_historical
7266,49571,Alfred,Meyer,Finance,CDI,Rugby,Rugby,2025-10-27,2025-10-27T11:31:30.913Z,2025-10-27T12:25:47.913Z,54.3,,simulation_historical
7267,49571,Alfred,Meyer,Finance,CDI,Rugby,Rugby,2026-08-01,2026-08-01T10:07:30.913Z,2026-08-01T12:57:22.913Z,169.9,,simulation_historical
7268,49571,Alfred,Meyer,Finance,CDI,Rugby,Rugby,2026-06-04,2026-06-04T08:12:30.913Z,2026-06-04T08:53:50.913Z,41.3,,simulation_historical
7269,49571,Alfred,Meyer,Finance,CDI,Rugby,Rugby,2026-02-09,2026-02-09T16:15:30.913Z,2026-02-09T18:00:33.913Z,105.1,,simulation_historical
7270,49571,Alfred,Meyer,Finance,CDI,Rugby,Rugby,2026-06-23,2026-06-23T16:32:30.913Z,2026-06-23T17:59:22.913Z,86.9,,simulation_historical
7271,49571,Alfred,Meyer,Finance,CDI,Rugby,Rugby,2026-02-11,2026-02-11T10:06:30.913Z,2026-02-11T11:34:29.913Z,88.0,,simulation_historical
7272,49571,Alfred,Meyer,Finance,CDI,Rugby,Rugby,2026-04-14,2026-04-14T06:08:30.913Z,2026-04-14T08:30:54.913Z,142.4,,simulation_historical
7273,49571,Alfred,Meyer,Finance,CDI,Rugby,Rugby,2025-10-26,2025-10-26T09:27:30.913Z,2025-10-26T11:58:53.913Z,151.4,,simulation_historical
7274,49804,Constance,Carlier,R&D,CDI,Running,Runing,2026-03-16,2026-03-16T03:20:30.913Z,2026-03-16T04:26:18.913Z,65.8,16.42,simulation_historical
7275,49804,Constance,Carlier,R&D,CDI,Running,Runing,2026-02-03,2026-02-03T02:12:30.913Z,2026-02-03T04:30:51.913Z,138.4,25.91,simulation_historical
7276,49804,Constance,Carlier,R&D,CDI,Running,Runing,2026-06-29,2026-06-29T00:43:30.913Z,2026-06-29T02:47:39.913Z,124.2,15.0,simulation_historical
7277,49804,Constance,Carlier,R&D,CDI,Running,Runing,2026-08-05,2026-08-05T06:06:30.913Z,2026-08-05T08:53:11.913Z,166.7,6.01,simulation_historical
7278,49804,Constance,Carlier,R&D,CDI,Running,Runing,2025-12-06,2025-12-06T16:33:30.913Z,2025-12-06T18:03:45.913Z,90.3,13.47,simulation_historical
7279,49804,Constance,Carlier,R&D,CDI,Running,Runing,2026-01-22,2026-01-22T06:15:30.913Z,2026-01-22T07:52:50.913Z,97.3,13.29,simulation_historical
7280,49804,Constance,Carlier,R&D,CDI,Running,Runing,2025-12-02,2025-12-02T20:14:30.913Z,2025-12-02T20:54:08.913Z,39.6,11.92,simulation_historical
7281,49804,Constance,Carlier,R&D,CDI,Running,Runing,2026-07-08,2026-07-08T17:14:30.913Z,2026-07-08T18:27:56.913Z,73.4,6.07,simulation_historical
7282,49804,Constance,Carlier,R&D,CDI,Running,Runing,2026-06-11,2026-06-11T15:44:30.913Z,2026-06-11T18:21:13.913Z,156.7,24.93,simulation_historical
7283,49804,Constance,Carlier,R&D,CDI,Running,Runing,2026-03-09,2026-03-09T00:19:30.913Z,2026-03-09T02:33:02.913Z,133.5,13.93,simulation_historical
7284,50309,Olivie,Lacroix,Support,CDI,Running,Runing,2026-03-09,2026-03-09T03:13:30.913Z,2026-03-09T04:57:33.913Z,104.1,22.01,simulation_historical
7285,50309,Olivie,Lacroix,Support,CDI,Running,Runing,2025-11-19,2025-11-19T13:18:30.913Z,2025-11-19T13:49:06.913Z,30.6,5.08,simulation_historical
7286,50309,Olivie,Lacroix,Support,CDI,Running,Runing,2026-03-02,2026-03-02T21:34:30.913Z,2026-03-02T22:47:32.913Z,73.0,26.0,simulation_historical
7287,50309,Olivie,Lacroix,Support,CDI,Running,Runing,2026-02-05,2026-02-05T06:55:30.913Z,2026-02-05T08:50:41.913Z,115.2,17.7,simulation_historical
7288,50309,Olivie,Lacroix,Support,CDI,Running,Runing,2025-09-18,2025-09-18T00:04:30.913Z,2025-09-18T02:05:02.913Z,120.5,23.82,simulation_historical
7289,50309,Olivie,Lacroix,Support,CDI,Running,Runing,2026-08-17,2026-08-17T19:20:30.913Z,2026-08-17T21:36:17.913Z,135.8,25.11,simulation_historical
7290,50309,Olivie,Lacroix,Support,CDI,Running,Runing,2026-05-13,2026-05-13T08:14:30.913Z,2026-05-13T08:43:55.913Z,29.4,27.64,simulation_historical
7291,50309,Olivie,Lacroix,Support,CDI,Running,Runing,2026-03-14,2026-03-14T18:59:30.913Z,2026-03-14T19:27:12.913Z,27.7,23.85,simulation_historical
7292,50309,Olivie,Lacroix,Support,CDI,Running,Runing,2025-10-10,2025-10-10T19:35:30.913Z,2025-10-10T21:06:51.913Z,91.4,20.84,simulation_historical
7293,50309,Olivie,Lacroix,Support,CDI,Running,Runing,2026-01-25,2026-01-25T18:35:30.913Z,2026-01-25T20:04:56.913Z,89.4,9.11,simulation_historical
7294,50309,Olivie,Lacroix,Support,CDI,Running,Runing,2025-11-11,2025-11-11T21:02:30.913Z,2025-11-11T22:06:34.913Z,64.1,1.4,simulation_historical
7295,50309,Olivie,Lacroix,Support,CDI,Running,Runing,2026-07-19,2026-07-19T13:03:30.913Z,2026-07-19T15:08:27.913Z,125.0,14.03,simulation_historical
7296,50309,Olivie,Lacroix,Support,CDI,Running,Runing,2025-09-19,2025-09-19T20:47:30.913Z,2025-09-19T21:29:26.913Z,41.9,17.99,simulation_historical
7297,50309,Olivie,Lacroix,Support,CDI,Running,Runing,2026-06-12,2026-06-12T02:34:30.913Z,2026-06-12T04:51:03.913Z,136.6,9.29,simulation_historical
7298,50309,Olivie,Lacroix,Support,CDI,Running,Runing,2025-09-27,2025-09-27T06:12:30.913Z,2025-09-27T08:58:05.913Z,165.6,22.58,simulation_historical
7299,50309,Olivie,Lacroix,Support,CDI,Running,Runing,2026-03-04,2026-03-04T21:25:30.913Z,2026-03-04T23:37:53.913Z,132.4,25.66,simulation_historical
7300,50309,Olivie,Lacroix,Support,CDI,Running,Runing,2026-08-02,2026-08-02T12:04:30.913Z,2026-08-02T15:00:51.913Z,176.4,26.45,simulation_historical
7301,50309,Olivie,Lacroix,Support,CDI,Running,Runing,2026-03-24,2026-03-24T11:27:30.913Z,2026-03-24T12:44:42.913Z,77.2,25.52,simulation_historical
7302,50309,Olivie,Lacroix,Support,CDI,Running,Runing,2026-02-24,2026-02-24T17:25:30.913Z,2026-02-24T17:47:15.913Z,21.8,6.52,simulation_historical
7303,50309,Olivie,Lacroix,Support,CDI,Running,Runing,2026-01-08,2026-01-08T15:38:30.913Z,2026-01-08T16:17:34.913Z,39.1,26.35,simulation_historical
7304,50309,Olivie,Lacroix,Support,CDI,Running,Runing,2025-09-25,2025-09-25T02:11:30.913Z,2025-09-25T04:25:19.913Z,133.8,22.45,simulation_historical
7305,50309,Olivie,Lacroix,Support,CDI,Running,Runing,2026-04-21,2026-04-21T16:17:30.913Z,2026-04-21T17:24:05.913Z,66.6,6.78,simulation_historical
7306,50309,Olivie,Lacroix,Support,CDI,Running,Runing,2026-03-09,2026-03-09T09:59:30.913Z,2026-03-09T10:56:10.913Z,56.7,7.49,simulation_historical
7307,50309,Olivie,Lacroix,Support,CDI,Running,Runing,2026-01-10,2026-01-10T10:12:30.913Z,2026-01-10T11:02:36.913Z,50.1,15.77,simulation_historical
7308,50309,Olivie,Lacroix,Support,CDI,Running,Runing,2025-11-30,2025-11-30T09:33:30.913Z,2025-11-30T10:48:22.913Z,74.9,2.93,simulation_historical
7309,50309,Olivie,Lacroix,Support,CDI,Running,Runing,2026-06-15,2026-06-15T09:28:30.913Z,2026-06-15T11:40:07.913Z,131.6,15.44,simulation_historical
7310,50309,Olivie,Lacroix,Support,CDI,Running,Runing,2025-10-30,2025-10-30T20:38:30.913Z,2025-10-30T21:43:51.913Z,65.4,3.62,simulation_historical
7311,50309,Olivie,Lacroix,Support,CDI,Running,Runing,2026-04-19,2026-04-19T13:20:30.913Z,2026-04-19T14:14:32.913Z,54.0,10.07,simulation_historical
7312,50309,Olivie,Lacroix,Support,CDI,Running,Runing,2026-08-15,2026-08-15T05:43:30.913Z,2026-08-15T08:43:25.913Z,179.9,8.69,simulation_historical
7313,50309,Olivie,Lacroix,Support,CDI,Running,Runing,2026-01-15,2026-01-15T00:01:30.913Z,2026-01-15T00:49:01.913Z,47.5,1.31,simulation_historical
7314,50309,Olivie,Lacroix,Support,CDI,Running,Runing,2026-08-16,2026-08-16T06:56:30.913Z,2026-08-16T07:18:28.913Z,22.0,22.8,simulation_historical
7315,50309,Olivie,Lacroix,Support,CDI,Running,Runing,2025-11-22,2025-11-22T14:38:30.913Z,2025-11-22T15:56:08.913Z,77.6,18.12,simulation_historical
7316,50309,Olivie,Lacroix,Support,CDI,Running,Runing,2026-09-13,2026-09-13T03:06:30.913Z,2026-09-13T05:48:30.913Z,162.0,25.95,simulation_historical
7317,50309,Olivie,Lacroix,Support,CDI,Running,Runing,2026-05-03,2026-05-03T00:14:30.913Z,2026-05-03T02:06:31.913Z,112.0,20.8,simulation_historical
7318,50309,Olivie,Lacroix,Support,CDI,Running,Runing,2026-02-09,2026-02-09T05:21:30.913Z,2026-02-09T07:15:10.913Z,113.7,11.33,simulation_historical
7319,50309,Olivie,Lacroix,Support,CDI,Running,Runing,2026-05-17,2026-05-17T04:02:30.913Z,2026-05-17T06:11:18.913Z,128.8,13.4,simulation_historical
7320,50309,Olivie,Lacroix,Support,CDI,Running,Runing,2025-11-08,2025-11-08T14:22:30.913Z,2025-11-08T16:12:40.913Z,110.2,27.42,simulation_historical
7321,50309,Olivie,Lacroix,Support,CDI,Running,Runing,2026-07-27,2026-07-27T15:15:30.913Z,2026-07-27T17:25:13.913Z,129.7,24.76,simulation_historical
7322,50309,Olivie,Lacroix,Support,CDI,Running,Runing,2026-07-07,2026-07-07T15:06:30.913Z,2026-07-07T16:00:03.913Z,53.6,29.48,simulation_historical
7323,50309,Olivie,Lacroix,Support,CDI,Running,Runing,2025-12-19,2025-12-19T07:00:30.913Z,2025-12-19T08:28:22.913Z,87.9,13.07,simulation_historical
7324,50309,Olivie,Lacroix,Support,CDI,Running,Runing,2026-01-27,2026-01-27T20:01:30.913Z,2026-01-27T22:31:15.913Z,149.8,17.87,simulation_historical
7325,50309,Olivie,Lacroix,Support,CDI,Running,Runing,2026-02-16,2026-02-16T18:32:30.913Z,2026-02-16T18:53:21.913Z,20.9,21.91,simulation_historical
7326,50309,Olivie,Lacroix,Support,CDI,Running,Runing,2026-04-05,2026-04-05T15:04:30.913Z,2026-04-05T17:02:51.913Z,118.4,29.62,simulation_historical
7327,50309,Olivie,Lacroix,Support,CDI,Running,Runing,2026-08-23,2026-08-23T16:24:30.913Z,2026-08-23T18:45:49.913Z,141.3,8.65,simulation_historical
7328,50309,Olivie,Lacroix,Support,CDI,Running,Runing,2025-11-10,2025-11-10T00:19:30.913Z,2025-11-10T01:01:43.913Z,42.2,12.41,simulation_historical
7329,50309,Olivie,Lacroix,Support,CDI,Running,Runing,2026-02-09,2026-02-09T00:02:30.913Z,2026-02-09T00:49:55.913Z,47.4,25.06,simulation_historical
7330,50309,Olivie,Lacroix,Support,CDI,Running,Runing,2026-03-03,2026-03-03T06:06:30.913Z,2026-03-03T07:19:46.913Z,73.3,24.33,simulation_historical
7331,50309,Olivie,Lacroix,Support,CDI,Running,Runing,2026-07-04,2026-07-04T22:48:30.913Z,2026-07-05T01:44:39.913Z,176.2,26.72,simulation_historical
7332,50309,Olivie,Lacroix,Support,CDI,Running,Runing,2026-01-01,2026-01-01T14:36:30.913Z,2026-01-01T17:12:28.913Z,156.0,27.11,simulation_historical
7333,50309,Olivie,Lacroix,Support,CDI,Running,Runing,2026-08-03,2026-08-03T05:51:30.913Z,2026-08-03T08:41:20.913Z,169.8,29.66,simulation_historical
7334,50309,Olivie,Lacroix,Support,CDI,Running,Runing,2026-01-20,2026-01-20T09:47:30.913Z,2026-01-20T12:09:21.913Z,141.9,4.79,simulation_historical
7335,50309,Olivie,Lacroix,Support,CDI,Running,Runing,2026-01-12,2026-01-12T18:10:30.913Z,2026-01-12T19:36:16.913Z,85.8,8.97,simulation_historical
7336,50316,Juliette,Roux,Finance,CDD,Marche,,2026-06-20,2026-06-20T18:00:30.913Z,2026-06-20T18:44:55.913Z,44.4,2.73,simulation_historical
7337,50316,Juliette,Roux,Finance,CDD,Marche,,2026-02-05,2026-02-05T17:43:30.913Z,2026-02-05T18:47:15.913Z,63.8,6.35,simulation_historical
7338,50316,Juliette,Roux,Finance,CDD,Marche,,2026-03-04,2026-03-04T07:30:30.913Z,2026-03-04T09:00:50.913Z,90.3,11.91,simulation_historical
7339,50316,Juliette,Roux,Finance,CDD,Marche,,2026-01-15,2026-01-15T18:37:30.913Z,2026-01-15T19:34:34.913Z,57.1,9.76,simulation_historical
7340,50316,Juliette,Roux,Finance,CDD,Marche,,2025-10-26,2025-10-26T16:13:30.913Z,2025-10-26T16:58:11.913Z,44.7,14.03,simulation_historical
7341,50316,Juliette,Roux,Finance,CDD,Marche,,2025-09-27,2025-09-27T04:49:30.913Z,2025-09-27T06:10:36.913Z,81.1,10.44,simulation_historical
7342,50316,Juliette,Roux,Finance,CDD,Marche,,2025-11-13,2025-11-13T13:03:30.913Z,2025-11-13T14:57:13.913Z,113.7,7.18,simulation_historical
7343,50316,Juliette,Roux,Finance,CDD,Marche,,2026-03-04,2026-03-04T19:03:30.913Z,2026-03-04T21:56:56.913Z,173.4,8.16,simulation_historical
7344,50316,Juliette,Roux,Finance,CDD,Marche,,2026-05-20,2026-05-20T08:28:30.913Z,2026-05-20T09:20:05.913Z,51.6,5.77,simulation_historical
7345,50316,Juliette,Roux,Finance,CDD,Marche,,2026-08-03,2026-08-03T12:39:30.913Z,2026-08-03T14:32:24.913Z,112.9,13.13,simulation_historical
7346,50316,Juliette,Roux,Finance,CDD,Marche,,2025-11-17,2025-11-17T08:57:30.913Z,2025-11-17T09:49:12.913Z,51.7,10.39,simulation_historical
7347,50316,Juliette,Roux,Finance,CDD,Marche,,2026-03-12,2026-03-12T10:50:30.913Z,2026-03-12T12:36:04.913Z,105.6,7.23,simulation_historical
7348,50316,Juliette,Roux,Finance,CDD,Marche,,2025-11-24,2025-11-24T16:44:30.913Z,2025-11-24T18:29:22.913Z,104.9,2.01,simulation_historical
7349,50316,Juliette,Roux,Finance,CDD,Marche,,2025-11-17,2025-11-17T22:32:30.913Z,2025-11-18T00:38:29.913Z,126.0,7.94,simulation_historical
7350,50316,Juliette,Roux,Finance,CDD,Marche,,2026-04-06,2026-04-06T03:53:30.913Z,2026-04-06T04:47:59.913Z,54.5,9.52,simulation_historical
7351,50316,Juliette,Roux,Finance,CDD,Marche,,2025-10-11,2025-10-11T20:07:30.913Z,2025-10-11T21:28:09.913Z,80.7,2.75,simulation_historical
7352,50316,Juliette,Roux,Finance,CDD,Marche,,2026-02-26,2026-02-26T15:10:30.913Z,2026-02-26T17:36:16.913Z,145.8,6.18,simulation_historical
7353,50316,Juliette,Roux,Finance,CDD,Marche,,2026-07-04,2026-07-04T05:51:30.913Z,2026-07-04T07:11:16.913Z,79.8,9.19,simulation_historical
7354,50408,Monique,Bonneau,Support,CDD,Marche,,2026-01-26,2026-01-26T11:06:30.913Z,2026-01-26T12:43:53.913Z,97.4,3.39,simulation_historical
7355,50408,Monique,Bonneau,Support,CDD,Marche,,2025-10-10,2025-10-10T17:42:30.913Z,2025-10-10T19:29:55.913Z,107.4,6.06,simulation_historical
7356,50408,Monique,Bonneau,Support,CDD,Marche,,2026-01-01,2026-01-01T17:37:30.913Z,2026-01-01T19:12:10.913Z,94.7,14.89,simulation_historical
7357,50408,Monique,Bonneau,Support,CDD,Marche,,2025-09-19,2025-09-19T21:14:30.913Z,2025-09-19T22:33:24.913Z,78.9,9.11,simulation_historical
7358,50408,Monique,Bonneau,Support,CDD,Marche,,2026-04-19,2026-04-19T17:20:30.913Z,2026-04-19T17:56:33.913Z,36.1,14.27,simulation_historical
7359,50408,Monique,Bonneau,Support,CDD,Marche,,2026-03-30,2026-03-30T10:52:30.913Z,2026-03-30T12:10:00.913Z,77.5,14.89,simulation_historical
7360,50408,Monique,Bonneau,Support,CDD,Marche,,2026-05-23,2026-05-23T16:57:30.913Z,2026-05-23T17:31:51.913Z,34.4,13.71,simulation_historical
7361,50408,Monique,Bonneau,Support,CDD,Marche,,2026-06-16,2026-06-16T23:58:30.913Z,2026-06-17T02:05:29.913Z,127.0,5.9,simulation_historical
7362,50408,Monique,Bonneau,Support,CDD,Marche,,2025-10-14,2025-10-14T10:43:30.913Z,2025-10-14T13:33:07.913Z,169.6,7.43,simulation_historical
7363,50408,Monique,Bonneau,Support,CDD,Marche,,2026-03-28,2026-03-28T02:01:30.913Z,2026-03-28T04:30:46.913Z,149.3,6.71,simulation_historical
7364,50408,Monique,Bonneau,Support,CDD,Marche,,2026-02-28,2026-02-28T03:40:30.913Z,2026-02-28T06:24:38.913Z,164.1,12.91,simulation_historical
7365,50408,Monique,Bonneau,Support,CDD,Marche,,2026-04-25,2026-04-25T06:00:30.913Z,2026-04-25T07:13:46.913Z,73.3,12.49,simulation_historical
7366,50408,Monique,Bonneau,Support,CDD,Marche,,2025-12-10,2025-12-10T03:38:30.913Z,2025-12-10T04:34:14.913Z,55.7,6.3,simulation_historical
7367,50408,Monique,Bonneau,Support,CDD,Marche,,2025-11-23,2025-11-23T13:50:30.913Z,2025-11-23T15:33:31.913Z,103.0,8.5,simulation_historical
7368,50408,Monique,Bonneau,Support,CDD,Marche,,2025-10-16,2025-10-16T10:08:30.913Z,2025-10-16T11:06:03.913Z,57.6,8.24,simulation_historical
7369,50408,Monique,Bonneau,Support,CDD,Marche,,2025-09-25,2025-09-25T00:26:30.913Z,2025-09-25T01:26:02.913Z,59.5,4.44,simulation_historical
7370,50408,Monique,Bonneau,Support,CDD,Marche,,2026-05-27,2026-05-27T16:32:30.913Z,2026-05-27T16:54:59.913Z,22.5,6.93,simulation_historical
7371,50408,Monique,Bonneau,Support,CDD,Marche,,2025-11-26,2025-11-26T12:01:30.913Z,2025-11-26T13:01:48.913Z,60.3,7.17,simulation_historical
7372,50408,Monique,Bonneau,Support,CDD,Marche,,2026-02-09,2026-02-09T17:51:30.913Z,2026-02-09T18:57:26.913Z,65.9,1.92,simulation_historical
7373,50408,Monique,Bonneau,Support,CDD,Marche,,2026-07-29,2026-07-29T04:14:30.913Z,2026-07-29T05:23:33.913Z,69.1,1.86,simulation_historical
7374,50408,Monique,Bonneau,Support,CDD,Marche,,2026-07-17,2026-07-17T23:03:30.913Z,2026-07-18T00:55:55.913Z,112.4,10.72,simulation_historical
7375,50408,Monique,Bonneau,Support,CDD,Marche,,2026-02-06,2026-02-06T11:04:30.913Z,2026-02-06T13:14:49.913Z,130.3,5.01,simulation_historical
7376,50408,Monique,Bonneau,Support,CDD,Marche,,2026-08-30,2026-08-30T12:29:30.913Z,2026-08-30T14:37:48.913Z,128.3,9.01,simulation_historical
7377,50408,Monique,Bonneau,Support,CDD,Marche,,2026-04-14,2026-04-14T17:06:30.913Z,2026-04-14T18:13:36.913Z,67.1,11.7,simulation_historical
7378,50408,Monique,Bonneau,Support,CDD,Marche,,2026-03-07,2026-03-07T16:54:30.913Z,2026-03-07T17:38:58.913Z,44.5,13.74,simulation_historical
7379,50408,Monique,Bonneau,Support,CDD,Marche,,2026-01-21,2026-01-21T19:20:30.913Z,2026-01-21T20:55:39.913Z,95.2,11.36,simulation_historical
7380,50408,Monique,Bonneau,Support,CDD,Marche,,2025-10-17,2025-10-17T01:21:30.913Z,2025-10-17T01:44:40.913Z,23.2,2.97,simulation_historical
7381,50408,Monique,Bonneau,Support,CDD,Marche,,2026-07-19,2026-07-19T13:37:30.913Z,2026-07-19T16:11:05.913Z,153.6,11.51,simulation_historical
7382,50408,Monique,Bonneau,Support,CDD,Marche,,2025-10-08,2025-10-08T23:30:30.913Z,2025-10-08T23:56:47.913Z,26.3,10.61,simulation_historical
7383,50408,Monique,Bonneau,Support,CDD,Marche,,2025-11-26,2025-11-26T21:14:30.913Z,2025-11-26T22:49:14.913Z,94.7,12.37,simulation_historical
7384,50408,Monique,Bonneau,Support,CDD,Marche,,2026-07-29,2026-07-29T21:33:30.913Z,2026-07-29T23:38:20.913Z,124.8,8.93,simulation_historical
7385,50408,Monique,Bonneau,Support,CDD,Marche,,2025-10-20,2025-10-20T17:17:30.913Z,2025-10-20T18:58:58.913Z,101.5,10.36,simulation_historical
7386,50408,Monique,Bonneau,Support,CDD,Marche,,2026-07-14,2026-07-14T12:24:30.913Z,2026-07-14T13:01:50.913Z,37.3,12.69,simulation_historical
7387,50408,Monique,Bonneau,Support,CDD,Marche,,2025-12-15,2025-12-15T10:19:30.913Z,2025-12-15T10:44:53.913Z,25.4,7.45,simulation_historical
7388,50408,Monique,Bonneau,Support,CDD,Marche,,2025-12-05,2025-12-05T21:54:30.913Z,2025-12-06T00:39:14.913Z,164.7,9.0,simulation_historical
7389,50408,Monique,Bonneau,Support,CDD,Marche,,2026-08-14,2026-08-14T22:51:30.913Z,2026-08-15T01:51:10.913Z,179.7,9.83,simulation_historical
7390,50408,Monique,Bonneau,Support,CDD,Marche,,2025-10-18,2025-10-18T11:56:30.913Z,2025-10-18T13:13:09.913Z,76.7,11.79,simulation_historical
7391,50408,Monique,Bonneau,Support,CDD,Marche,,2026-07-18,2026-07-18T09:49:30.913Z,2026-07-18T10:58:38.913Z,69.1,1.09,simulation_historical
7392,50408,Monique,Bonneau,Support,CDD,Marche,,2025-12-06,2025-12-06T00:53:30.913Z,2025-12-06T02:39:19.913Z,105.8,3.02,simulation_historical
7393,50408,Monique,Bonneau,Support,CDD,Marche,,2026-08-27,2026-08-27T11:08:30.913Z,2026-08-27T12:24:48.913Z,76.3,11.69,simulation_historical
7394,50408,Monique,Bonneau,Support,CDD,Marche,,2026-06-26,2026-06-26T13:09:30.913Z,2026-06-26T14:39:36.913Z,90.1,14.95,simulation_historical
7395,50408,Monique,Bonneau,Support,CDD,Marche,,2026-08-30,2026-08-30T13:37:30.913Z,2026-08-30T16:15:42.913Z,158.2,5.89,simulation_historical
7396,50408,Monique,Bonneau,Support,CDD,Marche,,2026-03-13,2026-03-13T22:34:30.913Z,2026-03-14T00:50:01.913Z,135.5,11.78,simulation_historical
7397,50408,Monique,Bonneau,Support,CDD,Marche,,2026-09-16,2026-09-16T08:25:30.913Z,2026-09-16T08:58:06.913Z,32.6,9.51,simulation_historical
7398,50408,Monique,Bonneau,Support,CDD,Marche,,2026-04-18,2026-04-18T18:10:30.913Z,2026-04-18T20:31:59.913Z,141.5,3.29,simulation_historical
7399,50408,Monique,Bonneau,Support,CDD,Marche,,2025-11-25,2025-11-25T00:00:30.913Z,2025-11-25T01:45:57.913Z,105.5,9.56,simulation_historical
7400,50408,Monique,Bonneau,Support,CDD,Marche,,2026-03-19,2026-03-19T20:10:30.913Z,2026-03-19T22:49:55.913Z,159.4,4.44,simulation_historical
7401,50408,Monique,Bonneau,Support,CDD,Marche,,2025-09-29,2025-09-29T12:02:30.913Z,2025-09-29T12:34:42.913Z,32.2,4.88,simulation_historical
7402,50504,Christiane,Fabre,Finance,CDI,Escalade,Escalade,2026-06-12,2026-06-12T11:25:30.913Z,2026-06-12T12:44:16.913Z,78.8,,simulation_historical
7403,50504,Christiane,Fabre,Finance,CDI,Escalade,Escalade,2026-07-09,2026-07-09T20:09:30.913Z,2026-07-09T21:28:29.913Z,79.0,,simulation_historical
7404,50504,Christiane,Fabre,Finance,CDI,Escalade,Escalade,2025-11-18,2025-11-18T04:27:30.913Z,2025-11-18T05:22:35.913Z,55.1,,simulation_historical
7405,50504,Christiane,Fabre,Finance,CDI,Escalade,Escalade,2025-11-02,2025-11-02T02:40:30.913Z,2025-11-02T05:30:38.913Z,170.1,,simulation_historical
7406,50504,Christiane,Fabre,Finance,CDI,Escalade,Escalade,2026-05-09,2026-05-09T07:20:30.913Z,2026-05-09T08:25:05.913Z,64.6,,simulation_historical
7407,50504,Christiane,Fabre,Finance,CDI,Escalade,Escalade,2026-02-24,2026-02-24T01:39:30.913Z,2026-02-24T03:08:54.913Z,89.4,,simulation_historical
7408,50504,Christiane,Fabre,Finance,CDI,Escalade,Escalade,2025-10-05,2025-10-05T02:00:30.913Z,2025-10-05T02:59:36.913Z,59.1,,simulation_historical
7409,50866,Roger,Techer,Ventes,CDI,Randonnée,Randonnée,2026-06-04,2026-06-04T13:04:30.913Z,2026-06-04T14:38:03.913Z,93.6,22.75,simulation_historical
7410,50866,Roger,Techer,Ventes,CDI,Randonnée,Randonnée,2025-09-24,2025-09-24T19:32:30.913Z,2025-09-24T21:34:07.913Z,121.6,20.47,simulation_historical
7411,50866,Roger,Techer,Ventes,CDI,Randonnée,Randonnée,2025-10-14,2025-10-14T18:52:30.913Z,2025-10-14T21:32:09.913Z,159.7,21.82,simulation_historical
7412,50866,Roger,Techer,Ventes,CDI,Randonnée,Randonnée,2026-06-25,2026-06-25T01:52:30.913Z,2026-06-25T02:54:24.913Z,61.9,12.37,simulation_historical
7413,50866,Roger,Techer,Ventes,CDI,Randonnée,Randonnée,2026-02-06,2026-02-06T03:43:30.913Z,2026-02-06T05:11:05.913Z,87.6,4.54,simulation_historical
7414,50866,Roger,Techer,Ventes,CDI,Randonnée,Randonnée,2026-05-01,2026-05-01T12:10:30.913Z,2026-05-01T13:00:32.913Z,50.0,24.41,simulation_historical
7415,50866,Roger,Techer,Ventes,CDI,Randonnée,Randonnée,2025-12-10,2025-12-10T02:40:30.913Z,2025-12-10T04:30:26.913Z,109.9,22.98,simulation_historical
7416,50866,Roger,Techer,Ventes,CDI,Randonnée,Randonnée,2026-08-02,2026-08-02T03:46:30.913Z,2026-08-02T05:37:34.913Z,111.1,27.5,simulation_historical
7417,50866,Roger,Techer,Ventes,CDI,Randonnée,Randonnée,2026-04-30,2026-04-30T10:49:30.913Z,2026-04-30T12:11:08.913Z,81.6,10.97,simulation_historical
7418,50866,Roger,Techer,Ventes,CDI,Randonnée,Randonnée,2026-09-11,2026-09-11T12:20:30.913Z,2026-09-11T13:41:10.913Z,80.7,14.41,simulation_historical
7419,50866,Roger,Techer,Ventes,CDI,Randonnée,Randonnée,2026-07-25,2026-07-25T12:33:30.913Z,2026-07-25T15:17:15.913Z,163.8,25.87,simulation_historical
7420,50866,Roger,Techer,Ventes,CDI,Randonnée,Randonnée,2026-04-12,2026-04-12T20:52:30.913Z,2026-04-12T23:26:11.913Z,153.7,5.13,simulation_historical
7421,50866,Roger,Techer,Ventes,CDI,Randonnée,Randonnée,2025-12-20,2025-12-20T04:00:30.913Z,2025-12-20T06:56:44.913Z,176.2,11.24,simulation_historical
7422,50866,Roger,Techer,Ventes,CDI,Randonnée,Randonnée,2025-12-08,2025-12-08T07:06:30.913Z,2025-12-08T07:53:33.913Z,47.1,3.57,simulation_historical
7423,50866,Roger,Techer,Ventes,CDI,Randonnée,Randonnée,2026-06-21,2026-06-21T04:56:30.913Z,2026-06-21T07:02:52.913Z,126.4,7.92,simulation_historical
7424,50866,Roger,Techer,Ventes,CDI,Randonnée,Randonnée,2026-03-23,2026-03-23T16:01:30.913Z,2026-03-23T18:46:41.913Z,165.2,20.08,simulation_historical
7425,50866,Roger,Techer,Ventes,CDI,Randonnée,Randonnée,2025-11-16,2025-11-16T03:14:30.913Z,2025-11-16T04:09:20.913Z,54.8,10.49,simulation_historical
7426,50866,Roger,Techer,Ventes,CDI,Randonnée,Randonnée,2026-09-11,2026-09-11T18:12:30.913Z,2026-09-11T19:14:57.913Z,62.5,23.55,simulation_historical
7427,50866,Roger,Techer,Ventes,CDI,Randonnée,Randonnée,2026-07-14,2026-07-14T11:20:30.913Z,2026-07-14T14:15:28.913Z,175.0,26.1,simulation_historical
7428,50866,Roger,Techer,Ventes,CDI,Randonnée,Randonnée,2026-05-03,2026-05-03T13:46:30.913Z,2026-05-03T15:47:34.913Z,121.1,25.18,simulation_historical
7429,50866,Roger,Techer,Ventes,CDI,Randonnée,Randonnée,2026-05-11,2026-05-11T18:06:30.913Z,2026-05-11T20:20:42.913Z,134.2,25.16,simulation_historical
7430,50866,Roger,Techer,Ventes,CDI,Randonnée,Randonnée,2026-01-25,2026-01-25T10:16:30.913Z,2026-01-25T12:13:09.913Z,116.7,28.16,simulation_historical
7431,50866,Roger,Techer,Ventes,CDI,Randonnée,Randonnée,2026-01-19,2026-01-19T23:26:30.913Z,2026-01-20T01:01:49.913Z,95.3,16.02,simulation_historical
7432,50866,Roger,Techer,Ventes,CDI,Randonnée,Randonnée,2025-12-23,2025-12-23T16:48:30.913Z,2025-12-23T18:10:58.913Z,82.5,12.0,simulation_historical
7433,50866,Roger,Techer,Ventes,CDI,Randonnée,Randonnée,2025-10-26,2025-10-26T13:25:30.913Z,2025-10-26T15:36:30.913Z,131.0,27.25,simulation_historical
7434,50866,Roger,Techer,Ventes,CDI,Randonnée,Randonnée,2026-04-09,2026-04-09T13:04:30.913Z,2026-04-09T13:46:12.913Z,41.7,4.51,simulation_historical
7435,50866,Roger,Techer,Ventes,CDI,Randonnée,Randonnée,2026-05-17,2026-05-17T13:34:30.913Z,2026-05-17T16:31:35.913Z,177.1,3.88,simulation_historical
7436,50866,Roger,Techer,Ventes,CDI,Randonnée,Randonnée,2026-08-03,2026-08-03T16:26:30.913Z,2026-08-03T19:17:49.913Z,171.3,18.15,simulation_historical
7437,50866,Roger,Techer,Ventes,CDI,Randonnée,Randonnée,2026-09-11,2026-09-11T02:01:30.913Z,2026-09-11T04:40:24.913Z,158.9,25.95,simulation_historical
7438,50866,Roger,Techer,Ventes,CDI,Randonnée,Randonnée,2026-07-09,2026-07-09T00:13:30.913Z,2026-07-09T02:54:07.913Z,160.6,24.45,simulation_historical
7439,50866,Roger,Techer,Ventes,CDI,Randonnée,Randonnée,2025-10-04,2025-10-04T22:00:30.913Z,2025-10-04T22:54:32.913Z,54.0,15.29,simulation_historical
7440,50866,Roger,Techer,Ventes,CDI,Randonnée,Randonnée,2026-09-08,2026-09-08T20:32:30.913Z,2026-09-08T20:54:29.913Z,22.0,25.4,simulation_historical
7441,50866,Roger,Techer,Ventes,CDI,Randonnée,Randonnée,2026-02-10,2026-02-10T17:10:30.913Z,2026-02-10T19:04:43.913Z,114.2,10.0,simulation_historical
7442,50866,Roger,Techer,Ventes,CDI,Randonnée,Randonnée,2025-10-12,2025-10-12T23:01:30.913Z,2025-10-12T23:33:03.913Z,31.6,21.9,simulation_historical
7443,50866,Roger,Techer,Ventes,CDI,Randonnée,Randonnée,2026-01-30,2026-01-30T10:01:30.913Z,2026-01-30T12:44:27.913Z,163.0,9.38,simulation_historical
7444,50866,Roger,Techer,Ventes,CDI,Randonnée,Randonnée,2026-06-19,2026-06-19T13:21:30.913Z,2026-06-19T14:17:54.913Z,56.4,18.83,simulation_historical
7445,50866,Roger,Techer,Ventes,CDI,Randonnée,Randonnée,2026-03-20,2026-03-20T14:17:30.913Z,2026-03-20T16:52:48.913Z,155.3,14.42,simulation_historical
7446,50866,Roger,Techer,Ventes,CDI,Randonnée,Randonnée,2026-06-21,2026-06-21T04:37:30.913Z,2026-06-21T06:29:47.913Z,112.3,24.25,simulation_historical
7447,50866,Roger,Techer,Ventes,CDI,Randonnée,Randonnée,2026-05-11,2026-05-11T21:50:30.913Z,2026-05-11T22:42:41.913Z,52.2,11.5,simulation_historical
7448,50955,Margaud,Godard,Support,CDI,Rugby,Rugby,2026-01-12,2026-01-12T06:28:30.913Z,2026-01-12T07:46:40.913Z,78.2,,simulation_historical
7449,50955,Margaud,Godard,Support,CDI,Rugby,Rugby,2026-09-14,2026-09-14T16:04:30.913Z,2026-09-14T18:59:49.913Z,175.3,,simulation_historical
7450,50955,Margaud,Godard,Support,CDI,Rugby,Rugby,2026-02-27,2026-02-27T08:45:30.913Z,2026-02-27T10:28:44.913Z,103.2,,simulation_historical
7451,50955,Margaud,Godard,Support,CDI,Rugby,Rugby,2025-10-21,2025-10-21T22:52:30.913Z,2025-10-21T23:22:10.913Z,29.7,,simulation_historical
7452,50955,Margaud,Godard,Support,CDI,Rugby,Rugby,2026-01-21,2026-01-21T19:50:30.913Z,2026-01-21T22:23:49.913Z,153.3,,simulation_historical
7453,50955,Margaud,Godard,Support,CDI,Rugby,Rugby,2026-08-18,2026-08-18T04:44:30.913Z,2026-08-18T07:10:12.913Z,145.7,,simulation_historical
7454,50955,Margaud,Godard,Support,CDI,Rugby,Rugby,2026-04-01,2026-04-01T06:22:30.913Z,2026-04-01T07:11:45.913Z,49.3,,simulation_historical
7455,50955,Margaud,Godard,Support,CDI,Rugby,Rugby,2026-09-14,2026-09-14T03:48:30.913Z,2026-09-14T04:59:20.913Z,70.8,,simulation_historical
7456,50955,Margaud,Godard,Support,CDI,Rugby,Rugby,2026-02-23,2026-02-23T04:44:30.913Z,2026-02-23T05:32:10.913Z,47.7,,simulation_historical
7457,50955,Margaud,Godard,Support,CDI,Rugby,Rugby,2026-02-08,2026-02-08T00:32:30.913Z,2026-02-08T01:15:38.913Z,43.1,,simulation_historical
7458,50955,Margaud,Godard,Support,CDI,Rugby,Rugby,2025-12-19,2025-12-19T22:47:30.913Z,2025-12-19T23:49:28.913Z,62.0,,simulation_historical
7459,50955,Margaud,Godard,Support,CDI,Rugby,Rugby,2026-02-18,2026-02-18T11:46:30.913Z,2026-02-18T14:19:35.913Z,153.1,,simulation_historical
7460,50955,Margaud,Godard,Support,CDI,Rugby,Rugby,2026-09-13,2026-09-13T10:55:30.913Z,2026-09-13T12:23:48.913Z,88.3,,simulation_historical
7461,50955,Margaud,Godard,Support,CDI,Rugby,Rugby,2026-05-24,2026-05-24T00:19:30.913Z,2026-05-24T02:21:42.913Z,122.2,,simulation_historical
7462,50955,Margaud,Godard,Support,CDI,Rugby,Rugby,2026-04-16,2026-04-16T04:17:30.913Z,2026-04-16T05:27:14.913Z,69.7,,simulation_historical
7463,50955,Margaud,Godard,Support,CDI,Rugby,Rugby,2025-12-16,2025-12-16T07:38:30.913Z,2025-12-16T09:58:15.913Z,139.8,,simulation_historical
7464,50955,Margaud,Godard,Support,CDI,Rugby,Rugby,2025-10-15,2025-10-15T01:34:30.913Z,2025-10-15T02:32:41.913Z,58.2,,simulation_historical
7465,50955,Margaud,Godard,Support,CDI,Rugby,Rugby,2026-03-18,2026-03-18T16:17:30.913Z,2026-03-18T16:39:05.913Z,21.6,,simulation_historical
7466,50955,Margaud,Godard,Support,CDI,Rugby,Rugby,2026-03-16,2026-03-16T17:32:30.913Z,2026-03-16T18:22:43.913Z,50.2,,simulation_historical
7467,50955,Margaud,Godard,Support,CDI,Rugby,Rugby,2026-06-11,2026-06-11T06:42:30.913Z,2026-06-11T07:39:00.913Z,56.5,,simulation_historical
7468,50955,Margaud,Godard,Support,CDI,Rugby,Rugby,2026-02-26,2026-02-26T01:57:30.913Z,2026-02-26T03:47:56.913Z,110.4,,simulation_historical
7469,50955,Margaud,Godard,Support,CDI,Rugby,Rugby,2026-08-31,2026-08-31T10:02:30.913Z,2026-08-31T11:16:50.913Z,74.3,,simulation_historical
7470,50955,Margaud,Godard,Support,CDI,Rugby,Rugby,2026-01-13,2026-01-13T18:27:30.913Z,2026-01-13T19:19:56.913Z,52.4,,simulation_historical
7471,50955,Margaud,Godard,Support,CDI,Rugby,Rugby,2026-02-13,2026-02-13T00:09:30.913Z,2026-02-13T02:44:49.913Z,155.3,,simulation_historical
7472,51328,Adèle,Albert,Support,CDI,Marche,,2026-07-13,2026-07-13T04:56:30.913Z,2026-07-13T07:05:41.913Z,129.2,9.22,simulation_historical
7473,51328,Adèle,Albert,Support,CDI,Marche,,2026-03-01,2026-03-01T11:37:30.913Z,2026-03-01T12:26:57.913Z,49.5,13.99,simulation_historical
7474,51328,Adèle,Albert,Support,CDI,Marche,,2026-09-06,2026-09-06T11:35:30.913Z,2026-09-06T13:29:28.913Z,114.0,9.19,simulation_historical
7475,51328,Adèle,Albert,Support,CDI,Marche,,2026-09-09,2026-09-09T18:29:30.913Z,2026-09-09T19:03:42.913Z,34.2,12.11,simulation_historical
7476,51328,Adèle,Albert,Support,CDI,Marche,,2026-03-25,2026-03-25T02:06:30.913Z,2026-03-25T02:28:41.913Z,22.2,8.12,simulation_historical
7477,51328,Adèle,Albert,Support,CDI,Marche,,2026-01-14,2026-01-14T06:26:30.913Z,2026-01-14T08:59:11.913Z,152.7,2.35,simulation_historical
7478,51328,Adèle,Albert,Support,CDI,Marche,,2026-02-09,2026-02-09T08:05:30.913Z,2026-02-09T09:07:08.913Z,61.6,12.95,simulation_historical
7479,51328,Adèle,Albert,Support,CDI,Marche,,2025-12-29,2025-12-29T10:29:30.913Z,2025-12-29T12:06:16.913Z,96.8,13.56,simulation_historical
7480,51328,Adèle,Albert,Support,CDI,Marche,,2026-07-20,2026-07-20T07:00:30.913Z,2026-07-20T08:28:02.913Z,87.5,11.92,simulation_historical
7481,51328,Adèle,Albert,Support,CDI,Marche,,2026-02-09,2026-02-09T09:14:30.913Z,2026-02-09T10:02:38.913Z,48.1,12.49,simulation_historical
7482,51328,Adèle,Albert,Support,CDI,Marche,,2026-01-01,2026-01-01T20:33:30.913Z,2026-01-01T21:45:01.913Z,71.5,10.69,simulation_historical
7483,51328,Adèle,Albert,Support,CDI,Marche,,2025-10-28,2025-10-28T19:35:30.913Z,2025-10-28T20:58:08.913Z,82.6,2.97,simulation_historical
7484,51328,Adèle,Albert,Support,CDI,Marche,,2026-07-11,2026-07-11T03:42:30.913Z,2026-07-11T05:17:16.913Z,94.8,4.15,simulation_historical
7485,51328,Adèle,Albert,Support,CDI,Marche,,2026-07-04,2026-07-04T02:43:30.913Z,2026-07-04T03:58:00.913Z,74.5,2.49,simulation_historical
7486,51328,Adèle,Albert,Support,CDI,Marche,,2026-08-21,2026-08-21T03:18:30.913Z,2026-08-21T06:01:51.913Z,163.4,6.02,simulation_historical
7487,51328,Adèle,Albert,Support,CDI,Marche,,2025-09-22,2025-09-22T19:30:30.913Z,2025-09-22T20:51:03.913Z,80.6,6.51,simulation_historical
7488,51328,Adèle,Albert,Support,CDI,Marche,,2026-02-10,2026-02-10T00:41:30.913Z,2026-02-10T03:20:43.913Z,159.2,8.0,simulation_historical
7489,51328,Adèle,Albert,Support,CDI,Marche,,2025-10-22,2025-10-22T14:25:30.913Z,2025-10-22T15:15:33.913Z,50.1,5.41,simulation_historical
7490,51328,Adèle,Albert,Support,CDI,Marche,,2026-03-14,2026-03-14T07:22:30.913Z,2026-03-14T09:36:39.913Z,134.2,5.05,simulation_historical
7491,51328,Adèle,Albert,Support,CDI,Marche,,2026-04-06,2026-04-06T14:33:30.913Z,2026-04-06T15:04:39.913Z,31.2,1.01,simulation_historical
7492,51328,Adèle,Albert,Support,CDI,Marche,,2026-08-20,2026-08-20T17:57:30.913Z,2026-08-20T19:45:19.913Z,107.8,4.47,simulation_historical
7493,51328,Adèle,Albert,Support,CDI,Marche,,2026-04-23,2026-04-23T00:27:30.913Z,2026-04-23T01:15:00.913Z,47.5,8.06,simulation_historical
7494,51328,Adèle,Albert,Support,CDI,Marche,,2026-06-14,2026-06-14T07:13:30.913Z,2026-06-14T09:12:46.913Z,119.3,6.48,simulation_historical
7495,51328,Adèle,Albert,Support,CDI,Marche,,2026-04-14,2026-04-14T12:38:30.913Z,2026-04-14T13:02:13.913Z,23.7,12.19,simulation_historical
7496,51328,Adèle,Albert,Support,CDI,Marche,,2025-12-08,2025-12-08T11:23:30.913Z,2025-12-08T13:21:57.913Z,118.5,13.15,simulation_historical
7497,51328,Adèle,Albert,Support,CDI,Marche,,2026-03-14,2026-03-14T15:55:30.913Z,2026-03-14T18:39:54.913Z,164.4,10.91,simulation_historical
7498,51328,Adèle,Albert,Support,CDI,Marche,,2026-03-10,2026-03-10T08:03:30.913Z,2026-03-10T09:38:51.913Z,95.4,4.44,simulation_historical
7499,51328,Adèle,Albert,Support,CDI,Marche,,2025-11-21,2025-11-21T03:39:30.913Z,2025-11-21T04:28:32.913Z,49.0,3.14,simulation_historical
7500,51328,Adèle,Albert,Support,CDI,Marche,,2025-10-28,2025-10-28T16:06:30.913Z,2025-10-28T16:59:21.913Z,52.9,1.67,simulation_historical
7501,51328,Adèle,Albert,Support,CDI,Marche,,2025-11-19,2025-11-19T18:52:30.913Z,2025-11-19T20:04:30.913Z,72.0,4.16,simulation_historical
7502,51328,Adèle,Albert,Support,CDI,Marche,,2025-09-21,2025-09-21T00:45:30.913Z,2025-09-21T01:32:26.913Z,46.9,2.23,simulation_historical
7503,51328,Adèle,Albert,Support,CDI,Marche,,2025-12-10,2025-12-10T20:23:30.913Z,2025-12-10T22:05:49.913Z,102.3,12.88,simulation_historical
7504,51328,Adèle,Albert,Support,CDI,Marche,,2026-01-17,2026-01-17T09:10:30.913Z,2026-01-17T10:12:27.913Z,62.0,1.72,simulation_historical
7505,51328,Adèle,Albert,Support,CDI,Marche,,2026-07-13,2026-07-13T09:18:30.913Z,2026-07-13T12:08:49.913Z,170.3,12.66,simulation_historical
7506,51328,Adèle,Albert,Support,CDI,Marche,,2026-05-09,2026-05-09T22:22:30.913Z,2026-05-10T00:22:26.913Z,119.9,8.35,simulation_historical
7507,51328,Adèle,Albert,Support,CDI,Marche,,2025-10-28,2025-10-28T17:37:30.913Z,2025-10-28T19:56:35.913Z,139.1,2.11,simulation_historical
7508,51328,Adèle,Albert,Support,CDI,Marche,,2026-01-12,2026-01-12T02:11:30.913Z,2026-01-12T04:49:05.913Z,157.6,13.96,simulation_historical
7509,51328,Adèle,Albert,Support,CDI,Marche,,2026-09-05,2026-09-05T10:06:30.913Z,2026-09-05T11:41:21.913Z,94.9,12.41,simulation_historical
7510,51328,Adèle,Albert,Support,CDI,Marche,,2026-07-12,2026-07-12T06:42:30.913Z,2026-07-12T09:37:06.913Z,174.6,2.0,simulation_historical
7511,51328,Adèle,Albert,Support,CDI,Marche,,2025-09-26,2025-09-26T08:57:30.913Z,2025-09-26T11:06:02.913Z,128.5,9.11,simulation_historical
7512,51328,Adèle,Albert,Support,CDI,Marche,,2025-09-30,2025-09-30T21:49:30.913Z,2025-10-01T00:29:42.913Z,160.2,2.23,simulation_historical
7513,51328,Adèle,Albert,Support,CDI,Marche,,2026-06-24,2026-06-24T00:56:30.913Z,2026-06-24T03:35:34.913Z,159.1,7.29,simulation_historical
7514,51328,Adèle,Albert,Support,CDI,Marche,,2025-12-03,2025-12-03T03:19:30.913Z,2025-12-03T04:53:38.913Z,94.1,4.39,simulation_historical
7515,51328,Adèle,Albert,Support,CDI,Marche,,2026-06-14,2026-06-14T15:34:30.913Z,2026-06-14T18:30:39.913Z,176.2,4.57,simulation_historical
7516,51328,Adèle,Albert,Support,CDI,Marche,,2025-11-16,2025-11-16T17:44:30.913Z,2025-11-16T20:24:31.913Z,160.0,8.46,simulation_historical
7517,51328,Adèle,Albert,Support,CDI,Marche,,2026-01-01,2026-01-01T16:58:30.913Z,2026-01-01T19:41:52.913Z,163.4,5.24,simulation_historical
7518,51328,Adèle,Albert,Support,CDI,Marche,,2026-04-14,2026-04-14T08:26:30.913Z,2026-04-14T09:59:49.913Z,93.3,10.05,simulation_historical
7519,51328,Adèle,Albert,Support,CDI,Marche,,2026-07-18,2026-07-18T10:30:30.913Z,2026-07-18T11:02:57.913Z,32.5,9.74,simulation_historical
7520,51866,Marguerite,Carre,Ventes,CDI,Running,Runing,2026-04-20,2026-04-20T14:04:30.913Z,2026-04-20T15:04:57.913Z,60.5,29.95,simulation_historical
7521,51866,Marguerite,Carre,Ventes,CDI,Running,Runing,2026-04-27,2026-04-27T11:27:30.913Z,2026-04-27T12:01:34.913Z,34.1,22.05,simulation_historical
7522,51866,Marguerite,Carre,Ventes,CDI,Running,Runing,2026-05-12,2026-05-12T09:10:30.913Z,2026-05-12T10:02:13.913Z,51.7,1.05,simulation_historical
7523,51866,Marguerite,Carre,Ventes,CDI,Running,Runing,2025-10-19,2025-10-19T04:04:30.913Z,2025-10-19T06:05:17.913Z,120.8,11.64,simulation_historical
7524,51866,Marguerite,Carre,Ventes,CDI,Running,Runing,2026-08-04,2026-08-04T16:48:30.913Z,2026-08-04T19:38:29.913Z,170.0,9.65,simulation_historical
7525,51866,Marguerite,Carre,Ventes,CDI,Running,Runing,2026-07-10,2026-07-10T01:47:30.913Z,2026-07-10T03:28:01.913Z,100.5,11.64,simulation_historical
7526,51866,Marguerite,Carre,Ventes,CDI,Running,Runing,2026-08-17,2026-08-17T18:52:30.913Z,2026-08-17T19:15:20.913Z,22.8,28.0,simulation_historical
7527,51866,Marguerite,Carre,Ventes,CDI,Running,Runing,2026-03-18,2026-03-18T07:58:30.913Z,2026-03-18T09:34:52.913Z,96.4,6.79,simulation_historical
7528,51866,Marguerite,Carre,Ventes,CDI,Running,Runing,2026-05-08,2026-05-08T15:10:30.913Z,2026-05-08T18:09:46.913Z,179.3,4.49,simulation_historical
7529,51866,Marguerite,Carre,Ventes,CDI,Running,Runing,2025-09-29,2025-09-29T03:03:30.913Z,2025-09-29T04:33:46.913Z,90.3,29.51,simulation_historical
7530,51866,Marguerite,Carre,Ventes,CDI,Running,Runing,2025-10-30,2025-10-30T19:06:30.913Z,2025-10-30T21:56:55.913Z,170.4,7.76,simulation_historical
7531,51866,Marguerite,Carre,Ventes,CDI,Running,Runing,2026-02-02,2026-02-02T08:24:30.913Z,2026-02-02T09:57:53.913Z,93.4,7.68,simulation_historical
7532,51866,Marguerite,Carre,Ventes,CDI,Running,Runing,2025-11-22,2025-11-22T18:53:30.913Z,2025-11-22T21:01:29.913Z,128.0,6.1,simulation_historical
7533,51866,Marguerite,Carre,Ventes,CDI,Running,Runing,2026-01-31,2026-01-31T07:58:30.913Z,2026-01-31T10:16:59.913Z,138.5,13.08,simulation_historical
7534,51866,Marguerite,Carre,Ventes,CDI,Running,Runing,2026-07-03,2026-07-03T00:39:30.913Z,2026-07-03T03:14:55.913Z,155.4,6.95,simulation_historical
7535,51866,Marguerite,Carre,Ventes,CDI,Running,Runing,2026-01-24,2026-01-24T09:52:30.913Z,2026-01-24T11:00:35.913Z,68.1,7.19,simulation_historical
7536,51866,Marguerite,Carre,Ventes,CDI,Running,Runing,2025-11-28,2025-11-28T23:58:30.913Z,2025-11-29T01:07:45.913Z,69.3,22.22,simulation_historical
7537,51866,Marguerite,Carre,Ventes,CDI,Running,Runing,2026-04-25,2026-04-25T15:25:30.913Z,2026-04-25T16:29:59.913Z,64.5,6.82,simulation_historical
7538,51866,Marguerite,Carre,Ventes,CDI,Running,Runing,2026-02-26,2026-02-26T18:06:30.913Z,2026-02-26T19:17:47.913Z,71.3,3.28,simulation_historical
7539,51866,Marguerite,Carre,Ventes,CDI,Running,Runing,2026-07-05,2026-07-05T13:17:30.913Z,2026-07-05T14:44:28.913Z,87.0,15.91,simulation_historical
7540,53673,Julien,Ferrand,Finance,CDI,Voile,Voile,2026-02-22,2026-02-22T11:58:30.913Z,2026-02-22T14:42:20.913Z,163.8,,simulation_historical
7541,53673,Julien,Ferrand,Finance,CDI,Voile,Voile,2026-07-07,2026-07-07T15:56:30.913Z,2026-07-07T16:19:43.913Z,23.2,,simulation_historical
7542,53673,Julien,Ferrand,Finance,CDI,Voile,Voile,2025-11-12,2025-11-12T12:20:30.913Z,2025-11-12T14:25:21.913Z,124.9,,simulation_historical
7543,53673,Julien,Ferrand,Finance,CDI,Voile,Voile,2026-09-06,2026-09-06T11:52:30.913Z,2026-09-06T12:16:12.913Z,23.7,,simulation_historical
7544,53673,Julien,Ferrand,Finance,CDI,Voile,Voile,2025-10-22,2025-10-22T14:36:30.913Z,2025-10-22T16:04:18.913Z,87.8,,simulation_historical
7545,53673,Julien,Ferrand,Finance,CDI,Voile,Voile,2026-08-05,2026-08-05T07:35:30.913Z,2026-08-05T07:59:11.913Z,23.7,,simulation_historical
7546,53673,Julien,Ferrand,Finance,CDI,Voile,Voile,2026-09-12,2026-09-12T12:10:30.913Z,2026-09-12T14:02:54.913Z,112.4,,simulation_historical
7547,53673,Julien,Ferrand,Finance,CDI,Voile,Voile,2025-09-19,2025-09-19T13:32:30.913Z,2025-09-19T14:30:31.913Z,58.0,,simulation_historical
7548,53673,Julien,Ferrand,Finance,CDI,Voile,Voile,2026-01-13,2026-01-13T20:47:30.913Z,2026-01-13T23:08:49.913Z,141.3,,simulation_historical
7549,53673,Julien,Ferrand,Finance,CDI,Voile,Voile,2026-06-25,2026-06-25T06:23:30.913Z,2026-06-25T08:54:16.913Z,150.8,,simulation_historical
7550,53673,Julien,Ferrand,Finance,CDI,Voile,Voile,2026-06-29,2026-06-29T08:41:30.913Z,2026-06-29T11:29:55.913Z,168.4,,simulation_historical
7551,53673,Julien,Ferrand,Finance,CDI,Voile,Voile,2025-09-27,2025-09-27T07:04:30.913Z,2025-09-27T09:52:56.913Z,168.4,,simulation_historical
7552,53673,Julien,Ferrand,Finance,CDI,Voile,Voile,2026-07-15,2026-07-15T14:52:30.913Z,2026-07-15T15:24:39.913Z,32.2,,simulation_historical
7553,53673,Julien,Ferrand,Finance,CDI,Voile,Voile,2026-07-25,2026-07-25T22:26:30.913Z,2026-07-25T23:14:30.913Z,48.0,,simulation_historical
7554,53673,Julien,Ferrand,Finance,CDI,Voile,Voile,2025-12-29,2025-12-29T02:35:30.913Z,2025-12-29T02:55:49.913Z,20.3,,simulation_historical
7555,53673,Julien,Ferrand,Finance,CDI,Voile,Voile,2026-05-25,2026-05-25T15:30:30.913Z,2026-05-25T17:47:08.913Z,136.6,,simulation_historical
7556,53673,Julien,Ferrand,Finance,CDI,Voile,Voile,2026-03-03,2026-03-03T11:22:30.913Z,2026-03-03T13:00:49.913Z,98.3,,simulation_historical
7557,53673,Julien,Ferrand,Finance,CDI,Voile,Voile,2026-05-23,2026-05-23T18:20:30.913Z,2026-05-23T19:11:11.913Z,50.7,,simulation_historical
7558,53673,Julien,Ferrand,Finance,CDI,Voile,Voile,2026-01-08,2026-01-08T10:37:30.913Z,2026-01-08T11:58:48.913Z,81.3,,simulation_historical
7559,53673,Julien,Ferrand,Finance,CDI,Voile,Voile,2026-07-26,2026-07-26T06:22:30.913Z,2026-07-26T07:03:19.913Z,40.8,,simulation_historical
7560,53673,Julien,Ferrand,Finance,CDI,Voile,Voile,2025-11-05,2025-11-05T05:37:30.913Z,2025-11-05T07:35:56.913Z,118.4,,simulation_historical
7561,53673,Julien,Ferrand,Finance,CDI,Voile,Voile,2026-08-04,2026-08-04T14:06:30.913Z,2026-08-04T15:07:45.913Z,61.3,,simulation_historical
7562,53673,Julien,Ferrand,Finance,CDI,Voile,Voile,2026-06-17,2026-06-17T02:11:30.913Z,2026-06-17T04:02:56.913Z,111.4,,simulation_historical
7563,53673,Julien,Ferrand,Finance,CDI,Voile,Voile,2025-11-13,2025-11-13T10:01:30.913Z,2025-11-13T12:17:37.913Z,136.1,,simulation_historical
7564,53673,Julien,Ferrand,Finance,CDI,Voile,Voile,2026-07-01,2026-07-01T18:01:30.913Z,2026-07-01T19:43:50.913Z,102.3,,simulation_historical
7565,53673,Julien,Ferrand,Finance,CDI,Voile,Voile,2025-11-01,2025-11-01T06:22:30.913Z,2025-11-01T07:10:52.913Z,48.4,,simulation_historical
7566,53673,Julien,Ferrand,Finance,CDI,Voile,Voile,2026-05-01,2026-05-01T00:02:30.913Z,2026-05-01T02:03:17.913Z,120.8,,simulation_historical
7567,53673,Julien,Ferrand,Finance,CDI,Voile,Voile,2026-05-03,2026-05-03T16:53:30.913Z,2026-05-03T17:34:21.913Z,40.9,,simulation_historical
7568,53673,Julien,Ferrand,Finance,CDI,Voile,Voile,2026-09-15,2026-09-15T10:55:30.913Z,2026-09-15T11:55:31.913Z,60.0,,simulation_historical
7569,53673,Julien,Ferrand,Finance,CDI,Voile,Voile,2026-04-06,2026-04-06T11:20:30.913Z,2026-04-06T13:42:28.913Z,142.0,,simulation_historical
7570,53673,Julien,Ferrand,Finance,CDI,Voile,Voile,2026-01-15,2026-01-15T13:37:30.913Z,2026-01-15T16:35:17.913Z,177.8,,simulation_historical
7571,53673,Julien,Ferrand,Finance,CDI,Voile,Voile,2026-02-09,2026-02-09T16:27:30.913Z,2026-02-09T17:27:00.913Z,59.5,,simulation_historical
7572,53673,Julien,Ferrand,Finance,CDI,Voile,Voile,2026-08-01,2026-08-01T05:36:30.913Z,2026-08-01T06:46:09.913Z,69.7,,simulation_historical
7573,53673,Julien,Ferrand,Finance,CDI,Voile,Voile,2026-03-03,2026-03-03T04:24:30.913Z,2026-03-03T06:59:27.913Z,155.0,,simulation_historical
7574,53673,Julien,Ferrand,Finance,CDI,Voile,Voile,2026-02-11,2026-02-11T00:00:30.913Z,2026-02-11T02:13:32.913Z,133.0,,simulation_historical
7575,53673,Julien,Ferrand,Finance,CDI,Voile,Voile,2025-11-11,2025-11-11T19:23:30.913Z,2025-11-11T20:21:14.913Z,57.7,,simulation_historical
7576,53673,Julien,Ferrand,Finance,CDI,Voile,Voile,2025-10-17,2025-10-17T08:20:30.913Z,2025-10-17T10:34:49.913Z,134.3,,simulation_historical
7577,53673,Julien,Ferrand,Finance,CDI,Voile,Voile,2025-12-09,2025-12-09T00:10:30.913Z,2025-12-09T02:56:15.913Z,165.8,,simulation_historical
7578,53673,Julien,Ferrand,Finance,CDI,Voile,Voile,2026-01-06,2026-01-06T22:10:30.913Z,2026-01-06T23:33:20.913Z,82.8,,simulation_historical
7579,53673,Julien,Ferrand,Finance,CDI,Voile,Voile,2026-03-04,2026-03-04T13:07:30.913Z,2026-03-04T15:22:41.913Z,135.2,,simulation_historical
7580,53673,Julien,Ferrand,Finance,CDI,Voile,Voile,2025-12-20,2025-12-20T20:55:30.913Z,2025-12-20T22:15:23.913Z,79.9,,simulation_historical
7581,53673,Julien,Ferrand,Finance,CDI,Voile,Voile,2025-09-22,2025-09-22T13:29:30.913Z,2025-09-22T15:28:16.913Z,118.8,,simulation_historical
7582,53673,Julien,Ferrand,Finance,CDI,Voile,Voile,2026-09-15,2026-09-15T08:50:30.913Z,2026-09-15T09:15:11.913Z,24.7,,simulation_historical
7583,53673,Julien,Ferrand,Finance,CDI,Voile,Voile,2026-03-14,2026-03-14T22:14:30.913Z,2026-03-14T23:10:58.913Z,56.5,,simulation_historical
7584,53673,Julien,Ferrand,Finance,CDI,Voile,Voile,2026-07-22,2026-07-22T13:46:30.913Z,2026-07-22T15:41:53.913Z,115.4,,simulation_historical
7585,53673,Julien,Ferrand,Finance,CDI,Voile,Voile,2026-03-16,2026-03-16T11:26:30.913Z,2026-03-16T13:52:13.913Z,145.7,,simulation_historical
7586,53944,Nath,Lebon,Support,CDI,Natation,Natation,2025-12-08,2025-12-08T02:29:30.913Z,2025-12-08T03:47:02.913Z,77.5,,simulation_historical
7587,53944,Nath,Lebon,Support,CDI,Natation,Natation,2026-05-25,2026-05-25T13:57:30.913Z,2026-05-25T14:55:07.913Z,57.6,,simulation_historical
7588,53944,Nath,Lebon,Support,CDI,Natation,Natation,2026-07-17,2026-07-17T16:59:30.913Z,2026-07-17T17:58:34.913Z,59.1,,simulation_historical
7589,53944,Nath,Lebon,Support,CDI,Natation,Natation,2026-03-06,2026-03-06T16:43:30.913Z,2026-03-06T18:59:28.913Z,136.0,,simulation_historical
7590,53944,Nath,Lebon,Support,CDI,Natation,Natation,2026-03-10,2026-03-10T14:00:30.913Z,2026-03-10T14:49:26.913Z,48.9,,simulation_historical
7591,53944,Nath,Lebon,Support,CDI,Natation,Natation,2025-10-11,2025-10-11T21:40:30.913Z,2025-10-12T00:10:42.913Z,150.2,,simulation_historical
7592,53944,Nath,Lebon,Support,CDI,Natation,Natation,2025-11-16,2025-11-16T10:43:30.913Z,2025-11-16T11:43:36.913Z,60.1,,simulation_historical
7593,53944,Nath,Lebon,Support,CDI,Natation,Natation,2026-03-13,2026-03-13T11:39:30.913Z,2026-03-13T13:06:24.913Z,86.9,,simulation_historical
7594,53944,Nath,Lebon,Support,CDI,Natation,Natation,2026-08-08,2026-08-08T15:08:30.913Z,2026-08-08T17:22:13.913Z,133.7,,simulation_historical
7595,53944,Nath,Lebon,Support,CDI,Natation,Natation,2026-07-02,2026-07-02T10:14:30.913Z,2026-07-02T11:12:45.913Z,58.3,,simulation_historical
7596,53944,Nath,Lebon,Support,CDI,Natation,Natation,2025-12-19,2025-12-19T17:25:30.913Z,2025-12-19T19:53:53.913Z,148.4,,simulation_historical
7597,53944,Nath,Lebon,Support,CDI,Natation,Natation,2026-02-17,2026-02-17T16:23:30.913Z,2026-02-17T18:44:44.913Z,141.2,,simulation_historical
7598,53944,Nath,Lebon,Support,CDI,Natation,Natation,2025-10-20,2025-10-20T17:44:30.913Z,2025-10-20T19:22:48.913Z,98.3,,simulation_historical
7599,53944,Nath,Lebon,Support,CDI,Natation,Natation,2026-07-22,2026-07-22T11:41:30.913Z,2026-07-22T12:10:16.913Z,28.8,,simulation_historical
7600,54625,Christiane,Paul,Support,CDI,Marche,,2026-06-19,2026-06-19T23:34:30.913Z,2026-06-19T23:57:28.913Z,23.0,7.49,simulation_historical
7601,54625,Christiane,Paul,Support,CDI,Marche,,2026-02-11,2026-02-11T17:48:30.913Z,2026-02-11T20:12:33.913Z,144.1,10.08,simulation_historical
7602,54625,Christiane,Paul,Support,CDI,Marche,,2025-09-17,2025-09-17T06:46:30.913Z,2025-09-17T09:42:42.913Z,176.2,9.22,simulation_historical
7603,54625,Christiane,Paul,Support,CDI,Marche,,2026-04-12,2026-04-12T17:30:30.913Z,2026-04-12T19:46:11.913Z,135.7,3.57,simulation_historical
7604,54625,Christiane,Paul,Support,CDI,Marche,,2026-04-30,2026-04-30T13:11:30.913Z,2026-04-30T15:14:35.913Z,123.1,3.05,simulation_historical
7605,54625,Christiane,Paul,Support,CDI,Marche,,2026-05-31,2026-05-31T03:05:30.913Z,2026-05-31T03:40:47.913Z,35.3,4.59,simulation_historical
7606,54625,Christiane,Paul,Support,CDI,Marche,,2026-02-28,2026-02-28T09:52:30.913Z,2026-02-28T12:45:13.913Z,172.7,10.91,simulation_historical
7607,54625,Christiane,Paul,Support,CDI,Marche,,2026-08-07,2026-08-07T17:15:30.913Z,2026-08-07T19:45:51.913Z,150.4,6.13,simulation_historical
7608,54625,Christiane,Paul,Support,CDI,Marche,,2025-10-16,2025-10-16T19:19:30.913Z,2025-10-16T21:23:23.913Z,123.9,3.7,simulation_historical
7609,54625,Christiane,Paul,Support,CDI,Marche,,2026-08-20,2026-08-20T04:03:30.913Z,2026-08-20T06:19:20.913Z,135.8,4.19,simulation_historical
7610,54625,Christiane,Paul,Support,CDI,Marche,,2026-05-01,2026-05-01T12:38:30.913Z,2026-05-01T13:19:44.913Z,41.2,6.94,simulation_historical
7611,54625,Christiane,Paul,Support,CDI,Marche,,2025-11-12,2025-11-12T05:43:30.913Z,2025-11-12T07:08:54.913Z,85.4,5.62,simulation_historical
7612,54625,Christiane,Paul,Support,CDI,Marche,,2026-06-24,2026-06-24T22:38:30.913Z,2026-06-24T23:16:20.913Z,37.8,4.47,simulation_historical
7613,54625,Christiane,Paul,Support,CDI,Marche,,2025-11-15,2025-11-15T14:56:30.913Z,2025-11-15T16:40:54.913Z,104.4,4.08,simulation_historical
7614,54625,Christiane,Paul,Support,CDI,Marche,,2025-12-08,2025-12-08T09:04:30.913Z,2025-12-08T09:33:20.913Z,28.8,4.94,simulation_historical
7615,54625,Christiane,Paul,Support,CDI,Marche,,2026-05-02,2026-05-02T13:08:30.913Z,2026-05-02T16:02:43.913Z,174.2,1.74,simulation_historical
7616,54625,Christiane,Paul,Support,CDI,Marche,,2025-12-02,2025-12-02T00:42:30.913Z,2025-12-02T01:15:37.913Z,33.1,6.15,simulation_historical
7617,54625,Christiane,Paul,Support,CDI,Marche,,2026-07-31,2026-07-31T06:44:30.913Z,2026-07-31T08:41:53.913Z,117.4,13.32,simulation_historical
7618,54625,Christiane,Paul,Support,CDI,Marche,,2026-04-25,2026-04-25T03:12:30.913Z,2026-04-25T04:25:42.913Z,73.2,6.15,simulation_historical
7619,54625,Christiane,Paul,Support,CDI,Marche,,2026-02-27,2026-02-27T16:22:30.913Z,2026-02-27T17:17:52.913Z,55.4,12.51,simulation_historical
7620,54625,Christiane,Paul,Support,CDI,Marche,,2025-10-06,2025-10-06T12:23:30.913Z,2025-10-06T14:34:42.913Z,131.2,13.15,simulation_historical
7621,54625,Christiane,Paul,Support,CDI,Marche,,2026-01-02,2026-01-02T12:12:30.913Z,2026-01-02T13:13:30.913Z,61.0,1.39,simulation_historical
7622,54625,Christiane,Paul,Support,CDI,Marche,,2025-11-20,2025-11-20T03:14:30.913Z,2025-11-20T03:44:42.913Z,30.2,5.75,simulation_historical
7623,54625,Christiane,Paul,Support,CDI,Marche,,2026-06-26,2026-06-26T11:01:30.913Z,2026-06-26T13:27:57.913Z,146.5,2.29,simulation_historical
7624,54625,Christiane,Paul,Support,CDI,Marche,,2025-10-31,2025-10-31T12:59:30.913Z,2025-10-31T14:22:44.913Z,83.2,4.53,simulation_historical
7625,54625,Christiane,Paul,Support,CDI,Marche,,2025-10-02,2025-10-02T19:35:30.913Z,2025-10-02T20:39:28.913Z,64.0,9.22,simulation_historical
7626,54625,Christiane,Paul,Support,CDI,Marche,,2025-12-25,2025-12-25T16:06:30.913Z,2025-12-25T18:49:23.913Z,162.9,13.59,simulation_historical
7627,54625,Christiane,Paul,Support,CDI,Marche,,2026-03-26,2026-03-26T00:54:30.913Z,2026-03-26T01:50:19.913Z,55.8,6.55,simulation_historical
7628,54625,Christiane,Paul,Support,CDI,Marche,,2026-04-21,2026-04-21T04:05:30.913Z,2026-04-21T06:23:09.913Z,137.7,1.66,simulation_historical
7629,54625,Christiane,Paul,Support,CDI,Marche,,2025-09-16,2025-09-16T18:20:30.913Z,2025-09-16T19:45:47.913Z,85.3,4.42,simulation_historical
7630,54625,Christiane,Paul,Support,CDI,Marche,,2025-11-07,2025-11-07T20:40:30.913Z,2025-11-07T21:42:06.913Z,61.6,10.29,simulation_historical
7631,54625,Christiane,Paul,Support,CDI,Marche,,2025-10-30,2025-10-30T00:38:30.913Z,2025-10-30T01:02:34.913Z,24.1,3.34,simulation_historical
7632,54625,Christiane,Paul,Support,CDI,Marche,,2026-04-10,2026-04-10T21:49:30.913Z,2026-04-10T22:33:18.913Z,43.8,9.17,simulation_historical
7633,54625,Christiane,Paul,Support,CDI,Marche,,2026-07-30,2026-07-30T01:24:30.913Z,2026-07-30T02:30:50.913Z,66.3,5.84,simulation_historical
7634,54625,Christiane,Paul,Support,CDI,Marche,,2026-06-26,2026-06-26T13:27:30.913Z,2026-06-26T16:24:55.913Z,177.4,6.95,simulation_historical
7635,54625,Christiane,Paul,Support,CDI,Marche,,2026-03-20,2026-03-20T13:40:30.913Z,2026-03-20T14:49:25.913Z,68.9,12.64,simulation_historical
7636,54625,Christiane,Paul,Support,CDI,Marche,,2026-01-24,2026-01-24T07:14:30.913Z,2026-01-24T08:44:24.913Z,89.9,13.5,simulation_historical
7637,54625,Christiane,Paul,Support,CDI,Marche,,2026-02-01,2026-02-01T18:45:30.913Z,2026-02-01T19:43:51.913Z,58.4,3.03,simulation_historical
7638,54625,Christiane,Paul,Support,CDI,Marche,,2025-11-29,2025-11-29T00:42:30.913Z,2025-11-29T02:41:45.913Z,119.3,5.7,simulation_historical
7639,54625,Christiane,Paul,Support,CDI,Marche,,2026-02-23,2026-02-23T01:50:30.913Z,2026-02-23T02:45:43.913Z,55.2,8.22,simulation_historical
7640,54625,Christiane,Paul,Support,CDI,Marche,,2026-03-12,2026-03-12T22:50:30.913Z,2026-03-13T00:36:08.913Z,105.6,7.12,simulation_historical
7641,54625,Christiane,Paul,Support,CDI,Marche,,2026-08-04,2026-08-04T18:18:30.913Z,2026-08-04T20:56:39.913Z,158.2,8.37,simulation_historical
7642,54625,Christiane,Paul,Support,CDI,Marche,,2026-05-04,2026-05-04T18:42:30.913Z,2026-05-04T19:18:04.913Z,35.6,13.14,simulation_historical
7643,55153,Colette,Delmas,Finance,CDI,Boxe,Boxe,2026-05-13,2026-05-13T16:52:30.913Z,2026-05-13T19:45:38.913Z,173.1,,simulation_historical
7644,55153,Colette,Delmas,Finance,CDI,Boxe,Boxe,2026-09-12,2026-09-12T10:50:30.913Z,2026-09-12T11:39:15.913Z,48.8,,simulation_historical
7645,55153,Colette,Delmas,Finance,CDI,Boxe,Boxe,2026-04-21,2026-04-21T03:34:30.913Z,2026-04-21T06:30:11.913Z,175.7,,simulation_historical
7646,55153,Colette,Delmas,Finance,CDI,Boxe,Boxe,2026-02-24,2026-02-24T13:30:30.913Z,2026-02-24T15:36:30.913Z,126.0,,simulation_historical
7647,55153,Colette,Delmas,Finance,CDI,Boxe,Boxe,2026-01-22,2026-01-22T18:39:30.913Z,2026-01-22T20:34:46.913Z,115.3,,simulation_historical
7648,55153,Colette,Delmas,Finance,CDI,Boxe,Boxe,2026-01-21,2026-01-21T01:03:30.913Z,2026-01-21T03:49:37.913Z,166.1,,simulation_historical
7649,55153,Colette,Delmas,Finance,CDI,Boxe,Boxe,2026-01-21,2026-01-21T12:39:30.913Z,2026-01-21T13:48:43.913Z,69.2,,simulation_historical
7650,55153,Colette,Delmas,Finance,CDI,Boxe,Boxe,2026-07-23,2026-07-23T02:55:30.913Z,2026-07-23T05:13:46.913Z,138.3,,simulation_historical
7651,55153,Colette,Delmas,Finance,CDI,Boxe,Boxe,2026-06-06,2026-06-06T03:23:30.913Z,2026-06-06T04:01:06.913Z,37.6,,simulation_historical
7652,55153,Colette,Delmas,Finance,CDI,Boxe,Boxe,2026-04-07,2026-04-07T05:06:30.913Z,2026-04-07T07:39:17.913Z,152.8,,simulation_historical
7653,55153,Colette,Delmas,Finance,CDI,Boxe,Boxe,2026-05-30,2026-05-30T16:57:30.913Z,2026-05-30T19:27:32.913Z,150.0,,simulation_historical
7654,55153,Colette,Delmas,Finance,CDI,Boxe,Boxe,2026-07-20,2026-07-20T07:15:30.913Z,2026-07-20T07:45:57.913Z,30.5,,simulation_historical
7655,55153,Colette,Delmas,Finance,CDI,Boxe,Boxe,2025-12-11,2025-12-11T11:14:30.913Z,2025-12-11T12:14:14.913Z,59.7,,simulation_historical
7656,55153,Colette,Delmas,Finance,CDI,Boxe,Boxe,2025-10-24,2025-10-24T09:24:30.913Z,2025-10-24T12:19:39.913Z,175.2,,simulation_historical
7657,55153,Colette,Delmas,Finance,CDI,Boxe,Boxe,2026-08-30,2026-08-30T19:55:30.913Z,2026-08-30T21:59:20.913Z,123.8,,simulation_historical
7658,55153,Colette,Delmas,Finance,CDI,Boxe,Boxe,2026-08-16,2026-08-16T03:54:30.913Z,2026-08-16T06:11:56.913Z,137.4,,simulation_historical
7659,55153,Colette,Delmas,Finance,CDI,Boxe,Boxe,2026-01-17,2026-01-17T09:41:30.913Z,2026-01-17T10:59:15.913Z,77.8,,simulation_historical
7660,55153,Colette,Delmas,Finance,CDI,Boxe,Boxe,2026-09-04,2026-09-04T18:17:30.913Z,2026-09-04T19:51:11.913Z,93.7,,simulation_historical
7661,55153,Colette,Delmas,Finance,CDI,Boxe,Boxe,2026-05-09,2026-05-09T19:33:30.913Z,2026-05-09T20:16:19.913Z,42.8,,simulation_historical
7662,55153,Colette,Delmas,Finance,CDI,Boxe,Boxe,2026-07-06,2026-07-06T13:27:30.913Z,2026-07-06T15:38:06.913Z,130.6,,simulation_historical
7663,55153,Colette,Delmas,Finance,CDI,Boxe,Boxe,2026-08-06,2026-08-06T05:49:30.913Z,2026-08-06T08:12:46.913Z,143.3,,simulation_historical
7664,55153,Colette,Delmas,Finance,CDI,Boxe,Boxe,2026-02-13,2026-02-13T23:31:30.913Z,2026-02-14T01:02:20.913Z,90.8,,simulation_historical
7665,55153,Colette,Delmas,Finance,CDI,Boxe,Boxe,2026-06-14,2026-06-14T14:39:30.913Z,2026-06-14T16:56:31.913Z,137.0,,simulation_historical
7666,55153,Colette,Delmas,Finance,CDI,Boxe,Boxe,2026-03-25,2026-03-25T06:34:30.913Z,2026-03-25T07:48:43.913Z,74.2,,simulation_historical
7667,55153,Colette,Delmas,Finance,CDI,Boxe,Boxe,2026-03-22,2026-03-22T02:14:30.913Z,2026-03-22T04:44:20.913Z,149.8,,simulation_historical
7668,55153,Colette,Delmas,Finance,CDI,Boxe,Boxe,2025-12-15,2025-12-15T16:54:30.913Z,2025-12-15T17:58:22.913Z,63.9,,simulation_historical
7669,55153,Colette,Delmas,Finance,CDI,Boxe,Boxe,2025-09-25,2025-09-25T02:22:30.913Z,2025-09-25T05:18:14.913Z,175.7,,simulation_historical
7670,55153,Colette,Delmas,Finance,CDI,Boxe,Boxe,2026-03-01,2026-03-01T15:09:30.913Z,2026-03-01T16:23:43.913Z,74.2,,simulation_historical
7671,55153,Colette,Delmas,Finance,CDI,Boxe,Boxe,2026-08-07,2026-08-07T16:02:30.913Z,2026-08-07T19:00:27.913Z,178.0,,simulation_historical
7672,55153,Colette,Delmas,Finance,CDI,Boxe,Boxe,2025-11-05,2025-11-05T11:24:30.913Z,2025-11-05T13:10:55.913Z,106.4,,simulation_historical
7673,55153,Colette,Delmas,Finance,CDI,Boxe,Boxe,2026-09-09,2026-09-09T10:47:30.913Z,2026-09-09T13:12:44.913Z,145.2,,simulation_historical
7674,55153,Colette,Delmas,Finance,CDI,Boxe,Boxe,2026-07-02,2026-07-02T23:49:30.913Z,2026-07-03T01:35:54.913Z,106.4,,simulation_historical
7675,55153,Colette,Delmas,Finance,CDI,Boxe,Boxe,2026-07-19,2026-07-19T18:18:30.913Z,2026-07-19T19:50:15.913Z,91.8,,simulation_historical
7676,55153,Colette,Delmas,Finance,CDI,Boxe,Boxe,2025-12-23,2025-12-23T16:44:30.913Z,2025-12-23T19:07:31.913Z,143.0,,simulation_historical
7677,55153,Colette,Delmas,Finance,CDI,Boxe,Boxe,2026-07-13,2026-07-13T19:16:30.913Z,2026-07-13T22:14:26.913Z,177.9,,simulation_historical
7678,55153,Colette,Delmas,Finance,CDI,Boxe,Boxe,2026-07-29,2026-07-29T14:31:30.913Z,2026-07-29T15:42:44.913Z,71.2,,simulation_historical
7679,55153,Colette,Delmas,Finance,CDI,Boxe,Boxe,2026-02-12,2026-02-12T17:10:30.913Z,2026-02-12T18:15:51.913Z,65.4,,simulation_historical
7680,55153,Colette,Delmas,Finance,CDI,Boxe,Boxe,2025-11-13,2025-11-13T03:31:30.913Z,2025-11-13T05:26:33.913Z,115.1,,simulation_historical
7681,55153,Colette,Delmas,Finance,CDI,Boxe,Boxe,2026-06-01,2026-06-01T09:01:30.913Z,2026-06-01T11:59:00.913Z,177.5,,simulation_historical
7682,55153,Colette,Delmas,Finance,CDI,Boxe,Boxe,2026-09-09,2026-09-09T03:52:30.913Z,2026-09-09T05:51:50.913Z,119.3,,simulation_historical
7683,55153,Colette,Delmas,Finance,CDI,Boxe,Boxe,2026-09-08,2026-09-08T05:47:30.913Z,2026-09-08T07:31:19.913Z,103.8,,simulation_historical
7684,55153,Colette,Delmas,Finance,CDI,Boxe,Boxe,2026-01-02,2026-01-02T12:00:30.913Z,2026-01-02T14:36:47.913Z,156.3,,simulation_historical
7685,55153,Colette,Delmas,Finance,CDI,Boxe,Boxe,2025-10-19,2025-10-19T01:18:30.913Z,2025-10-19T03:30:33.913Z,132.1,,simulation_historical
7686,55153,Colette,Delmas,Finance,CDI,Boxe,Boxe,2026-03-20,2026-03-20T03:51:30.913Z,2026-03-20T06:39:37.913Z,168.1,,simulation_historical
7687,55153,Colette,Delmas,Finance,CDI,Boxe,Boxe,2026-02-09,2026-02-09T22:56:30.913Z,2026-02-10T00:48:12.913Z,111.7,,simulation_historical
7688,55153,Colette,Delmas,Finance,CDI,Boxe,Boxe,2026-07-20,2026-07-20T10:15:30.913Z,2026-07-20T12:32:28.913Z,137.0,,simulation_historical
7689,55153,Colette,Delmas,Finance,CDI,Boxe,Boxe,2026-03-09,2026-03-09T10:09:30.913Z,2026-03-09T11:13:54.913Z,64.4,,simulation_historical
7690,55153,Colette,Delmas,Finance,CDI,Boxe,Boxe,2025-12-13,2025-12-13T02:20:30.913Z,2025-12-13T03:58:19.913Z,97.8,,simulation_historical
7691,55153,Colette,Delmas,Finance,CDI,Boxe,Boxe,2025-10-13,2025-10-13T17:01:30.913Z,2025-10-13T19:20:57.913Z,139.5,,simulation_historical
7692,55153,Colette,Delmas,Finance,CDI,Boxe,Boxe,2025-10-27,2025-10-27T06:00:30.913Z,2025-10-27T06:47:35.913Z,47.1,,simulation_historical
7693,55153,Colette,Delmas,Finance,CDI,Boxe,Boxe,2026-08-03,2026-08-03T12:39:30.913Z,2026-08-03T13:03:59.913Z,24.5,,simulation_historical
7694,55153,Colette,Delmas,Finance,CDI,Boxe,Boxe,2025-11-05,2025-11-05T02:38:30.913Z,2025-11-05T05:14:03.913Z,155.6,,simulation_historical
7695,55153,Colette,Delmas,Finance,CDI,Boxe,Boxe,2025-10-31,2025-10-31T22:38:30.913Z,2025-11-01T00:59:46.913Z,141.3,,simulation_historical
7696,55153,Colette,Delmas,Finance,CDI,Boxe,Boxe,2026-01-01,2026-01-01T20:53:30.913Z,2026-01-01T21:22:24.913Z,28.9,,simulation_historical
7697,55153,Colette,Delmas,Finance,CDI,Boxe,Boxe,2025-10-10,2025-10-10T05:50:30.913Z,2025-10-10T08:05:21.913Z,134.9,,simulation_historical
7698,56263,William,Hernandez,Support,CDI,Boxe,Boxe,2026-05-25,2026-05-25T01:09:30.913Z,2026-05-25T03:13:33.913Z,124.1,,simulation_historical
7699,56263,William,Hernandez,Support,CDI,Boxe,Boxe,2026-07-20,2026-07-20T08:50:30.913Z,2026-07-20T11:18:43.913Z,148.2,,simulation_historical
7700,56263,William,Hernandez,Support,CDI,Boxe,Boxe,2026-07-15,2026-07-15T03:54:30.913Z,2026-07-15T06:21:11.913Z,146.7,,simulation_historical
7701,56263,William,Hernandez,Support,CDI,Boxe,Boxe,2026-02-16,2026-02-16T18:59:30.913Z,2026-02-16T21:07:34.913Z,128.1,,simulation_historical
7702,56263,William,Hernandez,Support,CDI,Boxe,Boxe,2026-09-13,2026-09-13T03:54:30.913Z,2026-09-13T05:15:38.913Z,81.1,,simulation_historical
7703,56263,William,Hernandez,Support,CDI,Boxe,Boxe,2025-12-31,2025-12-31T06:27:30.913Z,2025-12-31T07:59:43.913Z,92.2,,simulation_historical
7704,56263,William,Hernandez,Support,CDI,Boxe,Boxe,2026-04-12,2026-04-12T02:01:30.913Z,2026-04-12T03:27:27.913Z,86.0,,simulation_historical
7705,56263,William,Hernandez,Support,CDI,Boxe,Boxe,2026-09-14,2026-09-14T02:42:30.913Z,2026-09-14T03:06:44.913Z,24.2,,simulation_historical
7706,56263,William,Hernandez,Support,CDI,Boxe,Boxe,2026-09-03,2026-09-03T10:54:30.913Z,2026-09-03T12:56:44.913Z,122.2,,simulation_historical
7707,56263,William,Hernandez,Support,CDI,Boxe,Boxe,2025-12-24,2025-12-24T16:06:30.913Z,2025-12-24T17:53:11.913Z,106.7,,simulation_historical
7708,56263,William,Hernandez,Support,CDI,Boxe,Boxe,2026-03-29,2026-03-29T10:08:30.913Z,2026-03-29T12:25:55.913Z,137.4,,simulation_historical
7709,56263,William,Hernandez,Support,CDI,Boxe,Boxe,2026-05-15,2026-05-15T22:19:30.913Z,2026-05-15T23:32:06.913Z,72.6,,simulation_historical
7710,56263,William,Hernandez,Support,CDI,Boxe,Boxe,2025-11-04,2025-11-04T19:19:30.913Z,2025-11-04T19:53:35.913Z,34.1,,simulation_historical
7711,56263,William,Hernandez,Support,CDI,Boxe,Boxe,2025-11-25,2025-11-25T02:36:30.913Z,2025-11-25T04:43:06.913Z,126.6,,simulation_historical
7712,56263,William,Hernandez,Support,CDI,Boxe,Boxe,2026-06-20,2026-06-20T02:47:30.913Z,2026-06-20T04:34:22.913Z,106.9,,simulation_historical
7713,56263,William,Hernandez,Support,CDI,Boxe,Boxe,2025-12-26,2025-12-26T10:17:30.913Z,2025-12-26T11:40:34.913Z,83.1,,simulation_historical
7714,56263,William,Hernandez,Support,CDI,Boxe,Boxe,2026-07-27,2026-07-27T16:53:30.913Z,2026-07-27T17:47:59.913Z,54.5,,simulation_historical
7715,56263,William,Hernandez,Support,CDI,Boxe,Boxe,2026-01-01,2026-01-01T12:04:30.913Z,2026-01-01T15:02:02.913Z,177.5,,simulation_historical
7716,56482,Michelle,Dumont,Ventes,CDI,Tennis,Tennis,2026-02-27,2026-02-27T18:46:30.913Z,2026-02-27T20:17:33.913Z,91.1,,simulation_historical
7717,56482,Michelle,Dumont,Ventes,CDI,Tennis,Tennis,2025-12-07,2025-12-07T10:24:30.913Z,2025-12-07T11:40:08.913Z,75.6,,simulation_historical
7718,56482,Michelle,Dumont,Ventes,CDI,Tennis,Tennis,2026-07-31,2026-07-31T13:43:30.913Z,2026-07-31T16:02:56.913Z,139.4,,simulation_historical
7719,56482,Michelle,Dumont,Ventes,CDI,Tennis,Tennis,2026-09-10,2026-09-10T18:55:30.913Z,2026-09-10T19:57:17.913Z,61.8,,simulation_historical
7720,56482,Michelle,Dumont,Ventes,CDI,Tennis,Tennis,2026-09-01,2026-09-01T19:59:30.913Z,2026-09-01T22:47:57.913Z,168.5,,simulation_historical
7721,56482,Michelle,Dumont,Ventes,CDI,Tennis,Tennis,2026-08-06,2026-08-06T21:20:30.913Z,2026-08-06T21:47:24.913Z,26.9,,simulation_historical
7722,56482,Michelle,Dumont,Ventes,CDI,Tennis,Tennis,2026-07-12,2026-07-12T01:04:30.913Z,2026-07-12T03:02:17.913Z,117.8,,simulation_historical
7723,56482,Michelle,Dumont,Ventes,CDI,Tennis,Tennis,2026-06-13,2026-06-13T08:03:30.913Z,2026-06-13T09:24:03.913Z,80.6,,simulation_historical
7724,56482,Michelle,Dumont,Ventes,CDI,Tennis,Tennis,2026-04-17,2026-04-17T09:10:30.913Z,2026-04-17T10:37:28.913Z,87.0,,simulation_historical
7725,56482,Michelle,Dumont,Ventes,CDI,Tennis,Tennis,2026-03-07,2026-03-07T07:02:30.913Z,2026-03-07T07:36:37.913Z,34.1,,simulation_historical
7726,56482,Michelle,Dumont,Ventes,CDI,Tennis,Tennis,2026-04-29,2026-04-29T12:45:30.913Z,2026-04-29T13:44:45.913Z,59.3,,simulation_historical
7727,56482,Michelle,Dumont,Ventes,CDI,Tennis,Tennis,2025-10-30,2025-10-30T15:04:30.913Z,2025-10-30T18:02:42.913Z,178.2,,simulation_historical
7728,56482,Michelle,Dumont,Ventes,CDI,Tennis,Tennis,2026-07-26,2026-07-26T12:15:30.913Z,2026-07-26T13:09:00.913Z,53.5,,simulation_historical
7729,56482,Michelle,Dumont,Ventes,CDI,Tennis,Tennis,2026-07-24,2026-07-24T11:26:30.913Z,2026-07-24T12:58:02.913Z,91.5,,simulation_historical
7730,56482,Michelle,Dumont,Ventes,CDI,Tennis,Tennis,2026-06-16,2026-06-16T13:40:30.913Z,2026-06-16T16:15:27.913Z,155.0,,simulation_historical
7731,56482,Michelle,Dumont,Ventes,CDI,Tennis,Tennis,2026-03-15,2026-03-15T09:19:30.913Z,2026-03-15T10:06:59.913Z,47.5,,simulation_historical
7732,56482,Michelle,Dumont,Ventes,CDI,Tennis,Tennis,2026-01-08,2026-01-08T15:18:30.913Z,2026-01-08T15:58:35.913Z,40.1,,simulation_historical
7733,56482,Michelle,Dumont,Ventes,CDI,Tennis,Tennis,2026-01-09,2026-01-09T19:40:30.913Z,2026-01-09T20:57:55.913Z,77.4,,simulation_historical
7734,56482,Michelle,Dumont,Ventes,CDI,Tennis,Tennis,2025-09-30,2025-09-30T02:20:30.913Z,2025-09-30T04:06:07.913Z,105.6,,simulation_historical
7735,56482,Michelle,Dumont,Ventes,CDI,Tennis,Tennis,2025-10-27,2025-10-27T00:53:30.913Z,2025-10-27T01:57:29.913Z,64.0,,simulation_historical
7736,56482,Michelle,Dumont,Ventes,CDI,Tennis,Tennis,2026-06-16,2026-06-16T06:44:30.913Z,2026-06-16T07:53:17.913Z,68.8,,simulation_historical
7737,56482,Michelle,Dumont,Ventes,CDI,Tennis,Tennis,2025-10-13,2025-10-13T21:04:30.913Z,2025-10-13T21:33:05.913Z,28.6,,simulation_historical
7738,56482,Michelle,Dumont,Ventes,CDI,Tennis,Tennis,2026-07-18,2026-07-18T05:22:30.913Z,2026-07-18T07:54:38.913Z,152.1,,simulation_historical
7739,56482,Michelle,Dumont,Ventes,CDI,Tennis,Tennis,2025-11-05,2025-11-05T20:10:30.913Z,2025-11-05T20:31:52.913Z,21.4,,simulation_historical
7740,56482,Michelle,Dumont,Ventes,CDI,Tennis,Tennis,2026-06-26,2026-06-26T22:57:30.913Z,2026-06-27T00:26:59.913Z,89.5,,simulation_historical
7741,56482,Michelle,Dumont,Ventes,CDI,Tennis,Tennis,2026-07-16,2026-07-16T09:06:30.913Z,2026-07-16T09:34:34.913Z,28.1,,simulation_historical
7742,56482,Michelle,Dumont,Ventes,CDI,Tennis,Tennis,2025-12-16,2025-12-16T15:11:30.913Z,2025-12-16T17:51:14.913Z,159.7,,simulation_historical
7743,56482,Michelle,Dumont,Ventes,CDI,Tennis,Tennis,2026-06-30,2026-06-30T08:49:30.913Z,2026-06-30T10:49:08.913Z,119.6,,simulation_historical
7744,56482,Michelle,Dumont,Ventes,CDI,Tennis,Tennis,2026-07-20,2026-07-20T09:43:30.913Z,2026-07-20T11:32:56.913Z,109.4,,simulation_historical
7745,56482,Michelle,Dumont,Ventes,CDI,Tennis,Tennis,2026-07-08,2026-07-08T08:39:30.913Z,2026-07-08T09:34:03.913Z,54.6,,simulation_historical
7746,56482,Michelle,Dumont,Ventes,CDI,Tennis,Tennis,2026-05-02,2026-05-02T07:14:30.913Z,2026-05-02T08:28:54.913Z,74.4,,simulation_historical
7747,56482,Michelle,Dumont,Ventes,CDI,Tennis,Tennis,2026-07-31,2026-07-31T03:59:30.913Z,2026-07-31T06:50:05.913Z,170.6,,simulation_historical
7748,56482,Michelle,Dumont,Ventes,CDI,Tennis,Tennis,2025-10-18,2025-10-18T06:15:30.913Z,2025-10-18T08:50:53.913Z,155.4,,simulation_historical
7749,56482,Michelle,Dumont,Ventes,CDI,Tennis,Tennis,2026-02-04,2026-02-04T23:19:30.913Z,2026-02-05T00:32:13.913Z,72.7,,simulation_historical
7750,56482,Michelle,Dumont,Ventes,CDI,Tennis,Tennis,2026-05-11,2026-05-11T10:32:30.913Z,2026-05-11T12:09:15.913Z,96.8,,simulation_historical
7751,56482,Michelle,Dumont,Ventes,CDI,Tennis,Tennis,2026-02-27,2026-02-27T12:07:30.913Z,2026-02-27T13:52:35.913Z,105.1,,simulation_historical
7752,56482,Michelle,Dumont,Ventes,CDI,Tennis,Tennis,2026-06-24,2026-06-24T08:58:30.913Z,2026-06-24T11:31:42.913Z,153.2,,simulation_historical
7753,56482,Michelle,Dumont,Ventes,CDI,Tennis,Tennis,2026-02-07,2026-02-07T01:17:30.913Z,2026-02-07T02:51:41.913Z,94.2,,simulation_historical
7754,56482,Michelle,Dumont,Ventes,CDI,Tennis,Tennis,2026-04-05,2026-04-05T20:38:30.913Z,2026-04-05T22:43:05.913Z,124.6,,simulation_historical
7755,56482,Michelle,Dumont,Ventes,CDI,Tennis,Tennis,2026-02-09,2026-02-09T09:08:30.913Z,2026-02-09T11:04:52.913Z,116.4,,simulation_historical
7756,56482,Michelle,Dumont,Ventes,CDI,Tennis,Tennis,2026-03-08,2026-03-08T18:52:30.913Z,2026-03-08T19:30:02.913Z,37.5,,simulation_historical
7757,56482,Michelle,Dumont,Ventes,CDI,Tennis,Tennis,2026-01-29,2026-01-29T09:48:30.913Z,2026-01-29T10:17:43.913Z,29.2,,simulation_historical
7758,56482,Michelle,Dumont,Ventes,CDI,Tennis,Tennis,2025-12-29,2025-12-29T07:07:30.913Z,2025-12-29T09:19:24.913Z,131.9,,simulation_historical
7759,56482,Michelle,Dumont,Ventes,CDI,Tennis,Tennis,2026-04-18,2026-04-18T19:52:30.913Z,2026-04-18T22:37:21.913Z,164.9,,simulation_historical
7760,56482,Michelle,Dumont,Ventes,CDI,Tennis,Tennis,2026-03-20,2026-03-20T03:43:30.913Z,2026-03-20T04:34:48.913Z,51.3,,simulation_historical
7761,56482,Michelle,Dumont,Ventes,CDI,Tennis,Tennis,2026-06-16,2026-06-16T05:17:30.913Z,2026-06-16T06:28:16.913Z,70.8,,simulation_historical
7762,56482,Michelle,Dumont,Ventes,CDI,Tennis,Tennis,2026-03-17,2026-03-17T08:40:30.913Z,2026-03-17T09:59:15.913Z,78.8,,simulation_historical
7763,56482,Michelle,Dumont,Ventes,CDI,Tennis,Tennis,2025-10-15,2025-10-15T04:21:30.913Z,2025-10-15T05:21:06.913Z,59.6,,simulation_historical
7764,56482,Michelle,Dumont,Ventes,CDI,Tennis,Tennis,2026-04-09,2026-04-09T12:44:30.913Z,2026-04-09T14:31:29.913Z,107.0,,simulation_historical
7765,56482,Michelle,Dumont,Ventes,CDI,Tennis,Tennis,2025-09-29,2025-09-29T14:59:30.913Z,2025-09-29T16:49:18.913Z,109.8,,simulation_historical
7766,56482,Michelle,Dumont,Ventes,CDI,Tennis,Tennis,2026-05-30,2026-05-30T01:08:30.913Z,2026-05-30T02:56:18.913Z,107.8,,simulation_historical
7767,56482,Michelle,Dumont,Ventes,CDI,Tennis,Tennis,2026-05-19,2026-05-19T22:40:30.913Z,2026-05-20T00:45:47.913Z,125.3,,simulation_historical
7768,56482,Michelle,Dumont,Ventes,CDI,Tennis,Tennis,2026-04-23,2026-04-23T20:31:30.913Z,2026-04-23T23:15:28.913Z,164.0,,simulation_historical
7769,56482,Michelle,Dumont,Ventes,CDI,Tennis,Tennis,2026-05-28,2026-05-28T12:09:30.913Z,2026-05-28T13:45:25.913Z,95.9,,simulation_historical
7770,56482,Michelle,Dumont,Ventes,CDI,Tennis,Tennis,2025-11-08,2025-11-08T18:40:30.913Z,2025-11-08T21:37:13.913Z,176.7,,simulation_historical
7771,56530,Francis,Morin,Ventes,CDI,Running,Runing,2026-02-12,2026-02-12T17:56:30.913Z,2026-02-12T20:15:20.913Z,138.8,11.41,simulation_historical
7772,56530,Francis,Morin,Ventes,CDI,Running,Runing,2026-04-06,2026-04-06T09:32:30.913Z,2026-04-06T10:06:03.913Z,33.6,27.3,simulation_historical
7773,56530,Francis,Morin,Ventes,CDI,Running,Runing,2026-01-07,2026-01-07T00:42:30.913Z,2026-01-07T02:17:26.913Z,94.9,14.8,simulation_historical
7774,56530,Francis,Morin,Ventes,CDI,Running,Runing,2026-07-17,2026-07-17T12:16:30.913Z,2026-07-17T13:23:13.913Z,66.7,20.71,simulation_historical
7775,56530,Francis,Morin,Ventes,CDI,Running,Runing,2026-04-01,2026-04-01T21:20:30.913Z,2026-04-01T22:45:03.913Z,84.6,19.89,simulation_historical
7776,56530,Francis,Morin,Ventes,CDI,Running,Runing,2026-09-06,2026-09-06T06:43:30.913Z,2026-09-06T09:40:43.913Z,177.2,1.15,simulation_historical
7777,56530,Francis,Morin,Ventes,CDI,Running,Runing,2026-01-23,2026-01-23T06:36:30.913Z,2026-01-23T08:46:29.913Z,130.0,2.21,simulation_historical
7778,56530,Francis,Morin,Ventes,CDI,Running,Runing,2025-12-16,2025-12-16T23:42:30.913Z,2025-12-17T01:34:37.913Z,112.1,22.13,simulation_historical
7779,56530,Francis,Morin,Ventes,CDI,Running,Runing,2026-09-08,2026-09-08T13:14:30.913Z,2026-09-08T14:00:28.913Z,46.0,28.19,simulation_historical
7780,56530,Francis,Morin,Ventes,CDI,Running,Runing,2026-02-15,2026-02-15T16:25:30.913Z,2026-02-15T18:00:30.913Z,95.0,11.39,simulation_historical
7781,56530,Francis,Morin,Ventes,CDI,Running,Runing,2026-03-23,2026-03-23T03:39:30.913Z,2026-03-23T06:31:26.913Z,171.9,26.38,simulation_historical
7782,56530,Francis,Morin,Ventes,CDI,Running,Runing,2026-04-09,2026-04-09T00:05:30.913Z,2026-04-09T00:38:21.913Z,32.9,13.89,simulation_historical
7783,56530,Francis,Morin,Ventes,CDI,Running,Runing,2026-04-16,2026-04-16T17:15:30.913Z,2026-04-16T19:50:12.913Z,154.7,28.81,simulation_historical
7784,56530,Francis,Morin,Ventes,CDI,Running,Runing,2025-10-23,2025-10-23T11:51:30.913Z,2025-10-23T13:53:36.913Z,122.1,21.25,simulation_historical
7785,56530,Francis,Morin,Ventes,CDI,Running,Runing,2026-07-26,2026-07-26T15:30:30.913Z,2026-07-26T16:03:33.913Z,33.1,28.05,simulation_historical
7786,56530,Francis,Morin,Ventes,CDI,Running,Runing,2026-09-11,2026-09-11T11:38:30.913Z,2026-09-11T13:26:39.913Z,108.2,29.23,simulation_historical
7787,56530,Francis,Morin,Ventes,CDI,Running,Runing,2025-09-28,2025-09-28T16:17:30.913Z,2025-09-28T17:39:18.913Z,81.8,6.58,simulation_historical
7788,56530,Francis,Morin,Ventes,CDI,Running,Runing,2026-08-02,2026-08-02T08:58:30.913Z,2026-08-02T10:59:13.913Z,120.7,27.74,simulation_historical
7789,56530,Francis,Morin,Ventes,CDI,Running,Runing,2025-12-15,2025-12-15T14:45:30.913Z,2025-12-15T15:19:50.913Z,34.3,9.51,simulation_historical
7790,56530,Francis,Morin,Ventes,CDI,Running,Runing,2026-08-25,2026-08-25T12:41:30.913Z,2026-08-25T14:24:35.913Z,103.1,3.46,simulation_historical
7791,56530,Francis,Morin,Ventes,CDI,Running,Runing,2026-05-04,2026-05-04T05:00:30.913Z,2026-05-04T07:04:08.913Z,123.6,9.84,simulation_historical
7792,56530,Francis,Morin,Ventes,CDI,Running,Runing,2025-09-24,2025-09-24T09:45:30.913Z,2025-09-24T10:43:07.913Z,57.6,20.12,simulation_historical
7793,56530,Francis,Morin,Ventes,CDI,Running,Runing,2026-01-24,2026-01-24T12:36:30.913Z,2026-01-24T14:23:41.913Z,107.2,29.24,simulation_historical
7794,56530,Francis,Morin,Ventes,CDI,Running,Runing,2026-07-02,2026-07-02T20:48:30.913Z,2026-07-02T23:01:21.913Z,132.9,21.87,simulation_historical
7795,56530,Francis,Morin,Ventes,CDI,Running,Runing,2026-01-30,2026-01-30T18:37:30.913Z,2026-01-30T21:19:58.913Z,162.5,18.29,simulation_historical
7796,56530,Francis,Morin,Ventes,CDI,Running,Runing,2026-05-15,2026-05-15T21:14:30.913Z,2026-05-15T23:48:19.913Z,153.8,10.19,simulation_historical
7797,56530,Francis,Morin,Ventes,CDI,Running,Runing,2026-04-04,2026-04-04T16:14:30.913Z,2026-04-04T17:36:10.913Z,81.7,4.01,simulation_historical
7798,56530,Francis,Morin,Ventes,CDI,Running,Runing,2026-05-04,2026-05-04T05:59:30.913Z,2026-05-04T06:42:06.913Z,42.6,12.57,simulation_historical
7799,56530,Francis,Morin,Ventes,CDI,Running,Runing,2025-12-05,2025-12-05T08:02:30.913Z,2025-12-05T09:18:43.913Z,76.2,23.77,simulation_historical
7800,56530,Francis,Morin,Ventes,CDI,Running,Runing,2026-08-08,2026-08-08T13:13:30.913Z,2026-08-08T13:49:57.913Z,36.5,7.96,simulation_historical
7801,56530,Francis,Morin,Ventes,CDI,Running,Runing,2026-09-09,2026-09-09T18:31:30.913Z,2026-09-09T20:59:20.913Z,147.8,27.82,simulation_historical
7802,56530,Francis,Morin,Ventes,CDI,Running,Runing,2026-03-03,2026-03-03T09:13:30.913Z,2026-03-03T10:02:02.913Z,48.5,12.16,simulation_historical
7803,56530,Francis,Morin,Ventes,CDI,Running,Runing,2026-06-01,2026-06-01T20:56:30.913Z,2026-06-01T23:40:34.913Z,164.1,17.84,simulation_historical
7804,56530,Francis,Morin,Ventes,CDI,Running,Runing,2026-04-09,2026-04-09T05:59:30.913Z,2026-04-09T08:23:28.913Z,144.0,22.47,simulation_historical
7805,56530,Francis,Morin,Ventes,CDI,Running,Runing,2026-06-29,2026-06-29T23:38:30.913Z,2026-06-30T00:34:00.913Z,55.5,8.17,simulation_historical
7806,56530,Francis,Morin,Ventes,CDI,Running,Runing,2026-03-14,2026-03-14T03:16:30.913Z,2026-03-14T05:56:42.913Z,160.2,7.65,simulation_historical
7807,56530,Francis,Morin,Ventes,CDI,Running,Runing,2026-02-24,2026-02-24T09:40:30.913Z,2026-02-24T11:16:22.913Z,95.9,14.86,simulation_historical
7808,56530,Francis,Morin,Ventes,CDI,Running,Runing,2026-06-23,2026-06-23T18:25:30.913Z,2026-06-23T21:23:07.913Z,177.6,22.25,simulation_historical
7809,56530,Francis,Morin,Ventes,CDI,Running,Runing,2026-07-26,2026-07-26T11:15:30.913Z,2026-07-26T12:04:45.913Z,49.3,25.41,simulation_historical
7810,56530,Francis,Morin,Ventes,CDI,Running,Runing,2026-07-22,2026-07-22T08:43:30.913Z,2026-07-22T11:09:20.913Z,145.8,7.13,simulation_historical
7811,56530,Francis,Morin,Ventes,CDI,Running,Runing,2026-05-03,2026-05-03T15:14:30.913Z,2026-05-03T17:59:28.913Z,165.0,15.83,simulation_historical
7812,56530,Francis,Morin,Ventes,CDI,Running,Runing,2026-03-20,2026-03-20T07:37:30.913Z,2026-03-20T10:27:46.913Z,170.3,3.75,simulation_historical
7813,56530,Francis,Morin,Ventes,CDI,Running,Runing,2026-03-19,2026-03-19T02:31:30.913Z,2026-03-19T03:32:37.913Z,61.1,14.01,simulation_historical
7814,56530,Francis,Morin,Ventes,CDI,Running,Runing,2026-01-02,2026-01-02T02:12:30.913Z,2026-01-02T04:03:37.913Z,111.1,2.74,simulation_historical
7815,56530,Francis,Morin,Ventes,CDI,Running,Runing,2026-02-03,2026-02-03T07:21:30.913Z,2026-02-03T08:08:12.913Z,46.7,2.61,simulation_historical
7816,56530,Francis,Morin,Ventes,CDI,Running,Runing,2025-10-19,2025-10-19T02:58:30.913Z,2025-10-19T05:13:53.913Z,135.4,7.35,simulation_historical
7817,56632,Claire,Evrard,Finance,CDI,Voile,Voile,2026-06-12,2026-06-12T03:33:30.913Z,2026-06-12T05:08:50.913Z,95.3,,simulation_historical
7818,56632,Claire,Evrard,Finance,CDI,Voile,Voile,2025-12-18,2025-12-18T20:13:30.913Z,2025-12-18T22:55:07.913Z,161.6,,simulation_historical
7819,56632,Claire,Evrard,Finance,CDI,Voile,Voile,2026-02-07,2026-02-07T12:01:30.913Z,2026-02-07T12:35:07.913Z,33.6,,simulation_historical
7820,56632,Claire,Evrard,Finance,CDI,Voile,Voile,2025-10-21,2025-10-21T08:37:30.913Z,2025-10-21T09:57:27.913Z,80.0,,simulation_historical
7821,56632,Claire,Evrard,Finance,CDI,Voile,Voile,2026-07-20,2026-07-20T13:47:30.913Z,2026-07-20T14:17:14.913Z,29.7,,simulation_historical
7822,56632,Claire,Evrard,Finance,CDI,Voile,Voile,2025-11-26,2025-11-26T07:29:30.913Z,2025-11-26T08:07:28.913Z,38.0,,simulation_historical
7823,56632,Claire,Evrard,Finance,CDI,Voile,Voile,2025-12-18,2025-12-18T12:27:30.913Z,2025-12-18T13:49:20.913Z,81.8,,simulation_historical
7824,56632,Claire,Evrard,Finance,CDI,Voile,Voile,2025-11-02,2025-11-02T16:59:30.913Z,2025-11-02T19:09:58.913Z,130.5,,simulation_historical
7825,56632,Claire,Evrard,Finance,CDI,Voile,Voile,2026-02-28,2026-02-28T03:38:30.913Z,2026-02-28T04:58:32.913Z,80.0,,simulation_historical
7826,56632,Claire,Evrard,Finance,CDI,Voile,Voile,2025-09-27,2025-09-27T07:13:30.913Z,2025-09-27T08:29:40.913Z,76.2,,simulation_historical
7827,56632,Claire,Evrard,Finance,CDI,Voile,Voile,2026-06-21,2026-06-21T09:22:30.913Z,2026-06-21T11:01:08.913Z,98.6,,simulation_historical
7828,56632,Claire,Evrard,Finance,CDI,Voile,Voile,2025-09-19,2025-09-19T20:26:30.913Z,2025-09-19T20:47:20.913Z,20.8,,simulation_historical
7829,56632,Claire,Evrard,Finance,CDI,Voile,Voile,2026-07-30,2026-07-30T10:12:30.913Z,2026-07-30T12:42:41.913Z,150.2,,simulation_historical
7830,56632,Claire,Evrard,Finance,CDI,Voile,Voile,2026-04-12,2026-04-12T17:29:30.913Z,2026-04-12T18:35:59.913Z,66.5,,simulation_historical
7831,56632,Claire,Evrard,Finance,CDI,Voile,Voile,2026-04-07,2026-04-07T18:40:30.913Z,2026-04-07T19:46:00.913Z,65.5,,simulation_historical
7832,56632,Claire,Evrard,Finance,CDI,Voile,Voile,2026-06-13,2026-06-13T04:47:30.913Z,2026-06-13T07:11:48.913Z,144.3,,simulation_historical
7833,56632,Claire,Evrard,Finance,CDI,Voile,Voile,2026-07-06,2026-07-06T15:02:30.913Z,2026-07-06T17:32:05.913Z,149.6,,simulation_historical
7834,56632,Claire,Evrard,Finance,CDI,Voile,Voile,2026-02-09,2026-02-09T05:43:30.913Z,2026-02-09T06:51:58.913Z,68.5,,simulation_historical
7835,56632,Claire,Evrard,Finance,CDI,Voile,Voile,2026-05-04,2026-05-04T13:34:30.913Z,2026-05-04T13:57:09.913Z,22.7,,simulation_historical
7836,56632,Claire,Evrard,Finance,CDI,Voile,Voile,2025-11-16,2025-11-16T04:14:30.913Z,2025-11-16T07:13:44.913Z,179.2,,simulation_historical
7837,56632,Claire,Evrard,Finance,CDI,Voile,Voile,2026-09-15,2026-09-15T23:49:30.913Z,2026-09-16T01:17:05.913Z,87.6,,simulation_historical
7838,56632,Claire,Evrard,Finance,CDI,Voile,Voile,2026-01-18,2026-01-18T12:42:30.913Z,2026-01-18T13:07:14.913Z,24.7,,simulation_historical
7839,56632,Claire,Evrard,Finance,CDI,Voile,Voile,2025-11-29,2025-11-29T18:26:30.913Z,2025-11-29T19:48:50.913Z,82.3,,simulation_historical
7840,57202,Louis,Martel,R&D,CDI,Marche,,2026-01-02,2026-01-02T09:56:30.913Z,2026-01-02T10:56:31.913Z,60.0,13.7,simulation_historical
7841,57202,Louis,Martel,R&D,CDI,Marche,,2026-07-30,2026-07-30T12:25:30.913Z,2026-07-30T14:17:09.913Z,111.7,8.42,simulation_historical
7842,57202,Louis,Martel,R&D,CDI,Marche,,2026-01-07,2026-01-07T16:22:30.913Z,2026-01-07T19:11:30.913Z,169.0,5.22,simulation_historical
7843,57202,Louis,Martel,R&D,CDI,Marche,,2025-10-12,2025-10-12T00:28:30.913Z,2025-10-12T02:27:58.913Z,119.5,8.52,simulation_historical
7844,57202,Louis,Martel,R&D,CDI,Marche,,2026-09-10,2026-09-10T04:25:30.913Z,2026-09-10T06:16:37.913Z,111.1,9.48,simulation_historical
7845,57202,Louis,Martel,R&D,CDI,Marche,,2025-10-11,2025-10-11T20:14:30.913Z,2025-10-11T21:05:17.913Z,50.8,5.42,simulation_historical
7846,57202,Louis,Martel,R&D,CDI,Marche,,2025-09-29,2025-09-29T22:58:30.913Z,2025-09-29T23:24:09.913Z,25.7,3.42,simulation_historical
7847,57202,Louis,Martel,R&D,CDI,Marche,,2026-02-18,2026-02-18T08:02:30.913Z,2026-02-18T09:01:10.913Z,58.7,6.85,simulation_historical
7848,57202,Louis,Martel,R&D,CDI,Marche,,2026-01-05,2026-01-05T15:29:30.913Z,2026-01-05T18:27:13.913Z,177.7,13.14,simulation_historical
7849,57202,Louis,Martel,R&D,CDI,Marche,,2025-09-25,2025-09-25T02:21:30.913Z,2025-09-25T03:37:50.913Z,76.3,13.2,simulation_historical
7850,57202,Louis,Martel,R&D,CDI,Marche,,2026-08-02,2026-08-02T08:46:30.913Z,2026-08-02T10:49:39.913Z,123.2,11.47,simulation_historical
7851,57202,Louis,Martel,R&D,CDI,Marche,,2026-07-23,2026-07-23T06:48:30.913Z,2026-07-23T09:37:17.913Z,168.8,8.36,simulation_historical
7852,57202,Louis,Martel,R&D,CDI,Marche,,2025-12-21,2025-12-21T10:28:30.913Z,2025-12-21T12:23:45.913Z,115.3,6.43,simulation_historical
7853,57202,Louis,Martel,R&D,CDI,Marche,,2026-02-27,2026-02-27T21:18:30.913Z,2026-02-27T22:53:56.913Z,95.4,6.07,simulation_historical
7854,57202,Louis,Martel,R&D,CDI,Marche,,2026-06-11,2026-06-11T14:07:30.913Z,2026-06-11T16:49:30.913Z,162.0,12.5,simulation_historical
7855,57202,Louis,Martel,R&D,CDI,Marche,,2026-03-24,2026-03-24T20:37:30.913Z,2026-03-24T22:55:51.913Z,138.4,14.03,simulation_historical
7856,57202,Louis,Martel,R&D,CDI,Marche,,2026-01-26,2026-01-26T20:54:30.913Z,2026-01-26T22:49:15.913Z,114.8,5.73,simulation_historical
7857,57202,Louis,Martel,R&D,CDI,Marche,,2026-07-22,2026-07-22T15:13:30.913Z,2026-07-22T16:13:40.913Z,60.2,8.64,simulation_historical
7858,57202,Louis,Martel,R&D,CDI,Marche,,2025-10-03,2025-10-03T11:11:30.913Z,2025-10-03T12:50:37.913Z,99.1,11.22,simulation_historical
7859,57202,Louis,Martel,R&D,CDI,Marche,,2025-12-04,2025-12-04T18:34:30.913Z,2025-12-04T20:17:24.913Z,102.9,8.98,simulation_historical
7860,57202,Louis,Martel,R&D,CDI,Marche,,2026-04-22,2026-04-22T12:53:30.913Z,2026-04-22T14:33:58.913Z,100.5,1.26,simulation_historical
7861,57202,Louis,Martel,R&D,CDI,Marche,,2026-01-27,2026-01-27T14:31:30.913Z,2026-01-27T16:08:46.913Z,97.3,14.52,simulation_historical
7862,57202,Louis,Martel,R&D,CDI,Marche,,2025-11-17,2025-11-17T12:41:30.913Z,2025-11-17T15:14:51.913Z,153.4,6.01,simulation_historical
7863,57202,Louis,Martel,R&D,CDI,Marche,,2026-09-14,2026-09-14T02:22:30.913Z,2026-09-14T02:42:40.913Z,20.2,1.82,simulation_historical
7864,57202,Louis,Martel,R&D,CDI,Marche,,2026-05-11,2026-05-11T11:22:30.913Z,2026-05-11T12:59:51.913Z,97.4,13.87,simulation_historical
7865,57202,Louis,Martel,R&D,CDI,Marche,,2026-01-01,2026-01-01T17:55:30.913Z,2026-01-01T20:48:37.913Z,173.1,3.54,simulation_historical
7866,57202,Louis,Martel,R&D,CDI,Marche,,2026-08-02,2026-08-02T17:27:30.913Z,2026-08-02T18:26:27.913Z,59.0,13.01,simulation_historical
7867,57202,Louis,Martel,R&D,CDI,Marche,,2026-06-08,2026-06-08T02:07:30.913Z,2026-06-08T02:49:32.913Z,42.0,5.76,simulation_historical
7868,57202,Louis,Martel,R&D,CDI,Marche,,2026-05-27,2026-05-27T14:14:30.913Z,2026-05-27T16:11:20.913Z,116.8,5.08,simulation_historical
7869,57202,Louis,Martel,R&D,CDI,Marche,,2025-10-03,2025-10-03T19:20:30.913Z,2025-10-03T21:35:53.913Z,135.4,7.54,simulation_historical
7870,57202,Louis,Martel,R&D,CDI,Marche,,2026-07-28,2026-07-28T06:46:30.913Z,2026-07-28T08:28:58.913Z,102.5,10.78,simulation_historical
7871,57202,Louis,Martel,R&D,CDI,Marche,,2026-04-10,2026-04-10T10:08:30.913Z,2026-04-10T12:27:30.913Z,139.0,12.12,simulation_historical
7872,57202,Louis,Martel,R&D,CDI,Marche,,2026-04-03,2026-04-03T21:36:30.913Z,2026-04-03T22:50:58.913Z,74.5,5.1,simulation_historical
7873,57202,Louis,Martel,R&D,CDI,Marche,,2026-07-09,2026-07-09T02:09:30.913Z,2026-07-09T03:23:58.913Z,74.5,5.93,simulation_historical
7874,57202,Louis,Martel,R&D,CDI,Marche,,2026-04-13,2026-04-13T13:25:30.913Z,2026-04-13T16:20:14.913Z,174.7,11.29,simulation_historical
7875,57202,Louis,Martel,R&D,CDI,Marche,,2026-01-22,2026-01-22T22:33:30.913Z,2026-01-23T00:36:09.913Z,122.7,13.82,simulation_historical
7876,57202,Louis,Martel,R&D,CDI,Marche,,2026-02-05,2026-02-05T12:36:30.913Z,2026-02-05T15:20:17.913Z,163.8,8.24,simulation_historical
7877,57202,Louis,Martel,R&D,CDI,Marche,,2025-09-26,2025-09-26T05:12:30.913Z,2025-09-26T07:10:08.913Z,117.6,8.67,simulation_historical
7878,57589,Aurélie,Petitjean,Finance,CDI,Running,Runing,2026-02-10,2026-02-10T01:18:30.913Z,2026-02-10T03:30:31.913Z,132.0,16.12,simulation_historical
7879,57589,Aurélie,Petitjean,Finance,CDI,Running,Runing,2026-09-01,2026-09-01T22:43:30.913Z,2026-09-02T00:58:26.913Z,134.9,3.9,simulation_historical
7880,57589,Aurélie,Petitjean,Finance,CDI,Running,Runing,2026-07-06,2026-07-06T19:46:30.913Z,2026-07-06T21:29:04.913Z,102.6,26.78,simulation_historical
7881,57589,Aurélie,Petitjean,Finance,CDI,Running,Runing,2026-05-14,2026-05-14T21:12:30.913Z,2026-05-14T23:14:23.913Z,121.9,5.17,simulation_historical
7882,57589,Aurélie,Petitjean,Finance,CDI,Running,Runing,2025-11-02,2025-11-02T21:47:30.913Z,2025-11-03T00:41:56.913Z,174.4,29.76,simulation_historical
7883,57589,Aurélie,Petitjean,Finance,CDI,Running,Runing,2026-04-19,2026-04-19T13:56:30.913Z,2026-04-19T16:03:43.913Z,127.2,5.13,simulation_historical
7884,57589,Aurélie,Petitjean,Finance,CDI,Running,Runing,2026-02-21,2026-02-21T18:44:30.913Z,2026-02-21T21:10:52.913Z,146.4,27.46,simulation_historical
7885,57589,Aurélie,Petitjean,Finance,CDI,Running,Runing,2025-12-25,2025-12-25T00:51:30.913Z,2025-12-25T01:26:20.913Z,34.8,3.77,simulation_historical
7886,57589,Aurélie,Petitjean,Finance,CDI,Running,Runing,2026-08-19,2026-08-19T06:51:30.913Z,2026-08-19T07:40:43.913Z,49.2,11.93,simulation_historical
7887,57589,Aurélie,Petitjean,Finance,CDI,Running,Runing,2025-11-16,2025-11-16T11:52:30.913Z,2025-11-16T13:31:50.913Z,99.3,19.53,simulation_historical
7888,57589,Aurélie,Petitjean,Finance,CDI,Running,Runing,2026-01-12,2026-01-12T17:23:30.913Z,2026-01-12T18:00:07.913Z,36.6,4.98,simulation_historical
7889,57589,Aurélie,Petitjean,Finance,CDI,Running,Runing,2025-11-20,2025-11-20T18:12:30.913Z,2025-11-20T18:46:58.913Z,34.5,23.99,simulation_historical
7890,57589,Aurélie,Petitjean,Finance,CDI,Running,Runing,2026-06-03,2026-06-03T23:35:30.913Z,2026-06-04T02:28:58.913Z,173.5,25.26,simulation_historical
7891,57589,Aurélie,Petitjean,Finance,CDI,Running,Runing,2026-01-06,2026-01-06T11:30:30.913Z,2026-01-06T12:32:45.913Z,62.3,10.86,simulation_historical
7892,57589,Aurélie,Petitjean,Finance,CDI,Running,Runing,2025-10-30,2025-10-30T05:58:30.913Z,2025-10-30T06:20:15.913Z,21.8,27.4,simulation_historical
7893,57589,Aurélie,Petitjean,Finance,CDI,Running,Runing,2026-01-10,2026-01-10T20:00:30.913Z,2026-01-10T21:15:18.913Z,74.8,4.76,simulation_historical
7894,57589,Aurélie,Petitjean,Finance,CDI,Running,Runing,2026-08-13,2026-08-13T15:35:30.913Z,2026-08-13T16:28:33.913Z,53.1,18.03,simulation_historical
7895,57589,Aurélie,Petitjean,Finance,CDI,Running,Runing,2026-07-29,2026-07-29T08:31:30.913Z,2026-07-29T09:19:47.913Z,48.3,16.52,simulation_historical
7896,57589,Aurélie,Petitjean,Finance,CDI,Running,Runing,2026-09-03,2026-09-03T23:16:30.913Z,2026-09-04T01:23:11.913Z,126.7,2.82,simulation_historical
7897,57589,Aurélie,Petitjean,Finance,CDI,Running,Runing,2026-07-16,2026-07-16T06:19:30.913Z,2026-07-16T08:51:35.913Z,152.1,7.03,simulation_historical
7898,57589,Aurélie,Petitjean,Finance,CDI,Running,Runing,2026-05-18,2026-05-18T22:28:30.913Z,2026-05-19T00:48:24.913Z,139.9,29.16,simulation_historical
7899,57589,Aurélie,Petitjean,Finance,CDI,Running,Runing,2025-10-14,2025-10-14T20:37:30.913Z,2025-10-14T22:55:33.913Z,138.1,5.79,simulation_historical
7900,57589,Aurélie,Petitjean,Finance,CDI,Running,Runing,2025-10-26,2025-10-26T15:33:30.913Z,2025-10-26T16:32:11.913Z,58.7,27.82,simulation_historical
7901,57589,Aurélie,Petitjean,Finance,CDI,Running,Runing,2025-10-15,2025-10-15T08:34:30.913Z,2025-10-15T11:14:10.913Z,159.7,25.3,simulation_historical
7902,57589,Aurélie,Petitjean,Finance,CDI,Running,Runing,2025-09-22,2025-09-22T22:32:30.913Z,2025-09-23T01:02:31.913Z,150.0,16.74,simulation_historical
7903,57589,Aurélie,Petitjean,Finance,CDI,Running,Runing,2026-04-21,2026-04-21T06:02:30.913Z,2026-04-21T06:49:48.913Z,47.3,20.29,simulation_historical
7904,57589,Aurélie,Petitjean,Finance,CDI,Running,Runing,2026-01-07,2026-01-07T04:02:30.913Z,2026-01-07T05:37:38.913Z,95.1,13.82,simulation_historical
7905,58045,Elodie,Provost,Marketing,CDD,Marche,,2025-09-24,2025-09-24T12:15:30.913Z,2025-09-24T14:29:20.913Z,133.8,14.33,simulation_historical
7906,58045,Elodie,Provost,Marketing,CDD,Marche,,2026-02-11,2026-02-11T11:43:30.913Z,2026-02-11T13:20:53.913Z,97.4,8.49,simulation_historical
7907,58045,Elodie,Provost,Marketing,CDD,Marche,,2026-07-16,2026-07-16T21:20:30.913Z,2026-07-16T21:43:30.913Z,23.0,10.51,simulation_historical
7908,58045,Elodie,Provost,Marketing,CDD,Marche,,2026-04-14,2026-04-14T14:03:30.913Z,2026-04-14T16:24:52.913Z,141.4,1.7,simulation_historical
7909,58045,Elodie,Provost,Marketing,CDD,Marche,,2026-03-19,2026-03-19T11:15:30.913Z,2026-03-19T13:40:39.913Z,145.2,5.54,simulation_historical
7910,58045,Elodie,Provost,Marketing,CDD,Marche,,2026-09-12,2026-09-12T10:22:30.913Z,2026-09-12T12:59:12.913Z,156.7,9.24,simulation_historical
7911,58045,Elodie,Provost,Marketing,CDD,Marche,,2026-06-01,2026-06-01T03:47:30.913Z,2026-06-01T06:30:52.913Z,163.4,7.4,simulation_historical
7912,58045,Elodie,Provost,Marketing,CDD,Marche,,2025-12-28,2025-12-28T13:33:30.913Z,2025-12-28T14:34:50.913Z,61.3,6.76,simulation_historical
7913,58045,Elodie,Provost,Marketing,CDD,Marche,,2025-10-15,2025-10-15T16:08:30.913Z,2025-10-15T18:01:08.913Z,112.6,8.53,simulation_historical
7914,58045,Elodie,Provost,Marketing,CDD,Marche,,2026-07-07,2026-07-07T06:54:30.913Z,2026-07-07T08:37:13.913Z,102.7,7.45,simulation_historical
7915,58045,Elodie,Provost,Marketing,CDD,Marche,,2026-08-12,2026-08-12T19:14:30.913Z,2026-08-12T21:17:18.913Z,122.8,8.73,simulation_historical
7916,58045,Elodie,Provost,Marketing,CDD,Marche,,2025-11-09,2025-11-09T18:33:30.913Z,2025-11-09T21:30:47.913Z,177.3,12.61,simulation_historical
7917,58045,Elodie,Provost,Marketing,CDD,Marche,,2025-12-30,2025-12-30T18:11:30.913Z,2025-12-30T19:42:17.913Z,90.8,3.12,simulation_historical
7918,58045,Elodie,Provost,Marketing,CDD,Marche,,2025-09-24,2025-09-24T05:07:30.913Z,2025-09-24T08:06:04.913Z,178.6,6.7,simulation_historical
7919,58045,Elodie,Provost,Marketing,CDD,Marche,,2025-11-20,2025-11-20T19:51:30.913Z,2025-11-20T22:01:45.913Z,130.3,2.11,simulation_historical
7920,58045,Elodie,Provost,Marketing,CDD,Marche,,2026-08-24,2026-08-24T14:50:30.913Z,2026-08-24T15:53:57.913Z,63.5,4.8,simulation_historical
7921,58045,Elodie,Provost,Marketing,CDD,Marche,,2026-07-28,2026-07-28T18:38:30.913Z,2026-07-28T21:14:52.913Z,156.4,12.13,simulation_historical
7922,58045,Elodie,Provost,Marketing,CDD,Marche,,2026-01-16,2026-01-16T04:56:30.913Z,2026-01-16T06:19:43.913Z,83.2,13.64,simulation_historical
7923,58045,Elodie,Provost,Marketing,CDD,Marche,,2026-05-18,2026-05-18T11:47:30.913Z,2026-05-18T12:55:00.913Z,67.5,12.93,simulation_historical
7924,58045,Elodie,Provost,Marketing,CDD,Marche,,2026-03-04,2026-03-04T01:45:30.913Z,2026-03-04T02:23:04.913Z,37.6,2.01,simulation_historical
7925,58045,Elodie,Provost,Marketing,CDD,Marche,,2025-11-07,2025-11-07T07:37:30.913Z,2025-11-07T08:07:43.913Z,30.2,14.87,simulation_historical
7926,58045,Elodie,Provost,Marketing,CDD,Marche,,2026-08-10,2026-08-10T00:56:30.913Z,2026-08-10T02:58:42.913Z,122.2,10.94,simulation_historical
7927,58045,Elodie,Provost,Marketing,CDD,Marche,,2025-10-28,2025-10-28T14:45:30.913Z,2025-10-28T15:53:01.913Z,67.5,6.26,simulation_historical
7928,58045,Elodie,Provost,Marketing,CDD,Marche,,2026-07-22,2026-07-22T17:16:30.913Z,2026-07-22T19:19:37.913Z,123.1,3.18,simulation_historical
7929,58045,Elodie,Provost,Marketing,CDD,Marche,,2025-10-24,2025-10-24T21:09:30.913Z,2025-10-24T22:24:02.913Z,74.5,4.21,simulation_historical
7930,58045,Elodie,Provost,Marketing,CDD,Marche,,2026-05-10,2026-05-10T00:16:30.913Z,2026-05-10T01:54:37.913Z,98.1,4.69,simulation_historical
7931,58045,Elodie,Provost,Marketing,CDD,Marche,,2026-06-04,2026-06-04T16:34:30.913Z,2026-06-04T18:53:01.913Z,138.5,14.33,simulation_historical
7932,58045,Elodie,Provost,Marketing,CDD,Marche,,2025-12-20,2025-12-20T09:39:30.913Z,2025-12-20T12:38:27.913Z,179.0,1.4,simulation_historical
7933,58045,Elodie,Provost,Marketing,CDD,Marche,,2025-10-28,2025-10-28T18:38:30.913Z,2025-10-28T19:54:04.913Z,75.6,1.54,simulation_historical
7934,59019,Audrey,Colin,Marketing,CDI,Marche,,2026-09-14,2026-09-14T03:55:30.913Z,2026-09-14T06:06:55.913Z,131.4,10.31,simulation_historical
7935,59019,Audrey,Colin,Marketing,CDI,Marche,,2025-12-11,2025-12-11T13:23:30.913Z,2025-12-11T14:34:06.913Z,70.6,12.18,simulation_historical
7936,59019,Audrey,Colin,Marketing,CDI,Marche,,2025-10-22,2025-10-22T23:13:30.913Z,2025-10-23T00:25:25.913Z,71.9,14.64,simulation_historical
7937,59019,Audrey,Colin,Marketing,CDI,Marche,,2026-06-01,2026-06-01T20:52:30.913Z,2026-06-01T23:21:51.913Z,149.4,9.21,simulation_historical
7938,59019,Audrey,Colin,Marketing,CDI,Marche,,2026-03-20,2026-03-20T04:05:30.913Z,2026-03-20T06:58:03.913Z,172.6,14.98,simulation_historical
7939,59019,Audrey,Colin,Marketing,CDI,Marche,,2026-07-08,2026-07-08T13:16:30.913Z,2026-07-08T15:33:14.913Z,136.7,11.25,simulation_historical
7940,59019,Audrey,Colin,Marketing,CDI,Marche,,2026-03-08,2026-03-08T13:08:30.913Z,2026-03-08T13:49:50.913Z,41.3,3.08,simulation_historical
7941,59019,Audrey,Colin,Marketing,CDI,Marche,,2025-12-26,2025-12-26T06:38:30.913Z,2025-12-26T07:30:42.913Z,52.2,9.17,simulation_historical
7942,59019,Audrey,Colin,Marketing,CDI,Marche,,2026-05-21,2026-05-21T14:06:30.913Z,2026-05-21T16:54:06.913Z,167.6,6.42,simulation_historical
7943,59019,Audrey,Colin,Marketing,CDI,Marche,,2026-09-05,2026-09-05T07:52:30.913Z,2026-09-05T09:31:39.913Z,99.2,14.57,simulation_historical
7944,59019,Audrey,Colin,Marketing,CDI,Marche,,2026-05-11,2026-05-11T02:59:30.913Z,2026-05-11T04:57:13.913Z,117.7,2.11,simulation_historical
7945,59019,Audrey,Colin,Marketing,CDI,Marche,,2026-06-28,2026-06-28T06:40:30.913Z,2026-06-28T09:26:25.913Z,165.9,10.43,simulation_historical
7946,59019,Audrey,Colin,Marketing,CDI,Marche,,2026-05-15,2026-05-15T22:45:30.913Z,2026-05-16T01:22:02.913Z,156.5,6.12,simulation_historical
7947,59040,William,Lefebvre,Finance,CDI,Judo,Judo,2025-11-04,2025-11-04T14:10:30.913Z,2025-11-04T15:00:46.913Z,50.3,,simulation_historical
7948,59040,William,Lefebvre,Finance,CDI,Judo,Judo,2025-11-21,2025-11-21T23:45:30.913Z,2025-11-22T01:17:19.913Z,91.8,,simulation_historical
7949,59040,William,Lefebvre,Finance,CDI,Judo,Judo,2025-10-17,2025-10-17T15:42:30.913Z,2025-10-17T17:34:48.913Z,112.3,,simulation_historical
7950,59040,William,Lefebvre,Finance,CDI,Judo,Judo,2026-02-13,2026-02-13T07:32:30.913Z,2026-02-13T09:23:51.913Z,111.4,,simulation_historical
7951,59040,William,Lefebvre,Finance,CDI,Judo,Judo,2026-08-17,2026-08-17T11:31:30.913Z,2026-08-17T14:20:53.913Z,169.4,,simulation_historical
7952,59040,William,Lefebvre,Finance,CDI,Judo,Judo,2026-03-31,2026-03-31T17:46:30.913Z,2026-03-31T18:23:31.913Z,37.0,,simulation_historical
7953,59040,William,Lefebvre,Finance,CDI,Judo,Judo,2026-05-19,2026-05-19T00:40:30.913Z,2026-05-19T03:34:28.913Z,174.0,,simulation_historical
7954,59040,William,Lefebvre,Finance,CDI,Judo,Judo,2025-11-07,2025-11-07T16:51:30.913Z,2025-11-07T17:21:09.913Z,29.7,,simulation_historical
7955,59040,William,Lefebvre,Finance,CDI,Judo,Judo,2026-03-23,2026-03-23T13:18:30.913Z,2026-03-23T14:00:30.913Z,42.0,,simulation_historical
7956,59040,William,Lefebvre,Finance,CDI,Judo,Judo,2025-12-08,2025-12-08T00:36:30.913Z,2025-12-08T02:10:22.913Z,93.9,,simulation_historical
7957,59040,William,Lefebvre,Finance,CDI,Judo,Judo,2026-08-26,2026-08-26T12:42:30.913Z,2026-08-26T15:18:06.913Z,155.6,,simulation_historical
7958,59040,William,Lefebvre,Finance,CDI,Judo,Judo,2025-12-31,2025-12-31T08:03:30.913Z,2025-12-31T09:59:08.913Z,115.6,,simulation_historical
7959,59040,William,Lefebvre,Finance,CDI,Judo,Judo,2026-02-08,2026-02-08T00:25:30.913Z,2026-02-08T01:47:41.913Z,82.2,,simulation_historical
7960,59040,William,Lefebvre,Finance,CDI,Judo,Judo,2026-09-06,2026-09-06T14:43:30.913Z,2026-09-06T15:57:04.913Z,73.6,,simulation_historical
7961,59040,William,Lefebvre,Finance,CDI,Judo,Judo,2025-12-16,2025-12-16T19:49:30.913Z,2025-12-16T21:53:05.913Z,123.6,,simulation_historical
7962,59040,William,Lefebvre,Finance,CDI,Judo,Judo,2025-10-01,2025-10-01T17:57:30.913Z,2025-10-01T18:22:26.913Z,24.9,,simulation_historical
7963,59040,William,Lefebvre,Finance,CDI,Judo,Judo,2025-12-08,2025-12-08T00:41:30.913Z,2025-12-08T02:47:12.913Z,125.7,,simulation_historical
7964,59040,William,Lefebvre,Finance,CDI,Judo,Judo,2026-03-06,2026-03-06T17:36:30.913Z,2026-03-06T19:53:50.913Z,137.3,,simulation_historical
7965,59040,William,Lefebvre,Finance,CDI,Judo,Judo,2025-09-22,2025-09-22T02:09:30.913Z,2025-09-22T03:07:07.913Z,57.6,,simulation_historical
7966,59040,William,Lefebvre,Finance,CDI,Judo,Judo,2026-07-19,2026-07-19T01:37:30.913Z,2026-07-19T03:37:54.913Z,120.4,,simulation_historical
7967,59040,William,Lefebvre,Finance,CDI,Judo,Judo,2026-03-20,2026-03-20T09:23:30.913Z,2026-03-20T11:42:42.913Z,139.2,,simulation_historical
7968,59040,William,Lefebvre,Finance,CDI,Judo,Judo,2026-08-18,2026-08-18T08:30:30.913Z,2026-08-18T09:15:37.913Z,45.1,,simulation_historical
7969,59040,William,Lefebvre,Finance,CDI,Judo,Judo,2025-11-19,2025-11-19T15:30:30.913Z,2025-11-19T17:43:17.913Z,132.8,,simulation_historical
7970,59040,William,Lefebvre,Finance,CDI,Judo,Judo,2025-12-15,2025-12-15T21:42:30.913Z,2025-12-15T22:06:34.913Z,24.1,,simulation_historical
7971,59040,William,Lefebvre,Finance,CDI,Judo,Judo,2026-05-12,2026-05-12T14:40:30.913Z,2026-05-12T15:15:58.913Z,35.5,,simulation_historical
7972,59040,William,Lefebvre,Finance,CDI,Judo,Judo,2026-07-14,2026-07-14T01:33:30.913Z,2026-07-14T03:10:40.913Z,97.2,,simulation_historical
7973,59040,William,Lefebvre,Finance,CDI,Judo,Judo,2026-08-25,2026-08-25T05:22:30.913Z,2026-08-25T06:49:11.913Z,86.7,,simulation_historical
7974,59040,William,Lefebvre,Finance,CDI,Judo,Judo,2026-04-20,2026-04-20T11:06:30.913Z,2026-04-20T13:15:07.913Z,128.6,,simulation_historical
7975,59040,William,Lefebvre,Finance,CDI,Judo,Judo,2026-01-13,2026-01-13T18:37:30.913Z,2026-01-13T19:18:28.913Z,41.0,,simulation_historical
7976,59040,William,Lefebvre,Finance,CDI,Judo,Judo,2026-08-08,2026-08-08T07:10:30.913Z,2026-08-08T08:26:42.913Z,76.2,,simulation_historical
7977,59804,Aurélien,Morin,R&D,CDI,Marche,,2025-09-19,2025-09-19T15:52:30.913Z,2025-09-19T17:49:58.913Z,117.5,4.61,simulation_historical
7978,59804,Aurélien,Morin,R&D,CDI,Marche,,2026-01-31,2026-01-31T17:25:30.913Z,2026-01-31T19:25:41.913Z,120.2,13.78,simulation_historical
7979,59804,Aurélien,Morin,R&D,CDI,Marche,,2025-12-08,2025-12-08T05:49:30.913Z,2025-12-08T07:16:11.913Z,86.7,9.63,simulation_historical
7980,59804,Aurélien,Morin,R&D,CDI,Marche,,2026-05-03,2026-05-03T05:00:30.913Z,2026-05-03T07:48:20.913Z,167.8,9.25,simulation_historical
7981,59804,Aurélien,Morin,R&D,CDI,Marche,,2026-07-25,2026-07-25T14:22:30.913Z,2026-07-25T16:34:41.913Z,132.2,12.56,simulation_historical
7982,59804,Aurélien,Morin,R&D,CDI,Marche,,2025-11-02,2025-11-02T00:27:30.913Z,2025-11-02T01:08:55.913Z,41.4,4.34,simulation_historical
7983,59804,Aurélien,Morin,R&D,CDI,Marche,,2026-07-07,2026-07-07T23:30:30.913Z,2026-07-08T01:13:46.913Z,103.3,13.16,simulation_historical
7984,59804,Aurélien,Morin,R&D,CDI,Marche,,2025-12-07,2025-12-07T09:37:30.913Z,2025-12-07T11:39:11.913Z,121.7,12.88,simulation_historical
7985,59804,Aurélien,Morin,R&D,CDI,Marche,,2026-07-06,2026-07-06T14:29:30.913Z,2026-07-06T16:49:43.913Z,140.2,11.65,simulation_historical
7986,59804,Aurélien,Morin,R&D,CDI,Marche,,2026-01-27,2026-01-27T12:43:30.913Z,2026-01-27T15:19:44.913Z,156.2,14.7,simulation_historical
7987,59804,Aurélien,Morin,R&D,CDI,Marche,,2026-08-30,2026-08-30T07:27:30.913Z,2026-08-30T09:32:24.913Z,124.9,5.92,simulation_historical
7988,59804,Aurélien,Morin,R&D,CDI,Marche,,2026-08-04,2026-08-04T14:27:30.913Z,2026-08-04T16:32:20.913Z,124.8,9.12,simulation_historical
7989,59804,Aurélien,Morin,R&D,CDI,Marche,,2026-09-07,2026-09-07T03:20:30.913Z,2026-09-07T05:41:44.913Z,141.2,1.73,simulation_historical
7990,59804,Aurélien,Morin,R&D,CDI,Marche,,2026-05-25,2026-05-25T09:20:30.913Z,2026-05-25T10:30:51.913Z,70.4,11.81,simulation_historical
7991,59804,Aurélien,Morin,R&D,CDI,Marche,,2026-02-07,2026-02-07T22:41:30.913Z,2026-02-08T00:24:49.913Z,103.3,1.51,simulation_historical
7992,59804,Aurélien,Morin,R&D,CDI,Marche,,2025-12-13,2025-12-13T03:45:30.913Z,2025-12-13T04:12:35.913Z,27.1,10.97,simulation_historical
7993,59804,Aurélien,Morin,R&D,CDI,Marche,,2026-03-28,2026-03-28T06:53:30.913Z,2026-03-28T08:12:37.913Z,79.1,13.41,simulation_historical
7994,59804,Aurélien,Morin,R&D,CDI,Marche,,2026-09-02,2026-09-02T04:58:30.913Z,2026-09-02T07:17:01.913Z,138.5,8.0,simulation_historical
7995,59804,Aurélien,Morin,R&D,CDI,Marche,,2026-08-18,2026-08-18T12:09:30.913Z,2026-08-18T14:15:28.913Z,126.0,12.82,simulation_historical
7996,59804,Aurélien,Morin,R&D,CDI,Marche,,2025-10-04,2025-10-04T05:50:30.913Z,2025-10-04T08:36:31.913Z,166.0,8.59,simulation_historical
7997,59804,Aurélien,Morin,R&D,CDI,Marche,,2026-02-10,2026-02-10T20:58:30.913Z,2026-02-10T23:53:41.913Z,175.2,13.6,simulation_historical
7998,59804,Aurélien,Morin,R&D,CDI,Marche,,2025-12-25,2025-12-25T07:34:30.913Z,2025-12-25T09:38:37.913Z,124.1,8.66,simulation_historical
7999,59804,Aurélien,Morin,R&D,CDI,Marche,,2026-05-18,2026-05-18T10:46:30.913Z,2026-05-18T11:10:38.913Z,24.1,5.6,simulation_historical
8000,59804,Aurélien,Morin,R&D,CDI,Marche,,2025-10-02,2025-10-02T07:39:30.913Z,2025-10-02T09:07:44.913Z,88.2,13.64,simulation_historical
8001,59804,Aurélien,Morin,R&D,CDI,Marche,,2025-12-13,2025-12-13T06:23:30.913Z,2025-12-13T09:19:26.913Z,175.9,7.47,simulation_historical
8002,59804,Aurélien,Morin,R&D,CDI,Marche,,2026-08-27,2026-08-27T20:27:30.913Z,2026-08-27T22:26:16.913Z,118.8,5.4,simulation_historical
8003,59804,Aurélien,Morin,R&D,CDI,Marche,,2025-10-14,2025-10-14T06:54:30.913Z,2025-10-14T07:17:52.913Z,23.4,3.04,simulation_historical
8004,59804,Aurélien,Morin,R&D,CDI,Marche,,2026-04-11,2026-04-11T21:02:30.913Z,2026-04-11T22:50:09.913Z,107.7,14.7,simulation_historical
8005,59804,Aurélien,Morin,R&D,CDI,Marche,,2026-05-04,2026-05-04T10:16:30.913Z,2026-05-04T12:42:51.913Z,146.4,1.28,simulation_historical
8006,59804,Aurélien,Morin,R&D,CDI,Marche,,2026-02-03,2026-02-03T15:15:30.913Z,2026-02-03T15:45:36.913Z,30.1,6.88,simulation_historical
8007,59804,Aurélien,Morin,R&D,CDI,Marche,,2026-01-13,2026-01-13T18:50:30.913Z,2026-01-13T21:42:29.913Z,172.0,4.57,simulation_historical
8008,59804,Aurélien,Morin,R&D,CDI,Marche,,2026-02-19,2026-02-19T14:07:30.913Z,2026-02-19T14:49:13.913Z,41.7,5.53,simulation_historical
8009,59804,Aurélien,Morin,R&D,CDI,Marche,,2025-11-07,2025-11-07T22:24:30.913Z,2025-11-07T23:01:59.913Z,37.5,8.22,simulation_historical
8010,59804,Aurélien,Morin,R&D,CDI,Marche,,2026-06-16,2026-06-16T06:55:30.913Z,2026-06-16T08:30:54.913Z,95.4,5.25,simulation_historical
8011,59804,Aurélien,Morin,R&D,CDI,Marche,,2026-01-06,2026-01-06T11:30:30.913Z,2026-01-06T12:38:08.913Z,67.6,3.41,simulation_historical
8012,59804,Aurélien,Morin,R&D,CDI,Marche,,2025-11-03,2025-11-03T19:41:30.913Z,2025-11-03T21:05:02.913Z,83.5,2.88,simulation_historical
8013,60141,Iris,Colin,R&D,CDI,Marche,,2026-08-28,2026-08-28T10:01:30.913Z,2026-08-28T12:39:52.913Z,158.4,8.21,simulation_historical
8014,60141,Iris,Colin,R&D,CDI,Marche,,2025-11-24,2025-11-24T05:42:30.913Z,2025-11-24T08:33:37.913Z,171.1,12.75,simulation_historical
8015,60141,Iris,Colin,R&D,CDI,Marche,,2026-05-23,2026-05-23T13:59:30.913Z,2026-05-23T15:30:14.913Z,90.7,5.22,simulation_historical
8016,60141,Iris,Colin,R&D,CDI,Marche,,2026-09-07,2026-09-07T17:50:30.913Z,2026-09-07T19:46:59.913Z,116.5,9.85,simulation_historical
8017,60141,Iris,Colin,R&D,CDI,Marche,,2026-08-24,2026-08-24T20:29:30.913Z,2026-08-24T22:24:59.913Z,115.5,2.79,simulation_historical
8018,60141,Iris,Colin,R&D,CDI,Marche,,2026-08-07,2026-08-07T23:16:30.913Z,2026-08-08T00:07:24.913Z,50.9,9.37,simulation_historical
8019,60141,Iris,Colin,R&D,CDI,Marche,,2026-08-08,2026-08-08T08:31:30.913Z,2026-08-08T10:20:27.913Z,109.0,10.34,simulation_historical
8020,60141,Iris,Colin,R&D,CDI,Marche,,2026-03-09,2026-03-09T18:18:30.913Z,2026-03-09T18:57:59.913Z,39.5,11.52,simulation_historical
8021,60141,Iris,Colin,R&D,CDI,Marche,,2026-02-10,2026-02-10T06:35:30.913Z,2026-02-10T07:02:14.913Z,26.7,6.35,simulation_historical
8022,60141,Iris,Colin,R&D,CDI,Marche,,2025-11-10,2025-11-10T04:23:30.913Z,2025-11-10T06:34:56.913Z,131.4,11.68,simulation_historical
8023,60141,Iris,Colin,R&D,CDI,Marche,,2026-03-09,2026-03-09T00:26:30.913Z,2026-03-09T00:55:00.913Z,28.5,3.63,simulation_historical
8024,60141,Iris,Colin,R&D,CDI,Marche,,2026-03-12,2026-03-12T14:26:30.913Z,2026-03-12T15:27:28.913Z,61.0,10.69,simulation_historical
8025,60141,Iris,Colin,R&D,CDI,Marche,,2026-09-03,2026-09-03T12:06:30.913Z,2026-09-03T13:24:14.913Z,77.7,14.24,simulation_historical
8026,60141,Iris,Colin,R&D,CDI,Marche,,2026-04-08,2026-04-08T22:59:30.913Z,2026-04-09T01:38:16.913Z,158.8,13.84,simulation_historical
8027,60141,Iris,Colin,R&D,CDI,Marche,,2025-11-22,2025-11-22T17:22:30.913Z,2025-11-22T18:41:10.913Z,78.7,7.21,simulation_historical
8028,60141,Iris,Colin,R&D,CDI,Marche,,2025-11-22,2025-11-22T14:02:30.913Z,2025-11-22T15:03:28.913Z,61.0,7.24,simulation_historical
8029,60141,Iris,Colin,R&D,CDI,Marche,,2025-10-19,2025-10-19T13:40:30.913Z,2025-10-19T15:01:49.913Z,81.3,10.26,simulation_historical
8030,60141,Iris,Colin,R&D,CDI,Marche,,2026-01-01,2026-01-01T21:04:30.913Z,2026-01-01T23:54:12.913Z,169.7,13.03,simulation_historical
8031,60141,Iris,Colin,R&D,CDI,Marche,,2026-02-13,2026-02-13T21:58:30.913Z,2026-02-13T22:51:36.913Z,53.1,14.89,simulation_historical
8032,60141,Iris,Colin,R&D,CDI,Marche,,2025-12-20,2025-12-20T14:06:30.913Z,2025-12-20T16:35:28.913Z,149.0,11.8,simulation_historical
8033,60141,Iris,Colin,R&D,CDI,Marche,,2025-12-21,2025-12-21T23:16:30.913Z,2025-12-22T01:03:02.913Z,106.5,5.41,simulation_historical
8034,60141,Iris,Colin,R&D,CDI,Marche,,2026-06-08,2026-06-08T21:26:30.913Z,2026-06-08T22:53:08.913Z,86.6,6.39,simulation_historical
8035,60141,Iris,Colin,R&D,CDI,Marche,,2026-05-15,2026-05-15T04:30:30.913Z,2026-05-15T06:54:58.913Z,144.5,6.16,simulation_historical
8036,60141,Iris,Colin,R&D,CDI,Marche,,2026-07-18,2026-07-18T17:29:30.913Z,2026-07-18T19:51:01.913Z,141.5,13.01,simulation_historical
8037,60141,Iris,Colin,R&D,CDI,Marche,,2026-02-19,2026-02-19T04:39:30.913Z,2026-02-19T06:35:36.913Z,116.1,10.18,simulation_historical
8038,60141,Iris,Colin,R&D,CDI,Marche,,2026-01-01,2026-01-01T12:46:30.913Z,2026-01-01T14:45:25.913Z,118.9,11.7,simulation_historical
8039,60141,Iris,Colin,R&D,CDI,Marche,,2026-01-11,2026-01-11T20:30:30.913Z,2026-01-11T22:53:05.913Z,142.6,13.88,simulation_historical
8040,60141,Iris,Colin,R&D,CDI,Marche,,2026-02-14,2026-02-14T08:08:30.913Z,2026-02-14T09:02:42.913Z,54.2,9.81,simulation_historical
8041,60141,Iris,Colin,R&D,CDI,Marche,,2026-05-14,2026-05-14T02:01:30.913Z,2026-05-14T05:01:10.913Z,179.7,11.91,simulation_historical
8042,60141,Iris,Colin,R&D,CDI,Marche,,2026-07-07,2026-07-07T20:28:30.913Z,2026-07-07T22:06:50.913Z,98.3,6.6,simulation_historical
8043,60141,Iris,Colin,R&D,CDI,Marche,,2026-04-09,2026-04-09T12:39:30.913Z,2026-04-09T14:51:02.913Z,131.5,7.9,simulation_historical
8044,60141,Iris,Colin,R&D,CDI,Marche,,2026-01-01,2026-01-01T11:08:30.913Z,2026-01-01T13:43:26.913Z,154.9,11.37,simulation_historical
8045,60141,Iris,Colin,R&D,CDI,Marche,,2026-06-07,2026-06-07T09:48:30.913Z,2026-06-07T12:12:29.913Z,144.0,1.25,simulation_historical
8046,60141,Iris,Colin,R&D,CDI,Marche,,2026-06-23,2026-06-23T12:18:30.913Z,2026-06-23T13:50:25.913Z,91.9,13.54,simulation_historical
8047,60141,Iris,Colin,R&D,CDI,Marche,,2025-12-06,2025-12-06T16:45:30.913Z,2025-12-06T19:13:48.913Z,148.3,13.17,simulation_historical
8048,60141,Iris,Colin,R&D,CDI,Marche,,2026-07-27,2026-07-27T10:49:30.913Z,2026-07-27T11:18:48.913Z,29.3,14.66,simulation_historical
8049,60141,Iris,Colin,R&D,CDI,Marche,,2026-02-08,2026-02-08T15:00:30.913Z,2026-02-08T16:06:05.913Z,65.6,2.2,simulation_historical
8050,60141,Iris,Colin,R&D,CDI,Marche,,2026-07-10,2026-07-10T22:49:30.913Z,2026-07-11T01:34:02.913Z,164.5,7.36,simulation_historical
8051,60141,Iris,Colin,R&D,CDI,Marche,,2026-02-12,2026-02-12T04:36:30.913Z,2026-02-12T06:46:21.913Z,129.9,12.42,simulation_historical
8052,60141,Iris,Colin,R&D,CDI,Marche,,2025-12-05,2025-12-05T07:59:30.913Z,2025-12-05T09:39:36.913Z,100.1,2.95,simulation_historical
8053,60141,Iris,Colin,R&D,CDI,Marche,,2026-03-28,2026-03-28T05:07:30.913Z,2026-03-28T05:56:55.913Z,49.4,12.83,simulation_historical
8054,60141,Iris,Colin,R&D,CDI,Marche,,2026-08-24,2026-08-24T12:57:30.913Z,2026-08-24T14:54:25.913Z,116.9,8.35,simulation_historical
8055,60141,Iris,Colin,R&D,CDI,Marche,,2026-02-18,2026-02-18T19:16:30.913Z,2026-02-18T21:35:28.913Z,139.0,5.74,simulation_historical
8056,60141,Iris,Colin,R&D,CDI,Marche,,2026-01-14,2026-01-14T17:36:30.913Z,2026-01-14T18:46:35.913Z,70.1,12.86,simulation_historical
8057,60141,Iris,Colin,R&D,CDI,Marche,,2025-11-18,2025-11-18T23:39:30.913Z,2025-11-19T00:41:04.913Z,61.6,1.13,simulation_historical
8058,60141,Iris,Colin,R&D,CDI,Marche,,2025-11-16,2025-11-16T21:21:30.913Z,2025-11-16T23:45:20.913Z,143.8,7.22,simulation_historical
8059,60358,Mathilde,Lesage,R&D,CDI,Natation,Natation,2026-02-04,2026-02-04T10:12:30.913Z,2026-02-04T11:48:46.913Z,96.3,,simulation_historical
8060,60358,Mathilde,Lesage,R&D,CDI,Natation,Natation,2026-07-29,2026-07-29T08:25:30.913Z,2026-07-29T11:00:12.913Z,154.7,,simulation_historical
8061,60358,Mathilde,Lesage,R&D,CDI,Natation,Natation,2026-03-26,2026-03-26T14:08:30.913Z,2026-03-26T16:49:51.913Z,161.4,,simulation_historical
8062,60358,Mathilde,Lesage,R&D,CDI,Natation,Natation,2025-12-21,2025-12-21T21:12:30.913Z,2025-12-21T23:29:00.913Z,136.5,,simulation_historical
8063,60358,Mathilde,Lesage,R&D,CDI,Natation,Natation,2026-04-23,2026-04-23T05:20:30.913Z,2026-04-23T07:07:29.913Z,107.0,,simulation_historical
8064,60358,Mathilde,Lesage,R&D,CDI,Natation,Natation,2026-06-17,2026-06-17T11:42:30.913Z,2026-06-17T13:00:01.913Z,77.5,,simulation_historical
8065,60358,Mathilde,Lesage,R&D,CDI,Natation,Natation,2026-02-07,2026-02-07T23:27:30.913Z,2026-02-08T02:24:33.913Z,177.1,,simulation_historical
8066,60358,Mathilde,Lesage,R&D,CDI,Natation,Natation,2025-11-05,2025-11-05T05:38:30.913Z,2025-11-05T07:33:20.913Z,114.8,,simulation_historical
8067,60358,Mathilde,Lesage,R&D,CDI,Natation,Natation,2026-04-24,2026-04-24T10:37:30.913Z,2026-04-24T12:16:06.913Z,98.6,,simulation_historical
8068,60358,Mathilde,Lesage,R&D,CDI,Natation,Natation,2026-04-29,2026-04-29T00:16:30.913Z,2026-04-29T01:37:34.913Z,81.1,,simulation_historical
8069,60358,Mathilde,Lesage,R&D,CDI,Natation,Natation,2026-06-22,2026-06-22T05:46:30.913Z,2026-06-22T07:17:20.913Z,90.8,,simulation_historical
8070,60358,Mathilde,Lesage,R&D,CDI,Natation,Natation,2025-11-10,2025-11-10T11:45:30.913Z,2025-11-10T13:08:45.913Z,83.3,,simulation_historical
8071,60358,Mathilde,Lesage,R&D,CDI,Natation,Natation,2025-10-10,2025-10-10T07:35:30.913Z,2025-10-10T08:21:42.913Z,46.2,,simulation_historical
8072,60358,Mathilde,Lesage,R&D,CDI,Natation,Natation,2026-06-02,2026-06-02T21:51:30.913Z,2026-06-03T00:30:24.913Z,158.9,,simulation_historical
8073,60358,Mathilde,Lesage,R&D,CDI,Natation,Natation,2026-06-22,2026-06-22T15:06:30.913Z,2026-06-22T15:37:21.913Z,30.9,,simulation_historical
8074,60358,Mathilde,Lesage,R&D,CDI,Natation,Natation,2025-12-13,2025-12-13T21:53:30.913Z,2025-12-13T23:06:47.913Z,73.3,,simulation_historical
8075,60358,Mathilde,Lesage,R&D,CDI,Natation,Natation,2026-09-12,2026-09-12T23:51:30.913Z,2026-09-13T00:18:32.913Z,27.0,,simulation_historical
8076,60358,Mathilde,Lesage,R&D,CDI,Natation,Natation,2026-03-11,2026-03-11T09:26:30.913Z,2026-03-11T12:22:27.913Z,176.0,,simulation_historical
8077,60358,Mathilde,Lesage,R&D,CDI,Natation,Natation,2026-02-09,2026-02-09T16:16:30.913Z,2026-02-09T18:58:44.913Z,162.2,,simulation_historical
8078,60358,Mathilde,Lesage,R&D,CDI,Natation,Natation,2026-07-14,2026-07-14T01:26:30.913Z,2026-07-14T02:16:25.913Z,49.9,,simulation_historical
8079,60358,Mathilde,Lesage,R&D,CDI,Natation,Natation,2025-09-20,2025-09-20T12:16:30.913Z,2025-09-20T14:34:32.913Z,138.0,,simulation_historical
8080,60358,Mathilde,Lesage,R&D,CDI,Natation,Natation,2026-01-07,2026-01-07T07:39:30.913Z,2026-01-07T08:36:51.913Z,57.4,,simulation_historical
8081,60358,Mathilde,Lesage,R&D,CDI,Natation,Natation,2026-04-26,2026-04-26T16:02:30.913Z,2026-04-26T16:54:18.913Z,51.8,,simulation_historical
8082,60358,Mathilde,Lesage,R&D,CDI,Natation,Natation,2026-03-19,2026-03-19T12:57:30.913Z,2026-03-19T14:18:14.913Z,80.7,,simulation_historical
8083,60358,Mathilde,Lesage,R&D,CDI,Natation,Natation,2026-08-09,2026-08-09T05:34:30.913Z,2026-08-09T08:12:57.913Z,158.5,,simulation_historical
8084,60437,Danielle,Delattre,Finance,CDI,Marche,,2026-04-28,2026-04-28T01:04:30.913Z,2026-04-28T03:44:32.913Z,160.0,12.01,simulation_historical
8085,60437,Danielle,Delattre,Finance,CDI,Marche,,2026-08-09,2026-08-09T17:00:30.913Z,2026-08-09T18:46:27.913Z,106.0,1.63,simulation_historical
8086,60437,Danielle,Delattre,Finance,CDI,Marche,,2026-02-07,2026-02-07T11:45:30.913Z,2026-02-07T14:27:50.913Z,162.3,6.2,simulation_historical
8087,60437,Danielle,Delattre,Finance,CDI,Marche,,2026-06-10,2026-06-10T22:02:30.913Z,2026-06-10T22:32:13.913Z,29.7,11.4,simulation_historical
8088,60437,Danielle,Delattre,Finance,CDI,Marche,,2025-10-30,2025-10-30T15:29:30.913Z,2025-10-30T16:26:52.913Z,57.4,10.61,simulation_historical
8089,60437,Danielle,Delattre,Finance,CDI,Marche,,2026-03-08,2026-03-08T08:01:30.913Z,2026-03-08T09:14:55.913Z,73.4,5.35,simulation_historical
8090,60437,Danielle,Delattre,Finance,CDI,Marche,,2026-01-19,2026-01-19T11:13:30.913Z,2026-01-19T12:24:35.913Z,71.1,13.02,simulation_historical
8091,60437,Danielle,Delattre,Finance,CDI,Marche,,2026-01-05,2026-01-05T06:36:30.913Z,2026-01-05T07:50:43.913Z,74.2,11.4,simulation_historical
8092,60437,Danielle,Delattre,Finance,CDI,Marche,,2026-08-01,2026-08-01T22:50:30.913Z,2026-08-02T00:08:59.913Z,78.5,1.05,simulation_historical
8093,60437,Danielle,Delattre,Finance,CDI,Marche,,2026-02-06,2026-02-06T13:13:30.913Z,2026-02-06T16:05:47.913Z,172.3,11.01,simulation_historical
8094,60437,Danielle,Delattre,Finance,CDI,Marche,,2026-06-01,2026-06-01T17:33:30.913Z,2026-06-01T18:04:05.913Z,30.6,7.85,simulation_historical
8095,60437,Danielle,Delattre,Finance,CDI,Marche,,2025-09-29,2025-09-29T07:05:30.913Z,2025-09-29T09:09:20.913Z,123.8,11.34,simulation_historical
8096,60437,Danielle,Delattre,Finance,CDI,Marche,,2025-11-22,2025-11-22T08:04:30.913Z,2025-11-22T09:59:43.913Z,115.2,8.93,simulation_historical
8097,60437,Danielle,Delattre,Finance,CDI,Marche,,2025-12-18,2025-12-18T18:33:30.913Z,2025-12-18T20:15:26.913Z,101.9,14.77,simulation_historical
8098,60437,Danielle,Delattre,Finance,CDI,Marche,,2026-05-21,2026-05-21T06:02:30.913Z,2026-05-21T08:34:57.913Z,152.5,9.03,simulation_historical
8099,60437,Danielle,Delattre,Finance,CDI,Marche,,2025-10-29,2025-10-29T03:06:30.913Z,2025-10-29T05:04:01.913Z,117.5,9.9,simulation_historical
8100,60437,Danielle,Delattre,Finance,CDI,Marche,,2026-01-13,2026-01-13T06:38:30.913Z,2026-01-13T07:58:16.913Z,79.8,2.84,simulation_historical
8101,60437,Danielle,Delattre,Finance,CDI,Marche,,2026-04-22,2026-04-22T02:16:30.913Z,2026-04-22T04:05:21.913Z,108.9,5.05,simulation_historical
8102,60437,Danielle,Delattre,Finance,CDI,Marche,,2025-10-12,2025-10-12T02:37:30.913Z,2025-10-12T03:45:36.913Z,68.1,8.61,simulation_historical
8103,60437,Danielle,Delattre,Finance,CDI,Marche,,2026-04-05,2026-04-05T18:37:30.913Z,2026-04-05T20:32:24.913Z,114.9,12.42,simulation_historical
8104,60437,Danielle,Delattre,Finance,CDI,Marche,,2026-02-24,2026-02-24T17:36:30.913Z,2026-02-24T20:08:35.913Z,152.1,14.76,simulation_historical
8105,60437,Danielle,Delattre,Finance,CDI,Marche,,2026-01-08,2026-01-08T20:18:30.913Z,2026-01-08T21:42:37.913Z,84.1,1.47,simulation_historical
8106,60437,Danielle,Delattre,Finance,CDI,Marche,,2026-04-21,2026-04-21T07:12:30.913Z,2026-04-21T08:31:14.913Z,78.7,14.94,simulation_historical
8107,60437,Danielle,Delattre,Finance,CDI,Marche,,2026-02-19,2026-02-19T14:09:30.913Z,2026-02-19T15:57:45.913Z,108.3,5.29,simulation_historical
8108,60437,Danielle,Delattre,Finance,CDI,Marche,,2025-10-06,2025-10-06T05:18:30.913Z,2025-10-06T07:25:22.913Z,126.9,14.26,simulation_historical
8109,60437,Danielle,Delattre,Finance,CDI,Marche,,2026-02-02,2026-02-02T02:19:30.913Z,2026-02-02T03:50:41.913Z,91.2,1.9,simulation_historical
8110,60948,Gégoire,Guillot,Ventes,CDD,Running,Runing,2026-01-10,2026-01-10T16:30:30.913Z,2026-01-10T18:23:17.913Z,112.8,21.85,simulation_historical
8111,60948,Gégoire,Guillot,Ventes,CDD,Running,Runing,2026-08-24,2026-08-24T06:16:30.913Z,2026-08-24T08:28:24.913Z,131.9,8.25,simulation_historical
8112,60948,Gégoire,Guillot,Ventes,CDD,Running,Runing,2025-11-27,2025-11-27T10:10:30.913Z,2025-11-27T11:26:48.913Z,76.3,26.54,simulation_historical
8113,60948,Gégoire,Guillot,Ventes,CDD,Running,Runing,2025-10-31,2025-10-31T12:05:30.913Z,2025-10-31T13:55:31.913Z,110.0,5.23,simulation_historical
8114,60948,Gégoire,Guillot,Ventes,CDD,Running,Runing,2025-11-10,2025-11-10T22:43:30.913Z,2025-11-10T23:09:15.913Z,25.8,27.29,simulation_historical
8115,60948,Gégoire,Guillot,Ventes,CDD,Running,Runing,2026-03-06,2026-03-06T12:55:30.913Z,2026-03-06T14:46:30.913Z,111.0,12.56,simulation_historical
8116,60948,Gégoire,Guillot,Ventes,CDD,Running,Runing,2025-12-07,2025-12-07T13:03:30.913Z,2025-12-07T13:36:56.913Z,33.4,18.0,simulation_historical
8117,60948,Gégoire,Guillot,Ventes,CDD,Running,Runing,2026-06-01,2026-06-01T04:10:30.913Z,2026-06-01T05:24:41.913Z,74.2,6.14,simulation_historical
8118,60948,Gégoire,Guillot,Ventes,CDD,Running,Runing,2025-12-16,2025-12-16T02:49:30.913Z,2025-12-16T04:12:07.913Z,82.6,10.51,simulation_historical
8119,60948,Gégoire,Guillot,Ventes,CDD,Running,Runing,2026-06-26,2026-06-26T04:23:30.913Z,2026-06-26T06:36:23.913Z,132.9,8.07,simulation_historical
8120,60948,Gégoire,Guillot,Ventes,CDD,Running,Runing,2025-12-06,2025-12-06T16:29:30.913Z,2025-12-06T16:53:13.913Z,23.7,2.18,simulation_historical
8121,60948,Gégoire,Guillot,Ventes,CDD,Running,Runing,2026-09-05,2026-09-05T23:38:30.913Z,2026-09-06T02:15:26.913Z,156.9,14.04,simulation_historical
8122,60948,Gégoire,Guillot,Ventes,CDD,Running,Runing,2026-01-11,2026-01-11T14:34:30.913Z,2026-01-11T16:11:48.913Z,97.3,10.88,simulation_historical
8123,60948,Gégoire,Guillot,Ventes,CDD,Running,Runing,2026-09-04,2026-09-04T08:04:30.913Z,2026-09-04T09:32:01.913Z,87.5,2.11,simulation_historical
8124,60948,Gégoire,Guillot,Ventes,CDD,Running,Runing,2026-04-29,2026-04-29T16:37:30.913Z,2026-04-29T18:40:40.913Z,123.2,22.47,simulation_historical
8125,60948,Gégoire,Guillot,Ventes,CDD,Running,Runing,2026-02-23,2026-02-23T10:52:30.913Z,2026-02-23T12:26:13.913Z,93.7,29.25,simulation_historical
8126,60948,Gégoire,Guillot,Ventes,CDD,Running,Runing,2026-08-04,2026-08-04T13:40:30.913Z,2026-08-04T16:18:15.913Z,157.8,24.66,simulation_historical
8127,60948,Gégoire,Guillot,Ventes,CDD,Running,Runing,2025-09-20,2025-09-20T16:18:30.913Z,2025-09-20T16:44:00.913Z,25.5,1.48,simulation_historical
8128,60948,Gégoire,Guillot,Ventes,CDD,Running,Runing,2025-12-12,2025-12-12T19:46:30.913Z,2025-12-12T20:47:57.913Z,61.5,4.13,simulation_historical
8129,60948,Gégoire,Guillot,Ventes,CDD,Running,Runing,2025-11-19,2025-11-19T03:32:30.913Z,2025-11-19T05:17:44.913Z,105.2,26.72,simulation_historical
8130,60948,Gégoire,Guillot,Ventes,CDD,Running,Runing,2026-04-04,2026-04-04T02:12:30.913Z,2026-04-04T02:38:53.913Z,26.4,10.9,simulation_historical
8131,60948,Gégoire,Guillot,Ventes,CDD,Running,Runing,2026-04-29,2026-04-29T01:32:30.913Z,2026-04-29T02:19:43.913Z,47.2,9.66,simulation_historical
8132,62296,Zakaria,Chauvin,Finance,CDD,Marche,,2025-11-25,2025-11-25T00:20:30.913Z,2025-11-25T02:00:01.913Z,99.5,8.04,simulation_historical
8133,62296,Zakaria,Chauvin,Finance,CDD,Marche,,2026-07-31,2026-07-31T08:18:30.913Z,2026-07-31T11:11:41.913Z,173.2,5.56,simulation_historical
8134,62296,Zakaria,Chauvin,Finance,CDD,Marche,,2026-01-12,2026-01-12T05:46:30.913Z,2026-01-12T08:32:06.913Z,165.6,9.3,simulation_historical
8135,62296,Zakaria,Chauvin,Finance,CDD,Marche,,2026-05-14,2026-05-14T03:43:30.913Z,2026-05-14T06:19:13.913Z,155.7,12.92,simulation_historical
8136,62296,Zakaria,Chauvin,Finance,CDD,Marche,,2026-02-27,2026-02-27T03:56:30.913Z,2026-02-27T06:45:45.913Z,169.3,12.71,simulation_historical
8137,62296,Zakaria,Chauvin,Finance,CDD,Marche,,2026-07-23,2026-07-23T01:30:30.913Z,2026-07-23T04:28:17.913Z,177.8,1.41,simulation_historical
8138,62296,Zakaria,Chauvin,Finance,CDD,Marche,,2026-02-25,2026-02-25T08:16:30.913Z,2026-02-25T10:17:29.913Z,121.0,8.81,simulation_historical
8139,62296,Zakaria,Chauvin,Finance,CDD,Marche,,2025-12-02,2025-12-02T12:03:30.913Z,2025-12-02T13:48:19.913Z,104.8,6.45,simulation_historical
8140,62296,Zakaria,Chauvin,Finance,CDD,Marche,,2026-07-04,2026-07-04T19:39:30.913Z,2026-07-04T20:25:32.913Z,46.0,10.19,simulation_historical
8141,62296,Zakaria,Chauvin,Finance,CDD,Marche,,2026-06-22,2026-06-22T08:49:30.913Z,2026-06-22T11:23:15.913Z,153.8,10.72,simulation_historical
8142,62296,Zakaria,Chauvin,Finance,CDD,Marche,,2026-05-12,2026-05-12T13:35:30.913Z,2026-05-12T15:45:35.913Z,130.1,11.1,simulation_historical
8143,62296,Zakaria,Chauvin,Finance,CDD,Marche,,2026-01-16,2026-01-16T22:58:30.913Z,2026-01-17T01:53:13.913Z,174.7,13.46,simulation_historical
8144,62296,Zakaria,Chauvin,Finance,CDD,Marche,,2026-05-20,2026-05-20T13:55:30.913Z,2026-05-20T16:30:14.913Z,154.7,5.13,simulation_historical
8145,62296,Zakaria,Chauvin,Finance,CDD,Marche,,2026-02-18,2026-02-18T05:57:30.913Z,2026-02-18T07:49:45.913Z,112.3,14.67,simulation_historical
8146,62296,Zakaria,Chauvin,Finance,CDD,Marche,,2026-07-01,2026-07-01T14:24:30.913Z,2026-07-01T17:18:52.913Z,174.4,10.81,simulation_historical
8147,62296,Zakaria,Chauvin,Finance,CDD,Marche,,2026-02-20,2026-02-20T15:27:30.913Z,2026-02-20T16:44:37.913Z,77.1,13.37,simulation_historical
8148,62296,Zakaria,Chauvin,Finance,CDD,Marche,,2025-12-03,2025-12-03T00:10:30.913Z,2025-12-03T02:46:58.913Z,156.5,6.13,simulation_historical
8149,62296,Zakaria,Chauvin,Finance,CDD,Marche,,2025-10-18,2025-10-18T08:24:30.913Z,2025-10-18T10:50:29.913Z,146.0,12.61,simulation_historical
8150,62296,Zakaria,Chauvin,Finance,CDD,Marche,,2026-01-11,2026-01-11T23:09:30.913Z,2026-01-11T23:51:44.913Z,42.2,2.72,simulation_historical
8151,62296,Zakaria,Chauvin,Finance,CDD,Marche,,2026-02-10,2026-02-10T17:40:30.913Z,2026-02-10T19:43:05.913Z,122.6,3.09,simulation_historical
8152,62296,Zakaria,Chauvin,Finance,CDD,Marche,,2026-09-10,2026-09-10T10:11:30.913Z,2026-09-10T11:04:40.913Z,53.2,3.72,simulation_historical
8153,62296,Zakaria,Chauvin,Finance,CDD,Marche,,2026-06-07,2026-06-07T00:49:30.913Z,2026-06-07T01:40:32.913Z,51.0,1.64,simulation_historical
8154,62296,Zakaria,Chauvin,Finance,CDD,Marche,,2026-02-11,2026-02-11T00:34:30.913Z,2026-02-11T03:17:44.913Z,163.2,8.98,simulation_historical
8155,62296,Zakaria,Chauvin,Finance,CDD,Marche,,2026-07-06,2026-07-06T15:49:30.913Z,2026-07-06T18:38:53.913Z,169.4,7.85,simulation_historical
8156,62296,Zakaria,Chauvin,Finance,CDD,Marche,,2026-02-24,2026-02-24T15:26:30.913Z,2026-02-24T16:18:36.913Z,52.1,8.13,simulation_historical
8157,62296,Zakaria,Chauvin,Finance,CDD,Marche,,2026-04-18,2026-04-18T15:45:30.913Z,2026-04-18T17:19:31.913Z,94.0,9.56,simulation_historical
8158,62296,Zakaria,Chauvin,Finance,CDD,Marche,,2026-04-03,2026-04-03T19:48:30.913Z,2026-04-03T21:49:58.913Z,121.5,10.24,simulation_historical
8159,62296,Zakaria,Chauvin,Finance,CDD,Marche,,2025-10-19,2025-10-19T10:35:30.913Z,2025-10-19T12:14:44.913Z,99.2,9.57,simulation_historical
8160,62296,Zakaria,Chauvin,Finance,CDD,Marche,,2025-10-01,2025-10-01T08:53:30.913Z,2025-10-01T10:54:52.913Z,121.4,9.51,simulation_historical
8161,62296,Zakaria,Chauvin,Finance,CDD,Marche,,2025-11-11,2025-11-11T07:14:30.913Z,2025-11-11T09:40:53.913Z,146.4,4.45,simulation_historical
8162,62296,Zakaria,Chauvin,Finance,CDD,Marche,,2026-03-30,2026-03-30T15:58:30.913Z,2026-03-30T16:55:27.913Z,57.0,3.69,simulation_historical
8163,62296,Zakaria,Chauvin,Finance,CDD,Marche,,2025-12-21,2025-12-21T16:51:30.913Z,2025-12-21T19:20:53.913Z,149.4,1.16,simulation_historical
8164,62296,Zakaria,Chauvin,Finance,CDD,Marche,,2026-04-07,2026-04-07T02:33:30.913Z,2026-04-07T03:34:33.913Z,61.1,8.71,simulation_historical
8165,62296,Zakaria,Chauvin,Finance,CDD,Marche,,2026-08-13,2026-08-13T15:25:30.913Z,2026-08-13T16:36:44.913Z,71.2,4.26,simulation_historical
8166,62296,Zakaria,Chauvin,Finance,CDD,Marche,,2025-09-26,2025-09-26T12:10:30.913Z,2025-09-26T14:35:43.913Z,145.2,6.42,simulation_historical
8167,62296,Zakaria,Chauvin,Finance,CDD,Marche,,2026-07-30,2026-07-30T14:05:30.913Z,2026-07-30T16:33:29.913Z,148.0,10.74,simulation_historical
8168,62296,Zakaria,Chauvin,Finance,CDD,Marche,,2026-06-28,2026-06-28T13:22:30.913Z,2026-06-28T16:15:11.913Z,172.7,4.7,simulation_historical
8169,62296,Zakaria,Chauvin,Finance,CDD,Marche,,2026-03-23,2026-03-23T19:44:30.913Z,2026-03-23T20:57:06.913Z,72.6,5.5,simulation_historical
8170,62296,Zakaria,Chauvin,Finance,CDD,Marche,,2026-04-24,2026-04-24T02:07:30.913Z,2026-04-24T03:50:59.913Z,103.5,7.02,simulation_historical
8171,62296,Zakaria,Chauvin,Finance,CDD,Marche,,2025-11-01,2025-11-01T02:45:30.913Z,2025-11-01T04:15:03.913Z,89.6,10.19,simulation_historical
8172,62296,Zakaria,Chauvin,Finance,CDD,Marche,,2025-12-12,2025-12-12T19:02:30.913Z,2025-12-12T20:17:49.913Z,75.3,2.27,simulation_historical
8173,62296,Zakaria,Chauvin,Finance,CDD,Marche,,2025-11-17,2025-11-17T11:38:30.913Z,2025-11-17T12:57:36.913Z,79.1,5.59,simulation_historical
8174,62296,Zakaria,Chauvin,Finance,CDD,Marche,,2026-06-17,2026-06-17T07:08:30.913Z,2026-06-17T07:56:26.913Z,47.9,3.08,simulation_historical
8175,62296,Zakaria,Chauvin,Finance,CDD,Marche,,2025-12-22,2025-12-22T21:03:30.913Z,2025-12-22T23:08:04.913Z,124.6,6.41,simulation_historical
8176,62296,Zakaria,Chauvin,Finance,CDD,Marche,,2025-11-25,2025-11-25T21:06:30.913Z,2025-11-25T22:42:12.913Z,95.7,14.23,simulation_historical
8177,62296,Zakaria,Chauvin,Finance,CDD,Marche,,2025-11-04,2025-11-04T17:46:30.913Z,2025-11-04T20:15:46.913Z,149.3,4.43,simulation_historical
8178,64886,Nath,De Oliveira,R&D,CDI,Marche,,2026-09-15,2026-09-15T08:31:30.913Z,2026-09-15T09:16:26.913Z,44.9,14.16,simulation_historical
8179,64886,Nath,De Oliveira,R&D,CDI,Marche,,2025-11-06,2025-11-06T11:35:30.913Z,2025-11-06T12:40:30.913Z,65.0,8.79,simulation_historical
8180,64886,Nath,De Oliveira,R&D,CDI,Marche,,2026-09-16,2026-09-16T05:40:30.913Z,2026-09-16T06:14:45.913Z,34.3,3.24,simulation_historical
8181,64886,Nath,De Oliveira,R&D,CDI,Marche,,2025-12-29,2025-12-29T01:17:30.913Z,2025-12-29T03:46:18.913Z,148.8,6.36,simulation_historical
8182,64886,Nath,De Oliveira,R&D,CDI,Marche,,2026-04-14,2026-04-14T22:56:30.913Z,2026-04-14T23:48:31.913Z,52.0,4.94,simulation_historical
8183,64886,Nath,De Oliveira,R&D,CDI,Marche,,2025-12-04,2025-12-04T03:20:30.913Z,2025-12-04T05:25:46.913Z,125.3,12.57,simulation_historical
8184,64886,Nath,De Oliveira,R&D,CDI,Marche,,2026-01-17,2026-01-17T04:25:30.913Z,2026-01-17T07:08:02.913Z,162.5,6.19,simulation_historical
8185,64886,Nath,De Oliveira,R&D,CDI,Marche,,2025-12-19,2025-12-19T12:48:30.913Z,2025-12-19T14:06:54.913Z,78.4,3.72,simulation_historical
8186,64886,Nath,De Oliveira,R&D,CDI,Marche,,2025-10-27,2025-10-27T06:59:30.913Z,2025-10-27T07:58:31.913Z,59.0,14.76,simulation_historical
8187,64886,Nath,De Oliveira,R&D,CDI,Marche,,2026-02-04,2026-02-04T22:16:30.913Z,2026-02-05T00:50:19.913Z,153.8,12.39,simulation_historical
8188,64886,Nath,De Oliveira,R&D,CDI,Marche,,2026-05-10,2026-05-10T18:37:30.913Z,2026-05-10T21:29:50.913Z,172.3,8.13,simulation_historical
8189,64886,Nath,De Oliveira,R&D,CDI,Marche,,2025-10-18,2025-10-18T04:33:30.913Z,2025-10-18T05:00:24.913Z,26.9,6.99,simulation_historical
8190,64886,Nath,De Oliveira,R&D,CDI,Marche,,2026-01-20,2026-01-20T18:22:30.913Z,2026-01-20T20:38:18.913Z,135.8,4.5,simulation_historical
8191,64886,Nath,De Oliveira,R&D,CDI,Marche,,2025-11-04,2025-11-04T21:48:30.913Z,2025-11-04T23:00:39.913Z,72.2,7.27,simulation_historical
8192,64886,Nath,De Oliveira,R&D,CDI,Marche,,2026-03-09,2026-03-09T09:45:30.913Z,2026-03-09T10:08:24.913Z,22.9,4.21,simulation_historical
8193,66386,Susanne,Lacroix,Finance,CDI,Badminton,Badminton,2026-03-15,2026-03-15T23:32:30.913Z,2026-03-15T23:54:01.913Z,21.5,,simulation_historical
8194,66386,Susanne,Lacroix,Finance,CDI,Badminton,Badminton,2025-11-20,2025-11-20T06:23:30.913Z,2025-11-20T07:09:11.913Z,45.7,,simulation_historical
8195,66386,Susanne,Lacroix,Finance,CDI,Badminton,Badminton,2026-03-12,2026-03-12T07:12:30.913Z,2026-03-12T07:36:02.913Z,23.5,,simulation_historical
8196,66386,Susanne,Lacroix,Finance,CDI,Badminton,Badminton,2025-11-10,2025-11-10T07:42:30.913Z,2025-11-10T09:17:34.913Z,95.1,,simulation_historical
8197,66386,Susanne,Lacroix,Finance,CDI,Badminton,Badminton,2025-10-23,2025-10-23T00:19:30.913Z,2025-10-23T00:51:29.913Z,32.0,,simulation_historical
8198,66386,Susanne,Lacroix,Finance,CDI,Badminton,Badminton,2025-09-24,2025-09-24T17:28:30.913Z,2025-09-24T19:03:22.913Z,94.9,,simulation_historical
8199,66386,Susanne,Lacroix,Finance,CDI,Badminton,Badminton,2025-10-31,2025-10-31T14:08:30.913Z,2025-10-31T14:36:48.913Z,28.3,,simulation_historical
8200,66386,Susanne,Lacroix,Finance,CDI,Badminton,Badminton,2026-01-17,2026-01-17T20:04:30.913Z,2026-01-17T22:28:36.913Z,144.1,,simulation_historical
8201,66386,Susanne,Lacroix,Finance,CDI,Badminton,Badminton,2026-01-08,2026-01-08T10:14:30.913Z,2026-01-08T13:03:28.913Z,169.0,,simulation_historical
8202,66386,Susanne,Lacroix,Finance,CDI,Badminton,Badminton,2026-07-25,2026-07-25T14:21:30.913Z,2026-07-25T14:49:22.913Z,27.9,,simulation_historical
8203,66386,Susanne,Lacroix,Finance,CDI,Badminton,Badminton,2025-11-06,2025-11-06T17:35:30.913Z,2025-11-06T18:43:48.913Z,68.3,,simulation_historical
8204,66386,Susanne,Lacroix,Finance,CDI,Badminton,Badminton,2026-07-11,2026-07-11T13:18:30.913Z,2026-07-11T14:11:06.913Z,52.6,,simulation_historical
8205,66386,Susanne,Lacroix,Finance,CDI,Badminton,Badminton,2026-08-19,2026-08-19T01:04:30.913Z,2026-08-19T01:41:31.913Z,37.0,,simulation_historical
8206,66386,Susanne,Lacroix,Finance,CDI,Badminton,Badminton,2026-04-09,2026-04-09T11:50:30.913Z,2026-04-09T14:39:04.913Z,168.6,,simulation_historical
8207,66386,Susanne,Lacroix,Finance,CDI,Badminton,Badminton,2026-04-27,2026-04-27T09:03:30.913Z,2026-04-27T09:28:03.913Z,24.6,,simulation_historical
8208,66386,Susanne,Lacroix,Finance,CDI,Badminton,Badminton,2026-03-29,2026-03-29T17:50:30.913Z,2026-03-29T19:36:55.913Z,106.4,,simulation_historical
8209,66386,Susanne,Lacroix,Finance,CDI,Badminton,Badminton,2025-09-18,2025-09-18T09:47:30.913Z,2025-09-18T11:47:30.913Z,120.0,,simulation_historical
8210,66386,Susanne,Lacroix,Finance,CDI,Badminton,Badminton,2025-12-26,2025-12-26T15:02:30.913Z,2025-12-26T17:12:35.913Z,130.1,,simulation_historical
8211,66386,Susanne,Lacroix,Finance,CDI,Badminton,Badminton,2026-02-14,2026-02-14T18:02:30.913Z,2026-02-14T18:39:17.913Z,36.8,,simulation_historical
8212,66386,Susanne,Lacroix,Finance,CDI,Badminton,Badminton,2026-08-14,2026-08-14T08:52:30.913Z,2026-08-14T11:29:26.913Z,156.9,,simulation_historical
8213,66386,Susanne,Lacroix,Finance,CDI,Badminton,Badminton,2026-07-02,2026-07-02T16:27:30.913Z,2026-07-02T17:10:25.913Z,42.9,,simulation_historical
8214,66386,Susanne,Lacroix,Finance,CDI,Badminton,Badminton,2026-06-20,2026-06-20T01:42:30.913Z,2026-06-20T03:17:44.913Z,95.2,,simulation_historical
8215,66386,Susanne,Lacroix,Finance,CDI,Badminton,Badminton,2025-11-09,2025-11-09T09:00:30.913Z,2025-11-09T11:38:31.913Z,158.0,,simulation_historical
8216,66386,Susanne,Lacroix,Finance,CDI,Badminton,Badminton,2026-02-19,2026-02-19T10:04:30.913Z,2026-02-19T10:25:22.913Z,20.9,,simulation_historical
8217,66386,Susanne,Lacroix,Finance,CDI,Badminton,Badminton,2026-04-10,2026-04-10T07:09:30.913Z,2026-04-10T09:05:15.913Z,115.8,,simulation_historical
8218,66386,Susanne,Lacroix,Finance,CDI,Badminton,Badminton,2026-07-18,2026-07-18T05:15:30.913Z,2026-07-18T08:10:38.913Z,175.1,,simulation_historical
8219,66386,Susanne,Lacroix,Finance,CDI,Badminton,Badminton,2025-09-25,2025-09-25T13:08:30.913Z,2025-09-25T15:34:55.913Z,146.4,,simulation_historical
8220,66386,Susanne,Lacroix,Finance,CDI,Badminton,Badminton,2026-08-02,2026-08-02T11:46:30.913Z,2026-08-02T12:31:13.913Z,44.7,,simulation_historical
8221,66386,Susanne,Lacroix,Finance,CDI,Badminton,Badminton,2026-06-14,2026-06-14T16:39:30.913Z,2026-06-14T17:50:11.913Z,70.7,,simulation_historical
8222,66386,Susanne,Lacroix,Finance,CDI,Badminton,Badminton,2026-04-06,2026-04-06T21:04:30.913Z,2026-04-06T21:29:59.913Z,25.5,,simulation_historical
8223,66386,Susanne,Lacroix,Finance,CDI,Badminton,Badminton,2026-06-22,2026-06-22T15:31:30.913Z,2026-06-22T17:33:46.913Z,122.3,,simulation_historical
8224,66386,Susanne,Lacroix,Finance,CDI,Badminton,Badminton,2026-01-24,2026-01-24T12:48:30.913Z,2026-01-24T14:15:52.913Z,87.4,,simulation_historical
8225,66386,Susanne,Lacroix,Finance,CDI,Badminton,Badminton,2026-04-11,2026-04-11T18:03:30.913Z,2026-04-11T19:15:40.913Z,72.2,,simulation_historical
8226,66425,Thomas,Jourdan,Marketing,CDI,Marche,,2026-07-11,2026-07-11T06:41:30.913Z,2026-07-11T08:45:04.913Z,123.6,12.57,simulation_historical
8227,66425,Thomas,Jourdan,Marketing,CDI,Marche,,2026-04-23,2026-04-23T10:27:30.913Z,2026-04-23T11:25:50.913Z,58.3,10.26,simulation_historical
8228,66425,Thomas,Jourdan,Marketing,CDI,Marche,,2026-04-08,2026-04-08T02:30:30.913Z,2026-04-08T03:41:54.913Z,71.4,5.47,simulation_historical
8229,66425,Thomas,Jourdan,Marketing,CDI,Marche,,2026-06-06,2026-06-06T10:26:30.913Z,2026-06-06T11:57:19.913Z,90.8,12.43,simulation_historical
8230,66425,Thomas,Jourdan,Marketing,CDI,Marche,,2026-02-03,2026-02-03T07:39:30.913Z,2026-02-03T10:13:16.913Z,153.8,6.82,simulation_historical
8231,66425,Thomas,Jourdan,Marketing,CDI,Marche,,2025-11-24,2025-11-24T04:22:30.913Z,2025-11-24T07:05:19.913Z,162.8,8.37,simulation_historical
8232,66425,Thomas,Jourdan,Marketing,CDI,Marche,,2025-10-27,2025-10-27T17:51:30.913Z,2025-10-27T18:58:03.913Z,66.6,1.6,simulation_historical
8233,66425,Thomas,Jourdan,Marketing,CDI,Marche,,2025-11-21,2025-11-21T03:35:30.913Z,2025-11-21T06:22:23.913Z,166.9,10.32,simulation_historical
8234,66425,Thomas,Jourdan,Marketing,CDI,Marche,,2026-05-31,2026-05-31T17:17:30.913Z,2026-05-31T19:12:13.913Z,114.7,11.58,simulation_historical
8235,66425,Thomas,Jourdan,Marketing,CDI,Marche,,2025-10-02,2025-10-02T06:31:30.913Z,2025-10-02T08:24:56.913Z,113.4,12.46,simulation_historical
8236,66425,Thomas,Jourdan,Marketing,CDI,Marche,,2026-01-01,2026-01-01T21:51:30.913Z,2026-01-01T23:24:56.913Z,93.4,2.49,simulation_historical
8237,66425,Thomas,Jourdan,Marketing,CDI,Marche,,2025-12-28,2025-12-28T09:28:30.913Z,2025-12-28T10:48:05.913Z,79.6,8.66,simulation_historical
8238,66425,Thomas,Jourdan,Marketing,CDI,Marche,,2026-05-06,2026-05-06T13:45:30.913Z,2026-05-06T14:36:59.913Z,51.5,9.47,simulation_historical
8239,66425,Thomas,Jourdan,Marketing,CDI,Marche,,2025-10-13,2025-10-13T19:33:30.913Z,2025-10-13T22:03:15.913Z,149.8,3.29,simulation_historical
8240,66425,Thomas,Jourdan,Marketing,CDI,Marche,,2026-01-19,2026-01-19T21:24:30.913Z,2026-01-19T23:26:09.913Z,121.7,10.24,simulation_historical
8241,66425,Thomas,Jourdan,Marketing,CDI,Marche,,2026-03-06,2026-03-06T18:07:30.913Z,2026-03-06T18:36:44.913Z,29.2,6.28,simulation_historical
8242,66425,Thomas,Jourdan,Marketing,CDI,Marche,,2025-09-22,2025-09-22T12:04:30.913Z,2025-09-22T14:02:29.913Z,118.0,1.13,simulation_historical
8243,66425,Thomas,Jourdan,Marketing,CDI,Marche,,2026-06-27,2026-06-27T02:14:30.913Z,2026-06-27T04:05:53.913Z,111.4,6.52,simulation_historical
8244,66425,Thomas,Jourdan,Marketing,CDI,Marche,,2025-10-20,2025-10-20T12:33:30.913Z,2025-10-20T14:31:15.913Z,117.8,6.02,simulation_historical
8245,66425,Thomas,Jourdan,Marketing,CDI,Marche,,2026-06-25,2026-06-25T01:10:30.913Z,2026-06-25T02:21:20.913Z,70.8,13.32,simulation_historical
8246,66425,Thomas,Jourdan,Marketing,CDI,Marche,,2026-09-05,2026-09-05T00:53:30.913Z,2026-09-05T03:18:08.913Z,144.6,10.73,simulation_historical
8247,66425,Thomas,Jourdan,Marketing,CDI,Marche,,2025-11-25,2025-11-25T17:17:30.913Z,2025-11-25T19:26:32.913Z,129.0,8.76,simulation_historical
8248,66425,Thomas,Jourdan,Marketing,CDI,Marche,,2026-05-15,2026-05-15T06:58:30.913Z,2026-05-15T09:00:24.913Z,121.9,10.85,simulation_historical
8249,66425,Thomas,Jourdan,Marketing,CDI,Marche,,2026-03-28,2026-03-28T00:01:30.913Z,2026-03-28T02:11:02.913Z,129.5,5.92,simulation_historical
8250,66425,Thomas,Jourdan,Marketing,CDI,Marche,,2026-08-27,2026-08-27T07:56:30.913Z,2026-08-27T10:34:56.913Z,158.4,2.77,simulation_historical
8251,66425,Thomas,Jourdan,Marketing,CDI,Marche,,2026-02-13,2026-02-13T01:55:30.913Z,2026-02-13T03:29:03.913Z,93.6,10.46,simulation_historical
8252,66425,Thomas,Jourdan,Marketing,CDI,Marche,,2026-02-22,2026-02-22T21:43:30.913Z,2026-02-22T22:48:17.913Z,64.8,9.39,simulation_historical
8253,66425,Thomas,Jourdan,Marketing,CDI,Marche,,2026-06-23,2026-06-23T05:48:30.913Z,2026-06-23T08:31:36.913Z,163.1,4.25,simulation_historical
8254,66425,Thomas,Jourdan,Marketing,CDI,Marche,,2025-11-30,2025-11-30T11:36:30.913Z,2025-11-30T13:27:28.913Z,111.0,13.92,simulation_historical
8255,66425,Thomas,Jourdan,Marketing,CDI,Marche,,2026-08-20,2026-08-20T13:25:30.913Z,2026-08-20T14:24:07.913Z,58.6,14.13,simulation_historical
8256,66425,Thomas,Jourdan,Marketing,CDI,Marche,,2026-03-23,2026-03-23T01:19:30.913Z,2026-03-23T02:24:38.913Z,65.1,8.55,simulation_historical
8257,66425,Thomas,Jourdan,Marketing,CDI,Marche,,2026-09-15,2026-09-15T18:35:30.913Z,2026-09-15T19:50:13.913Z,74.7,3.82,simulation_historical
8258,66425,Thomas,Jourdan,Marketing,CDI,Marche,,2026-04-15,2026-04-15T06:39:30.913Z,2026-04-15T07:49:54.913Z,70.4,4.87,simulation_historical
8259,66425,Thomas,Jourdan,Marketing,CDI,Marche,,2026-06-04,2026-06-04T02:39:30.913Z,2026-06-04T04:06:19.913Z,86.8,3.53,simulation_historical
8260,66425,Thomas,Jourdan,Marketing,CDI,Marche,,2025-09-30,2025-09-30T21:50:30.913Z,2025-09-30T23:52:41.913Z,122.2,1.08,simulation_historical
8261,66425,Thomas,Jourdan,Marketing,CDI,Marche,,2026-01-15,2026-01-15T10:22:30.913Z,2026-01-15T11:09:46.913Z,47.3,8.71,simulation_historical
8262,66425,Thomas,Jourdan,Marketing,CDI,Marche,,2025-12-08,2025-12-08T18:19:30.913Z,2025-12-08T19:37:31.913Z,78.0,8.74,simulation_historical
8263,66425,Thomas,Jourdan,Marketing,CDI,Marche,,2025-10-09,2025-10-09T02:51:30.913Z,2025-10-09T05:18:03.913Z,146.6,12.57,simulation_historical
8264,66425,Thomas,Jourdan,Marketing,CDI,Marche,,2026-05-15,2026-05-15T12:20:30.913Z,2026-05-15T13:15:35.913Z,55.1,6.22,simulation_historical
8265,66425,Thomas,Jourdan,Marketing,CDI,Marche,,2026-07-10,2026-07-10T02:55:30.913Z,2026-07-10T04:44:49.913Z,109.3,5.64,simulation_historical
8266,66425,Thomas,Jourdan,Marketing,CDI,Marche,,2025-10-05,2025-10-05T15:49:30.913Z,2025-10-05T18:05:26.913Z,135.9,10.78,simulation_historical
8267,66425,Thomas,Jourdan,Marketing,CDI,Marche,,2026-02-26,2026-02-26T22:40:30.913Z,2026-02-27T00:35:13.913Z,114.7,9.0,simulation_historical
8268,66425,Thomas,Jourdan,Marketing,CDI,Marche,,2025-10-08,2025-10-08T16:07:30.913Z,2025-10-08T16:34:50.913Z,27.3,4.63,simulation_historical
8269,66425,Thomas,Jourdan,Marketing,CDI,Marche,,2025-11-09,2025-11-09T09:55:30.913Z,2025-11-09T11:19:42.913Z,84.2,7.05,simulation_historical
8270,66425,Thomas,Jourdan,Marketing,CDI,Marche,,2026-03-15,2026-03-15T05:12:30.913Z,2026-03-15T05:32:56.913Z,20.4,11.0,simulation_historical
8271,66425,Thomas,Jourdan,Marketing,CDI,Marche,,2025-11-14,2025-11-14T02:46:30.913Z,2025-11-14T03:27:35.913Z,41.1,11.58,simulation_historical
8272,66425,Thomas,Jourdan,Marketing,CDI,Marche,,2026-05-22,2026-05-22T11:13:30.913Z,2026-05-22T12:24:49.913Z,71.3,1.72,simulation_historical
8273,66425,Thomas,Jourdan,Marketing,CDI,Marche,,2026-05-31,2026-05-31T06:17:30.913Z,2026-05-31T07:02:51.913Z,45.4,6.56,simulation_historical
8274,66425,Thomas,Jourdan,Marketing,CDI,Marche,,2026-03-03,2026-03-03T19:33:30.913Z,2026-03-03T21:49:44.913Z,136.2,3.47,simulation_historical
8275,66425,Thomas,Jourdan,Marketing,CDI,Marche,,2026-04-24,2026-04-24T06:20:30.913Z,2026-04-24T08:51:45.913Z,151.3,1.57,simulation_historical
8276,66425,Thomas,Jourdan,Marketing,CDI,Marche,,2026-05-06,2026-05-06T02:33:30.913Z,2026-05-06T03:38:09.913Z,64.7,7.52,simulation_historical
8277,66425,Thomas,Jourdan,Marketing,CDI,Marche,,2025-10-01,2025-10-01T22:51:30.913Z,2025-10-01T23:40:33.913Z,49.1,8.62,simulation_historical
8278,66882,Guillaume,Leleu,Finance,CDI,Judo,Judo,2026-03-22,2026-03-22T17:58:30.913Z,2026-03-22T18:46:11.913Z,47.7,,simulation_historical
8279,66882,Guillaume,Leleu,Finance,CDI,Judo,Judo,2025-10-16,2025-10-16T02:53:30.913Z,2025-10-16T03:16:50.913Z,23.3,,simulation_historical
8280,66882,Guillaume,Leleu,Finance,CDI,Judo,Judo,2026-06-26,2026-06-26T05:36:30.913Z,2026-06-26T08:33:25.913Z,176.9,,simulation_historical
8281,66882,Guillaume,Leleu,Finance,CDI,Judo,Judo,2025-12-31,2025-12-31T03:01:30.913Z,2025-12-31T05:25:39.913Z,144.2,,simulation_historical
8282,66882,Guillaume,Leleu,Finance,CDI,Judo,Judo,2026-09-11,2026-09-11T00:03:30.913Z,2026-09-11T02:13:11.913Z,129.7,,simulation_historical
8283,66882,Guillaume,Leleu,Finance,CDI,Judo,Judo,2026-02-12,2026-02-12T14:25:30.913Z,2026-02-12T16:41:32.913Z,136.0,,simulation_historical
8284,66882,Guillaume,Leleu,Finance,CDI,Judo,Judo,2026-05-06,2026-05-06T16:04:30.913Z,2026-05-06T16:56:09.913Z,51.7,,simulation_historical
8285,66882,Guillaume,Leleu,Finance,CDI,Judo,Judo,2025-11-11,2025-11-11T01:12:30.913Z,2025-11-11T03:14:18.913Z,121.8,,simulation_historical
8286,66882,Guillaume,Leleu,Finance,CDI,Judo,Judo,2026-01-16,2026-01-16T17:23:30.913Z,2026-01-16T20:09:35.913Z,166.1,,simulation_historical
8287,66882,Guillaume,Leleu,Finance,CDI,Judo,Judo,2026-03-14,2026-03-14T11:54:30.913Z,2026-03-14T13:03:20.913Z,68.8,,simulation_historical
8288,67121,Claudine,Pasquier,Finance,CDI,Rugby,Rugby,2025-12-18,2025-12-18T02:49:30.913Z,2025-12-18T03:31:20.913Z,41.8,,simulation_historical
8289,67121,Claudine,Pasquier,Finance,CDI,Rugby,Rugby,2026-07-02,2026-07-02T15:23:30.913Z,2026-07-02T16:53:54.913Z,90.4,,simulation_historical
8290,67121,Claudine,Pasquier,Finance,CDI,Rugby,Rugby,2026-06-06,2026-06-06T22:52:30.913Z,2026-06-07T01:16:44.913Z,144.2,,simulation_historical
8291,67121,Claudine,Pasquier,Finance,CDI,Rugby,Rugby,2026-02-06,2026-02-06T14:15:30.913Z,2026-02-06T15:52:25.913Z,96.9,,simulation_historical
8292,67121,Claudine,Pasquier,Finance,CDI,Rugby,Rugby,2026-08-27,2026-08-27T11:49:30.913Z,2026-08-27T14:23:11.913Z,153.7,,simulation_historical
8293,67121,Claudine,Pasquier,Finance,CDI,Rugby,Rugby,2026-01-24,2026-01-24T04:41:30.913Z,2026-01-24T06:42:20.913Z,120.8,,simulation_historical
8294,67121,Claudine,Pasquier,Finance,CDI,Rugby,Rugby,2026-05-10,2026-05-10T02:23:30.913Z,2026-05-10T04:04:22.913Z,100.9,,simulation_historical
8295,67121,Claudine,Pasquier,Finance,CDI,Rugby,Rugby,2026-09-03,2026-09-03T22:27:30.913Z,2026-09-03T23:36:18.913Z,68.8,,simulation_historical
8296,67121,Claudine,Pasquier,Finance,CDI,Rugby,Rugby,2026-04-19,2026-04-19T04:18:30.913Z,2026-04-19T04:43:17.913Z,24.8,,simulation_historical
8297,67121,Claudine,Pasquier,Finance,CDI,Rugby,Rugby,2026-01-31,2026-01-31T05:25:30.913Z,2026-01-31T05:55:13.913Z,29.7,,simulation_historical
8298,67121,Claudine,Pasquier,Finance,CDI,Rugby,Rugby,2025-11-15,2025-11-15T12:22:30.913Z,2025-11-15T12:52:29.913Z,30.0,,simulation_historical
8299,67121,Claudine,Pasquier,Finance,CDI,Rugby,Rugby,2025-12-17,2025-12-17T16:19:30.913Z,2025-12-17T17:47:23.913Z,87.9,,simulation_historical
8300,67121,Claudine,Pasquier,Finance,CDI,Rugby,Rugby,2026-06-19,2026-06-19T13:10:30.913Z,2026-06-19T13:56:19.913Z,45.8,,simulation_historical
8301,67121,Claudine,Pasquier,Finance,CDI,Rugby,Rugby,2026-07-13,2026-07-13T16:35:30.913Z,2026-07-13T19:10:14.913Z,154.7,,simulation_historical
8302,67121,Claudine,Pasquier,Finance,CDI,Rugby,Rugby,2026-02-08,2026-02-08T07:22:30.913Z,2026-02-08T09:47:34.913Z,145.1,,simulation_historical
8303,67121,Claudine,Pasquier,Finance,CDI,Rugby,Rugby,2025-09-28,2025-09-28T20:29:30.913Z,2025-09-28T23:12:27.913Z,163.0,,simulation_historical
8304,67121,Claudine,Pasquier,Finance,CDI,Rugby,Rugby,2025-11-29,2025-11-29T01:42:30.913Z,2025-11-29T02:23:23.913Z,40.9,,simulation_historical
8305,67121,Claudine,Pasquier,Finance,CDI,Rugby,Rugby,2026-04-02,2026-04-02T04:42:30.913Z,2026-04-02T05:42:34.913Z,60.1,,simulation_historical
8306,67121,Claudine,Pasquier,Finance,CDI,Rugby,Rugby,2025-11-08,2025-11-08T16:04:30.913Z,2025-11-08T16:52:06.913Z,47.6,,simulation_historical
8307,67121,Claudine,Pasquier,Finance,CDI,Rugby,Rugby,2026-03-04,2026-03-04T22:58:30.913Z,2026-03-04T23:40:00.913Z,41.5,,simulation_historical
8308,67121,Claudine,Pasquier,Finance,CDI,Rugby,Rugby,2026-03-27,2026-03-27T18:57:30.913Z,2026-03-27T20:39:57.913Z,102.5,,simulation_historical
8309,67121,Claudine,Pasquier,Finance,CDI,Rugby,Rugby,2026-02-12,2026-02-12T03:43:30.913Z,2026-02-12T04:53:43.913Z,70.2,,simulation_historical
8310,67121,Claudine,Pasquier,Finance,CDI,Rugby,Rugby,2026-05-07,2026-05-07T16:03:30.913Z,2026-05-07T16:45:08.913Z,41.6,,simulation_historical
8311,67121,Claudine,Pasquier,Finance,CDI,Rugby,Rugby,2026-02-07,2026-02-07T11:54:30.913Z,2026-02-07T13:06:49.913Z,72.3,,simulation_historical
8312,67121,Claudine,Pasquier,Finance,CDI,Rugby,Rugby,2025-11-28,2025-11-28T07:25:30.913Z,2025-11-28T10:05:52.913Z,160.4,,simulation_historical
8313,67121,Claudine,Pasquier,Finance,CDI,Rugby,Rugby,2025-12-14,2025-12-14T08:00:30.913Z,2025-12-14T08:33:50.913Z,33.3,,simulation_historical
8314,67121,Claudine,Pasquier,Finance,CDI,Rugby,Rugby,2026-03-08,2026-03-08T21:14:30.913Z,2026-03-08T22:33:15.913Z,78.8,,simulation_historical
8315,67121,Claudine,Pasquier,Finance,CDI,Rugby,Rugby,2026-02-05,2026-02-05T06:57:30.913Z,2026-02-05T08:08:12.913Z,70.7,,simulation_historical
8316,67121,Claudine,Pasquier,Finance,CDI,Rugby,Rugby,2026-04-27,2026-04-27T23:02:30.913Z,2026-04-27T23:34:59.913Z,32.5,,simulation_historical
8317,67121,Claudine,Pasquier,Finance,CDI,Rugby,Rugby,2025-11-11,2025-11-11T02:46:30.913Z,2025-11-11T03:55:59.913Z,69.5,,simulation_historical
8318,67121,Claudine,Pasquier,Finance,CDI,Rugby,Rugby,2025-10-04,2025-10-04T06:27:30.913Z,2025-10-04T06:48:52.913Z,21.4,,simulation_historical
8319,67121,Claudine,Pasquier,Finance,CDI,Rugby,Rugby,2026-02-20,2026-02-20T09:43:30.913Z,2026-02-20T11:56:38.913Z,133.1,,simulation_historical
8320,68454,Catherine,Ribeiro,Support,CDI,Marche,,2026-07-12,2026-07-12T07:27:30.913Z,2026-07-12T09:53:46.913Z,146.3,10.82,simulation_historical
8321,68454,Catherine,Ribeiro,Support,CDI,Marche,,2025-10-26,2025-10-26T05:38:30.913Z,2025-10-26T06:58:56.913Z,80.4,4.68,simulation_historical
8322,68454,Catherine,Ribeiro,Support,CDI,Marche,,2026-09-06,2026-09-06T17:24:30.913Z,2026-09-06T18:44:51.913Z,80.4,2.04,simulation_historical
8323,68454,Catherine,Ribeiro,Support,CDI,Marche,,2025-11-07,2025-11-07T05:58:30.913Z,2025-11-07T08:24:17.913Z,145.8,10.63,simulation_historical
8324,68454,Catherine,Ribeiro,Support,CDI,Marche,,2026-02-12,2026-02-12T19:06:30.913Z,2026-02-12T20:56:16.913Z,109.8,9.87,simulation_historical
8325,68454,Catherine,Ribeiro,Support,CDI,Marche,,2026-02-28,2026-02-28T23:45:30.913Z,2026-03-01T02:37:46.913Z,172.3,1.21,simulation_historical
8326,68454,Catherine,Ribeiro,Support,CDI,Marche,,2026-03-25,2026-03-25T05:24:30.913Z,2026-03-25T07:19:04.913Z,114.6,14.48,simulation_historical
8327,68454,Catherine,Ribeiro,Support,CDI,Marche,,2026-02-01,2026-02-01T11:15:30.913Z,2026-02-01T13:51:45.913Z,156.3,4.45,simulation_historical
8328,68454,Catherine,Ribeiro,Support,CDI,Marche,,2025-12-17,2025-12-17T17:34:30.913Z,2025-12-17T19:41:00.913Z,126.5,5.19,simulation_historical
8329,68454,Catherine,Ribeiro,Support,CDI,Marche,,2026-02-22,2026-02-22T14:02:30.913Z,2026-02-22T16:58:30.913Z,176.0,2.29,simulation_historical
8330,68454,Catherine,Ribeiro,Support,CDI,Marche,,2025-10-28,2025-10-28T00:09:30.913Z,2025-10-28T02:03:47.913Z,114.3,2.36,simulation_historical
8331,68454,Catherine,Ribeiro,Support,CDI,Marche,,2026-06-01,2026-06-01T16:11:30.913Z,2026-06-01T18:12:18.913Z,120.8,5.98,simulation_historical
8332,68454,Catherine,Ribeiro,Support,CDI,Marche,,2026-04-20,2026-04-20T05:16:30.913Z,2026-04-20T07:44:07.913Z,147.6,1.48,simulation_historical
8333,68454,Catherine,Ribeiro,Support,CDI,Marche,,2026-06-28,2026-06-28T20:07:30.913Z,2026-06-28T21:13:01.913Z,65.5,11.23,simulation_historical
8334,68454,Catherine,Ribeiro,Support,CDI,Marche,,2026-03-19,2026-03-19T21:17:30.913Z,2026-03-19T23:30:55.913Z,133.4,13.53,simulation_historical
8335,68454,Catherine,Ribeiro,Support,CDI,Marche,,2026-09-05,2026-09-05T06:09:30.913Z,2026-09-05T08:43:30.913Z,154.0,4.85,simulation_historical
8336,68454,Catherine,Ribeiro,Support,CDI,Marche,,2026-03-07,2026-03-07T22:36:30.913Z,2026-03-08T00:39:50.913Z,123.3,10.95,simulation_historical
8337,68454,Catherine,Ribeiro,Support,CDI,Marche,,2026-07-15,2026-07-15T12:19:30.913Z,2026-07-15T13:39:06.913Z,79.6,4.46,simulation_historical
8338,68454,Catherine,Ribeiro,Support,CDI,Marche,,2026-07-21,2026-07-21T21:26:30.913Z,2026-07-21T22:35:16.913Z,68.8,3.61,simulation_historical
8339,68454,Catherine,Ribeiro,Support,CDI,Marche,,2026-02-22,2026-02-22T22:18:30.913Z,2026-02-23T00:14:37.913Z,116.1,13.31,simulation_historical
8340,68454,Catherine,Ribeiro,Support,CDI,Marche,,2026-05-28,2026-05-28T01:47:30.913Z,2026-05-28T03:23:39.913Z,96.2,6.23,simulation_historical
8341,68454,Catherine,Ribeiro,Support,CDI,Marche,,2026-03-14,2026-03-14T19:38:30.913Z,2026-03-14T21:25:16.913Z,106.8,9.23,simulation_historical
8342,68454,Catherine,Ribeiro,Support,CDI,Marche,,2025-12-15,2025-12-15T22:19:30.913Z,2025-12-15T23:40:58.913Z,81.5,7.62,simulation_historical
8343,68454,Catherine,Ribeiro,Support,CDI,Marche,,2026-01-06,2026-01-06T01:26:30.913Z,2026-01-06T03:49:13.913Z,142.7,3.57,simulation_historical
8344,68454,Catherine,Ribeiro,Support,CDI,Marche,,2026-06-18,2026-06-18T03:26:30.913Z,2026-06-18T03:47:24.913Z,20.9,9.73,simulation_historical
8345,68454,Catherine,Ribeiro,Support,CDI,Marche,,2026-03-29,2026-03-29T01:03:30.913Z,2026-03-29T02:10:32.913Z,67.0,12.2,simulation_historical
8346,68454,Catherine,Ribeiro,Support,CDI,Marche,,2026-07-28,2026-07-28T03:07:30.913Z,2026-07-28T05:21:40.913Z,134.2,7.85,simulation_historical
8347,68454,Catherine,Ribeiro,Support,CDI,Marche,,2026-02-18,2026-02-18T09:04:30.913Z,2026-02-18T09:32:25.913Z,27.9,11.14,simulation_historical
8348,68454,Catherine,Ribeiro,Support,CDI,Marche,,2026-05-25,2026-05-25T11:05:30.913Z,2026-05-25T13:42:57.913Z,157.5,2.32,simulation_historical
8349,68454,Catherine,Ribeiro,Support,CDI,Marche,,2025-11-13,2025-11-13T20:58:30.913Z,2025-11-13T23:10:07.913Z,131.6,1.37,simulation_historical
8350,68454,Catherine,Ribeiro,Support,CDI,Marche,,2026-04-02,2026-04-02T20:29:30.913Z,2026-04-02T21:34:57.913Z,65.5,10.33,simulation_historical
8351,68454,Catherine,Ribeiro,Support,CDI,Marche,,2025-10-31,2025-10-31T00:01:30.913Z,2025-10-31T00:46:20.913Z,44.8,7.07,simulation_historical
8352,68454,Catherine,Ribeiro,Support,CDI,Marche,,2026-09-04,2026-09-04T16:06:30.913Z,2026-09-04T18:12:48.913Z,126.3,10.04,simulation_historical
8353,68454,Catherine,Ribeiro,Support,CDI,Marche,,2025-12-29,2025-12-29T08:50:30.913Z,2025-12-29T09:54:34.913Z,64.1,8.5,simulation_historical
8354,68454,Catherine,Ribeiro,Support,CDI,Marche,,2026-03-11,2026-03-11T15:49:30.913Z,2026-03-11T17:14:50.913Z,85.3,3.87,simulation_historical
8355,68454,Catherine,Ribeiro,Support,CDI,Marche,,2026-01-17,2026-01-17T16:46:30.913Z,2026-01-17T18:01:03.913Z,74.6,6.29,simulation_historical
8356,68454,Catherine,Ribeiro,Support,CDI,Marche,,2026-07-11,2026-07-11T06:40:30.913Z,2026-07-11T07:08:56.913Z,28.4,4.39,simulation_historical
8357,68454,Catherine,Ribeiro,Support,CDI,Marche,,2025-11-25,2025-11-25T01:15:30.913Z,2025-11-25T02:42:24.913Z,86.9,12.2,simulation_historical
8358,68454,Catherine,Ribeiro,Support,CDI,Marche,,2025-11-12,2025-11-12T01:29:30.913Z,2025-11-12T02:37:47.913Z,68.3,8.56,simulation_historical
8359,68454,Catherine,Ribeiro,Support,CDI,Marche,,2026-01-02,2026-01-02T19:37:30.913Z,2026-01-02T21:27:57.913Z,110.5,3.61,simulation_historical
8360,68454,Catherine,Ribeiro,Support,CDI,Marche,,2026-05-14,2026-05-14T00:58:30.913Z,2026-05-14T01:37:34.913Z,39.1,1.11,simulation_historical
8361,68454,Catherine,Ribeiro,Support,CDI,Marche,,2026-08-30,2026-08-30T18:01:30.913Z,2026-08-30T20:12:27.913Z,131.0,9.52,simulation_historical
8362,68454,Catherine,Ribeiro,Support,CDI,Marche,,2026-01-19,2026-01-19T03:40:30.913Z,2026-01-19T05:54:23.913Z,133.9,5.26,simulation_historical
8363,68454,Catherine,Ribeiro,Support,CDI,Marche,,2025-12-15,2025-12-15T11:59:30.913Z,2025-12-15T14:45:21.913Z,165.9,12.71,simulation_historical
8364,68454,Catherine,Ribeiro,Support,CDI,Marche,,2026-09-04,2026-09-04T01:14:30.913Z,2026-09-04T01:50:49.913Z,36.3,5.8,simulation_historical
8365,68454,Catherine,Ribeiro,Support,CDI,Marche,,2026-02-24,2026-02-24T15:55:30.913Z,2026-02-24T16:26:23.913Z,30.9,6.95,simulation_historical
8366,68454,Catherine,Ribeiro,Support,CDI,Marche,,2026-02-23,2026-02-23T16:45:30.913Z,2026-02-23T19:25:11.913Z,159.7,11.31,simulation_historical
8367,69938,Valérie,Guillou,Ventes,CDI,Randonnée,Randonnée,2026-02-03,2026-02-03T01:54:30.913Z,2026-02-03T02:48:22.913Z,53.9,5.4,simulation_historical
8368,69938,Valérie,Guillou,Ventes,CDI,Randonnée,Randonnée,2026-07-04,2026-07-04T06:56:30.913Z,2026-07-04T09:54:49.913Z,178.3,26.69,simulation_historical
8369,69938,Valérie,Guillou,Ventes,CDI,Randonnée,Randonnée,2026-07-20,2026-07-20T16:34:30.913Z,2026-07-20T18:34:34.913Z,120.1,15.53,simulation_historical
8370,69938,Valérie,Guillou,Ventes,CDI,Randonnée,Randonnée,2025-10-15,2025-10-15T05:35:30.913Z,2025-10-15T07:01:52.913Z,86.4,28.07,simulation_historical
8371,69938,Valérie,Guillou,Ventes,CDI,Randonnée,Randonnée,2026-01-12,2026-01-12T09:28:30.913Z,2026-01-12T10:15:01.913Z,46.5,12.81,simulation_historical
8372,69938,Valérie,Guillou,Ventes,CDI,Randonnée,Randonnée,2025-10-22,2025-10-22T17:40:30.913Z,2025-10-22T20:05:37.913Z,145.1,25.24,simulation_historical
8373,69938,Valérie,Guillou,Ventes,CDI,Randonnée,Randonnée,2026-01-08,2026-01-08T07:56:30.913Z,2026-01-08T09:27:29.913Z,91.0,13.22,simulation_historical
8374,69938,Valérie,Guillou,Ventes,CDI,Randonnée,Randonnée,2026-04-17,2026-04-17T17:16:30.913Z,2026-04-17T19:06:47.913Z,110.3,27.8,simulation_historical
8375,69938,Valérie,Guillou,Ventes,CDI,Randonnée,Randonnée,2026-01-28,2026-01-28T17:28:30.913Z,2026-01-28T20:23:39.913Z,175.2,11.02,simulation_historical
8376,69938,Valérie,Guillou,Ventes,CDI,Randonnée,Randonnée,2025-11-16,2025-11-16T13:56:30.913Z,2025-11-16T14:54:44.913Z,58.2,6.85,simulation_historical
8377,69938,Valérie,Guillou,Ventes,CDI,Randonnée,Randonnée,2025-12-23,2025-12-23T06:43:30.913Z,2025-12-23T08:03:51.913Z,80.4,14.15,simulation_historical
8378,69938,Valérie,Guillou,Ventes,CDI,Randonnée,Randonnée,2025-12-02,2025-12-02T03:59:30.913Z,2025-12-02T05:39:01.913Z,99.5,12.05,simulation_historical
8379,69938,Valérie,Guillou,Ventes,CDI,Randonnée,Randonnée,2026-06-26,2026-06-26T21:04:30.913Z,2026-06-26T22:47:42.913Z,103.2,17.57,simulation_historical
8380,69938,Valérie,Guillou,Ventes,CDI,Randonnée,Randonnée,2026-02-02,2026-02-02T18:26:30.913Z,2026-02-02T19:28:40.913Z,62.2,26.37,simulation_historical
8381,69938,Valérie,Guillou,Ventes,CDI,Randonnée,Randonnée,2025-09-26,2025-09-26T11:35:30.913Z,2025-09-26T13:15:19.913Z,99.8,14.59,simulation_historical
8382,69938,Valérie,Guillou,Ventes,CDI,Randonnée,Randonnée,2026-05-07,2026-05-07T19:30:30.913Z,2026-05-07T19:58:08.913Z,27.6,29.88,simulation_historical
8383,69938,Valérie,Guillou,Ventes,CDI,Randonnée,Randonnée,2026-05-30,2026-05-30T21:25:30.913Z,2026-05-30T22:26:00.913Z,60.5,21.14,simulation_historical
8384,69938,Valérie,Guillou,Ventes,CDI,Randonnée,Randonnée,2026-09-10,2026-09-10T07:21:30.913Z,2026-09-10T10:00:22.913Z,158.9,26.43,simulation_historical
8385,69938,Valérie,Guillou,Ventes,CDI,Randonnée,Randonnée,2025-12-26,2025-12-26T03:14:30.913Z,2025-12-26T04:21:01.913Z,66.5,13.28,simulation_historical
8386,69938,Valérie,Guillou,Ventes,CDI,Randonnée,Randonnée,2025-10-22,2025-10-22T11:07:30.913Z,2025-10-22T13:44:19.913Z,156.8,12.3,simulation_historical
8387,69938,Valérie,Guillou,Ventes,CDI,Randonnée,Randonnée,2025-12-23,2025-12-23T04:20:30.913Z,2025-12-23T06:53:00.913Z,152.5,23.25,simulation_historical
8388,69938,Valérie,Guillou,Ventes,CDI,Randonnée,Randonnée,2026-06-21,2026-06-21T23:14:30.913Z,2026-06-22T00:22:23.913Z,67.9,17.86,simulation_historical
8389,69938,Valérie,Guillou,Ventes,CDI,Randonnée,Randonnée,2026-03-06,2026-03-06T15:02:30.913Z,2026-03-06T15:40:10.913Z,37.7,13.22,simulation_historical
8390,69938,Valérie,Guillou,Ventes,CDI,Randonnée,Randonnée,2026-05-24,2026-05-24T06:31:30.913Z,2026-05-24T07:52:45.913Z,81.3,6.92,simulation_historical
8391,69938,Valérie,Guillou,Ventes,CDI,Randonnée,Randonnée,2026-04-26,2026-04-26T19:55:30.913Z,2026-04-26T20:48:09.913Z,52.7,23.3,simulation_historical
8392,69938,Valérie,Guillou,Ventes,CDI,Randonnée,Randonnée,2026-06-08,2026-06-08T04:13:30.913Z,2026-06-08T06:38:55.913Z,145.4,20.66,simulation_historical
8393,69938,Valérie,Guillou,Ventes,CDI,Randonnée,Randonnée,2025-10-25,2025-10-25T14:51:30.913Z,2025-10-25T17:34:37.913Z,163.1,9.48,simulation_historical
8394,69938,Valérie,Guillou,Ventes,CDI,Randonnée,Randonnée,2026-06-05,2026-06-05T04:02:30.913Z,2026-06-05T04:31:28.913Z,29.0,15.06,simulation_historical
8395,69938,Valérie,Guillou,Ventes,CDI,Randonnée,Randonnée,2025-10-31,2025-10-31T12:23:30.913Z,2025-10-31T15:02:03.913Z,158.6,4.2,simulation_historical
8396,69938,Valérie,Guillou,Ventes,CDI,Randonnée,Randonnée,2026-04-30,2026-04-30T22:10:30.913Z,2026-05-01T00:57:20.913Z,166.8,4.6,simulation_historical
8397,69938,Valérie,Guillou,Ventes,CDI,Randonnée,Randonnée,2026-08-19,2026-08-19T01:08:30.913Z,2026-08-19T03:51:17.913Z,162.8,10.13,simulation_historical
8398,69938,Valérie,Guillou,Ventes,CDI,Randonnée,Randonnée,2026-05-14,2026-05-14T06:53:30.913Z,2026-05-14T08:03:23.913Z,69.9,24.6,simulation_historical
8399,69938,Valérie,Guillou,Ventes,CDI,Randonnée,Randonnée,2025-10-18,2025-10-18T08:30:30.913Z,2025-10-18T10:55:02.913Z,144.5,7.81,simulation_historical
8400,69938,Valérie,Guillou,Ventes,CDI,Randonnée,Randonnée,2026-08-26,2026-08-26T20:27:30.913Z,2026-08-26T23:18:13.913Z,170.7,11.09,simulation_historical
8401,69938,Valérie,Guillou,Ventes,CDI,Randonnée,Randonnée,2026-07-31,2026-07-31T16:32:30.913Z,2026-07-31T17:09:53.913Z,37.4,6.34,simulation_historical
8402,69938,Valérie,Guillou,Ventes,CDI,Randonnée,Randonnée,2025-12-23,2025-12-23T06:41:30.913Z,2025-12-23T07:58:13.913Z,76.7,9.46,simulation_historical
8403,69938,Valérie,Guillou,Ventes,CDI,Randonnée,Randonnée,2026-05-14,2026-05-14T20:56:30.913Z,2026-05-14T23:55:13.913Z,178.7,17.64,simulation_historical
8404,69938,Valérie,Guillou,Ventes,CDI,Randonnée,Randonnée,2026-01-22,2026-01-22T12:10:30.913Z,2026-01-22T12:44:26.913Z,33.9,12.45,simulation_historical
8405,69938,Valérie,Guillou,Ventes,CDI,Randonnée,Randonnée,2025-10-27,2025-10-27T13:32:30.913Z,2025-10-27T16:03:06.913Z,150.6,5.81,simulation_historical
8406,69938,Valérie,Guillou,Ventes,CDI,Randonnée,Randonnée,2026-02-02,2026-02-02T13:14:30.913Z,2026-02-02T14:28:24.913Z,73.9,5.27,simulation_historical
8407,69938,Valérie,Guillou,Ventes,CDI,Randonnée,Randonnée,2025-12-12,2025-12-12T21:31:30.913Z,2025-12-13T00:04:32.913Z,153.0,11.83,simulation_historical
8408,69938,Valérie,Guillou,Ventes,CDI,Randonnée,Randonnée,2025-11-29,2025-11-29T15:07:30.913Z,2025-11-29T17:24:51.913Z,137.4,5.65,simulation_historical
8409,69938,Valérie,Guillou,Ventes,CDI,Randonnée,Randonnée,2026-02-01,2026-02-01T19:32:30.913Z,2026-02-01T21:57:05.913Z,144.6,2.02,simulation_historical
8410,69938,Valérie,Guillou,Ventes,CDI,Randonnée,Randonnée,2026-05-11,2026-05-11T02:06:30.913Z,2026-05-11T03:40:25.913Z,93.9,18.14,simulation_historical
8411,69938,Valérie,Guillou,Ventes,CDI,Randonnée,Randonnée,2025-10-28,2025-10-28T10:23:30.913Z,2025-10-28T13:02:01.913Z,158.5,17.84,simulation_historical
8412,69938,Valérie,Guillou,Ventes,CDI,Randonnée,Randonnée,2025-12-27,2025-12-27T06:03:30.913Z,2025-12-27T07:45:19.913Z,101.8,10.66,simulation_historical
8413,70575,Charlene,Munoz,R&D,CDI,Randonnée,Randonnée,2026-05-12,2026-05-12T05:27:30.913Z,2026-05-12T08:20:45.913Z,173.3,18.48,simulation_historical
8414,70575,Charlene,Munoz,R&D,CDI,Randonnée,Randonnée,2026-04-10,2026-04-10T19:16:30.913Z,2026-04-10T20:06:56.913Z,50.4,26.79,simulation_historical
8415,70575,Charlene,Munoz,R&D,CDI,Randonnée,Randonnée,2026-06-15,2026-06-15T00:44:30.913Z,2026-06-15T02:31:39.913Z,107.2,18.7,simulation_historical
8416,70575,Charlene,Munoz,R&D,CDI,Randonnée,Randonnée,2026-01-19,2026-01-19T00:34:30.913Z,2026-01-19T01:43:19.913Z,68.8,4.15,simulation_historical
8417,70575,Charlene,Munoz,R&D,CDI,Randonnée,Randonnée,2026-02-06,2026-02-06T18:25:30.913Z,2026-02-06T19:11:19.913Z,45.8,16.52,simulation_historical
8418,70575,Charlene,Munoz,R&D,CDI,Randonnée,Randonnée,2026-03-24,2026-03-24T19:01:30.913Z,2026-03-24T21:48:34.913Z,167.1,28.95,simulation_historical
8419,70575,Charlene,Munoz,R&D,CDI,Randonnée,Randonnée,2026-06-15,2026-06-15T08:55:30.913Z,2026-06-15T09:45:11.913Z,49.7,27.0,simulation_historical
8420,70575,Charlene,Munoz,R&D,CDI,Randonnée,Randonnée,2026-05-21,2026-05-21T09:25:30.913Z,2026-05-21T12:02:31.913Z,157.0,12.01,simulation_historical
8421,70575,Charlene,Munoz,R&D,CDI,Randonnée,Randonnée,2026-04-05,2026-04-05T23:14:30.913Z,2026-04-06T00:02:36.913Z,48.1,24.44,simulation_historical
8422,70575,Charlene,Munoz,R&D,CDI,Randonnée,Randonnée,2026-04-15,2026-04-15T20:31:30.913Z,2026-04-15T23:27:25.913Z,175.9,24.02,simulation_historical
8423,70575,Charlene,Munoz,R&D,CDI,Randonnée,Randonnée,2026-06-29,2026-06-29T05:34:30.913Z,2026-06-29T06:46:54.913Z,72.4,27.11,simulation_historical
8424,70575,Charlene,Munoz,R&D,CDI,Randonnée,Randonnée,2026-02-26,2026-02-26T09:50:30.913Z,2026-02-26T10:53:37.913Z,63.1,21.99,simulation_historical
8425,70575,Charlene,Munoz,R&D,CDI,Randonnée,Randonnée,2025-10-12,2025-10-12T10:24:30.913Z,2025-10-12T13:05:31.913Z,161.0,17.52,simulation_historical
8426,70575,Charlene,Munoz,R&D,CDI,Randonnée,Randonnée,2025-10-16,2025-10-16T19:54:30.913Z,2025-10-16T22:08:20.913Z,133.8,27.55,simulation_historical
8427,70575,Charlene,Munoz,R&D,CDI,Randonnée,Randonnée,2026-05-02,2026-05-02T07:45:30.913Z,2026-05-02T09:17:16.913Z,91.8,17.47,simulation_historical
8428,70575,Charlene,Munoz,R&D,CDI,Randonnée,Randonnée,2026-04-14,2026-04-14T04:35:30.913Z,2026-04-14T06:19:07.913Z,103.6,12.94,simulation_historical
8429,70575,Charlene,Munoz,R&D,CDI,Randonnée,Randonnée,2026-03-18,2026-03-18T16:24:30.913Z,2026-03-18T18:47:18.913Z,142.8,12.09,simulation_historical
8430,70575,Charlene,Munoz,R&D,CDI,Randonnée,Randonnée,2026-02-10,2026-02-10T21:19:30.913Z,2026-02-10T23:33:24.913Z,133.9,2.19,simulation_historical
8431,70575,Charlene,Munoz,R&D,CDI,Randonnée,Randonnée,2026-02-22,2026-02-22T14:18:30.913Z,2026-02-22T16:15:03.913Z,116.6,23.16,simulation_historical
8432,70575,Charlene,Munoz,R&D,CDI,Randonnée,Randonnée,2026-07-07,2026-07-07T00:55:30.913Z,2026-07-07T02:30:22.913Z,94.9,2.64,simulation_historical
8433,70575,Charlene,Munoz,R&D,CDI,Randonnée,Randonnée,2025-09-21,2025-09-21T09:31:30.913Z,2025-09-21T11:01:23.913Z,89.9,11.66,simulation_historical
8434,70575,Charlene,Munoz,R&D,CDI,Randonnée,Randonnée,2026-03-09,2026-03-09T15:24:30.913Z,2026-03-09T17:41:14.913Z,136.7,27.92,simulation_historical
8435,70575,Charlene,Munoz,R&D,CDI,Randonnée,Randonnée,2026-03-05,2026-03-05T05:09:30.913Z,2026-03-05T08:02:24.913Z,172.9,26.22,simulation_historical
8436,70575,Charlene,Munoz,R&D,CDI,Randonnée,Randonnée,2026-06-06,2026-06-06T09:05:30.913Z,2026-06-06T11:42:50.913Z,157.3,16.42,simulation_historical
8437,70575,Charlene,Munoz,R&D,CDI,Randonnée,Randonnée,2026-04-29,2026-04-29T12:40:30.913Z,2026-04-29T14:06:53.913Z,86.4,7.26,simulation_historical
8438,70575,Charlene,Munoz,R&D,CDI,Randonnée,Randonnée,2026-04-02,2026-04-02T16:14:30.913Z,2026-04-02T18:42:48.913Z,148.3,3.51,simulation_historical
8439,70575,Charlene,Munoz,R&D,CDI,Randonnée,Randonnée,2025-10-14,2025-10-14T03:00:30.913Z,2025-10-14T05:33:29.913Z,153.0,10.19,simulation_historical
8440,70575,Charlene,Munoz,R&D,CDI,Randonnée,Randonnée,2026-04-25,2026-04-25T20:07:30.913Z,2026-04-25T22:09:54.913Z,122.4,3.94,simulation_historical
8441,70575,Charlene,Munoz,R&D,CDI,Randonnée,Randonnée,2026-07-27,2026-07-27T14:04:30.913Z,2026-07-27T15:58:04.913Z,113.6,11.05,simulation_historical
8442,70575,Charlene,Munoz,R&D,CDI,Randonnée,Randonnée,2025-12-15,2025-12-15T04:16:30.913Z,2025-12-15T05:54:06.913Z,97.6,5.64,simulation_historical
8443,70575,Charlene,Munoz,R&D,CDI,Randonnée,Randonnée,2026-01-18,2026-01-18T10:48:30.913Z,2026-01-18T11:28:42.913Z,40.2,12.63,simulation_historical
8444,70575,Charlene,Munoz,R&D,CDI,Randonnée,Randonnée,2026-02-17,2026-02-17T10:49:30.913Z,2026-02-17T11:50:34.913Z,61.1,21.33,simulation_historical
8445,70575,Charlene,Munoz,R&D,CDI,Randonnée,Randonnée,2026-04-15,2026-04-15T21:32:30.913Z,2026-04-16T00:25:55.913Z,173.4,4.88,simulation_historical
8446,70575,Charlene,Munoz,R&D,CDI,Randonnée,Randonnée,2026-02-04,2026-02-04T08:24:30.913Z,2026-02-04T11:20:53.913Z,176.4,19.91,simulation_historical
8447,70575,Charlene,Munoz,R&D,CDI,Randonnée,Randonnée,2025-10-13,2025-10-13T07:09:30.913Z,2025-10-13T09:54:30.913Z,165.0,28.78,simulation_historical
8448,70575,Charlene,Munoz,R&D,CDI,Randonnée,Randonnée,2026-04-19,2026-04-19T17:43:30.913Z,2026-04-19T18:41:51.913Z,58.4,27.3,simulation_historical
8449,70575,Charlene,Munoz,R&D,CDI,Randonnée,Randonnée,2026-08-12,2026-08-12T16:59:30.913Z,2026-08-12T18:45:13.913Z,105.7,29.97,simulation_historical
8450,70575,Charlene,Munoz,R&D,CDI,Randonnée,Randonnée,2026-03-16,2026-03-16T00:57:30.913Z,2026-03-16T02:16:09.913Z,78.7,8.03,simulation_historical
8451,70575,Charlene,Munoz,R&D,CDI,Randonnée,Randonnée,2026-04-05,2026-04-05T01:30:30.913Z,2026-04-05T03:56:19.913Z,145.8,13.87,simulation_historical
8452,70643,Antoine,Rodriguez,Finance,CDI,Marche,,2026-06-06,2026-06-06T17:59:30.913Z,2026-06-06T19:30:13.913Z,90.7,5.18,simulation_historical
8453,70643,Antoine,Rodriguez,Finance,CDI,Marche,,2025-11-10,2025-11-10T15:45:30.913Z,2025-11-10T16:11:49.913Z,26.3,3.3,simulation_historical
8454,70643,Antoine,Rodriguez,Finance,CDI,Marche,,2026-07-16,2026-07-16T19:18:30.913Z,2026-07-16T21:35:11.913Z,136.7,7.49,simulation_historical
8455,70643,Antoine,Rodriguez,Finance,CDI,Marche,,2026-01-10,2026-01-10T13:51:30.913Z,2026-01-10T16:35:47.913Z,164.3,1.99,simulation_historical
8456,70643,Antoine,Rodriguez,Finance,CDI,Marche,,2025-12-28,2025-12-28T04:43:30.913Z,2025-12-28T07:37:58.913Z,174.5,8.16,simulation_historical
8457,70643,Antoine,Rodriguez,Finance,CDI,Marche,,2026-08-30,2026-08-30T22:49:30.913Z,2026-08-31T00:38:48.913Z,109.3,13.95,simulation_historical
8458,70643,Antoine,Rodriguez,Finance,CDI,Marche,,2025-12-15,2025-12-15T00:26:30.913Z,2025-12-15T03:23:27.913Z,177.0,6.47,simulation_historical
8459,70643,Antoine,Rodriguez,Finance,CDI,Marche,,2025-10-27,2025-10-27T12:57:30.913Z,2025-10-27T13:38:07.913Z,40.6,10.26,simulation_historical
8460,70643,Antoine,Rodriguez,Finance,CDI,Marche,,2026-07-30,2026-07-30T21:55:30.913Z,2026-07-30T22:46:10.913Z,50.7,9.71,simulation_historical
8461,70643,Antoine,Rodriguez,Finance,CDI,Marche,,2026-06-26,2026-06-26T22:50:30.913Z,2026-06-26T23:34:27.913Z,44.0,10.4,simulation_historical
8462,70643,Antoine,Rodriguez,Finance,CDI,Marche,,2026-01-19,2026-01-19T20:03:30.913Z,2026-01-19T21:15:37.913Z,72.1,13.32,simulation_historical
8463,70643,Antoine,Rodriguez,Finance,CDI,Marche,,2026-08-09,2026-08-09T18:17:30.913Z,2026-08-09T19:53:06.913Z,95.6,8.63,simulation_historical
8464,70643,Antoine,Rodriguez,Finance,CDI,Marche,,2026-01-27,2026-01-27T16:35:30.913Z,2026-01-27T18:25:43.913Z,110.2,2.2,simulation_historical
8465,70643,Antoine,Rodriguez,Finance,CDI,Marche,,2026-06-14,2026-06-14T19:08:30.913Z,2026-06-14T21:01:17.913Z,112.8,8.44,simulation_historical
8466,70643,Antoine,Rodriguez,Finance,CDI,Marche,,2025-12-19,2025-12-19T16:57:30.913Z,2025-12-19T19:15:34.913Z,138.1,1.35,simulation_historical
8467,70643,Antoine,Rodriguez,Finance,CDI,Marche,,2026-02-22,2026-02-22T21:26:30.913Z,2026-02-22T21:48:14.913Z,21.7,11.22,simulation_historical
8468,70643,Antoine,Rodriguez,Finance,CDI,Marche,,2026-03-01,2026-03-01T15:44:30.913Z,2026-03-01T17:06:00.913Z,81.5,6.28,simulation_historical
8469,70643,Antoine,Rodriguez,Finance,CDI,Marche,,2026-02-10,2026-02-10T11:28:30.913Z,2026-02-10T12:49:21.913Z,80.9,10.57,simulation_historical
8470,70643,Antoine,Rodriguez,Finance,CDI,Marche,,2025-10-06,2025-10-06T05:10:30.913Z,2025-10-06T07:35:29.913Z,145.0,11.71,simulation_historical
8471,70643,Antoine,Rodriguez,Finance,CDI,Marche,,2025-10-11,2025-10-11T08:55:30.913Z,2025-10-11T11:52:21.913Z,176.9,6.81,simulation_historical
8472,70643,Antoine,Rodriguez,Finance,CDI,Marche,,2025-11-25,2025-11-25T11:32:30.913Z,2025-11-25T12:32:59.913Z,60.5,4.38,simulation_historical
8473,70643,Antoine,Rodriguez,Finance,CDI,Marche,,2026-04-12,2026-04-12T10:38:30.913Z,2026-04-12T11:05:39.913Z,27.2,9.74,simulation_historical
8474,70643,Antoine,Rodriguez,Finance,CDI,Marche,,2025-11-12,2025-11-12T13:55:30.913Z,2025-11-12T14:50:16.913Z,54.8,9.85,simulation_historical
8475,70643,Antoine,Rodriguez,Finance,CDI,Marche,,2026-03-22,2026-03-22T13:24:30.913Z,2026-03-22T15:10:36.913Z,106.1,4.77,simulation_historical
8476,70643,Antoine,Rodriguez,Finance,CDI,Marche,,2025-10-15,2025-10-15T09:32:30.913Z,2025-10-15T11:15:13.913Z,102.7,3.68,simulation_historical
8477,70643,Antoine,Rodriguez,Finance,CDI,Marche,,2026-02-11,2026-02-11T07:30:30.913Z,2026-02-11T08:49:49.913Z,79.3,13.65,simulation_historical
8478,70933,Sébastien,Leconte,Ventes,CDI,Tennis,Tennis,2026-09-03,2026-09-03T10:48:30.913Z,2026-09-03T13:08:33.913Z,140.1,,simulation_historical
8479,70933,Sébastien,Leconte,Ventes,CDI,Tennis,Tennis,2026-07-15,2026-07-15T03:43:30.913Z,2026-07-15T06:04:43.913Z,141.2,,simulation_historical
8480,70933,Sébastien,Leconte,Ventes,CDI,Tennis,Tennis,2026-06-02,2026-06-02T03:41:30.913Z,2026-06-02T06:03:30.913Z,142.0,,simulation_historical
8481,70933,Sébastien,Leconte,Ventes,CDI,Tennis,Tennis,2026-02-04,2026-02-04T03:32:30.913Z,2026-02-04T04:48:39.913Z,76.2,,simulation_historical
8482,70933,Sébastien,Leconte,Ventes,CDI,Tennis,Tennis,2026-03-05,2026-03-05T20:52:30.913Z,2026-03-05T21:46:32.913Z,54.0,,simulation_historical
8483,70933,Sébastien,Leconte,Ventes,CDI,Tennis,Tennis,2026-07-31,2026-07-31T10:12:30.913Z,2026-07-31T13:10:24.913Z,177.9,,simulation_historical
8484,70933,Sébastien,Leconte,Ventes,CDI,Tennis,Tennis,2025-12-26,2025-12-26T12:34:30.913Z,2025-12-26T13:51:44.913Z,77.2,,simulation_historical
8485,70933,Sébastien,Leconte,Ventes,CDI,Tennis,Tennis,2026-07-16,2026-07-16T23:57:30.913Z,2026-07-17T01:55:21.913Z,117.9,,simulation_historical
8486,70933,Sébastien,Leconte,Ventes,CDI,Tennis,Tennis,2026-04-07,2026-04-07T02:32:30.913Z,2026-04-07T03:49:56.913Z,77.4,,simulation_historical
8487,70933,Sébastien,Leconte,Ventes,CDI,Tennis,Tennis,2026-07-31,2026-07-31T23:21:30.913Z,2026-08-01T01:52:01.913Z,150.5,,simulation_historical
8488,70933,Sébastien,Leconte,Ventes,CDI,Tennis,Tennis,2026-05-08,2026-05-08T23:37:30.913Z,2026-05-09T02:02:16.913Z,144.8,,simulation_historical
8489,70933,Sébastien,Leconte,Ventes,CDI,Tennis,Tennis,2026-09-08,2026-09-08T15:20:30.913Z,2026-09-08T17:35:11.913Z,134.7,,simulation_historical
8490,70933,Sébastien,Leconte,Ventes,CDI,Tennis,Tennis,2026-02-24,2026-02-24T12:22:30.913Z,2026-02-24T14:20:54.913Z,118.4,,simulation_historical
8491,70933,Sébastien,Leconte,Ventes,CDI,Tennis,Tennis,2026-04-11,2026-04-11T13:17:30.913Z,2026-04-11T14:59:36.913Z,102.1,,simulation_historical
8492,70933,Sébastien,Leconte,Ventes,CDI,Tennis,Tennis,2026-05-21,2026-05-21T17:39:30.913Z,2026-05-21T19:45:54.913Z,126.4,,simulation_historical
8493,70933,Sébastien,Leconte,Ventes,CDI,Tennis,Tennis,2026-01-18,2026-01-18T15:27:30.913Z,2026-01-18T17:15:46.913Z,108.3,,simulation_historical
8494,70933,Sébastien,Leconte,Ventes,CDI,Tennis,Tennis,2026-08-24,2026-08-24T10:50:30.913Z,2026-08-24T12:18:29.913Z,88.0,,simulation_historical
8495,70933,Sébastien,Leconte,Ventes,CDI,Tennis,Tennis,2026-06-17,2026-06-17T21:44:30.913Z,2026-06-17T22:39:26.913Z,54.9,,simulation_historical
8496,70933,Sébastien,Leconte,Ventes,CDI,Tennis,Tennis,2025-12-25,2025-12-25T11:36:30.913Z,2025-12-25T14:04:47.913Z,148.3,,simulation_historical
8497,70933,Sébastien,Leconte,Ventes,CDI,Tennis,Tennis,2026-08-28,2026-08-28T14:06:30.913Z,2026-08-28T15:23:47.913Z,77.3,,simulation_historical
8498,70933,Sébastien,Leconte,Ventes,CDI,Tennis,Tennis,2025-10-13,2025-10-13T06:21:30.913Z,2025-10-13T08:34:47.913Z,133.3,,simulation_historical
8499,70933,Sébastien,Leconte,Ventes,CDI,Tennis,Tennis,2026-06-28,2026-06-28T02:33:30.913Z,2026-06-28T03:41:11.913Z,67.7,,simulation_historical
8500,70933,Sébastien,Leconte,Ventes,CDI,Tennis,Tennis,2025-12-25,2025-12-25T10:57:30.913Z,2025-12-25T12:07:05.913Z,69.6,,simulation_historical
8501,70933,Sébastien,Leconte,Ventes,CDI,Tennis,Tennis,2026-03-14,2026-03-14T11:54:30.913Z,2026-03-14T12:58:50.913Z,64.3,,simulation_historical
8502,70933,Sébastien,Leconte,Ventes,CDI,Tennis,Tennis,2026-09-01,2026-09-01T00:31:30.913Z,2026-09-01T02:15:04.913Z,103.6,,simulation_historical
8503,70933,Sébastien,Leconte,Ventes,CDI,Tennis,Tennis,2026-02-21,2026-02-21T19:21:30.913Z,2026-02-21T20:53:54.913Z,92.4,,simulation_historical
8504,70933,Sébastien,Leconte,Ventes,CDI,Tennis,Tennis,2025-11-02,2025-11-02T05:43:30.913Z,2025-11-02T06:10:33.913Z,27.1,,simulation_historical
8505,71190,Andre,Vallet,Finance,CDI,Badminton,Badminton,2026-09-02,2026-09-02T00:42:30.913Z,2026-09-02T01:41:54.913Z,59.4,,simulation_historical
8506,71190,Andre,Vallet,Finance,CDI,Badminton,Badminton,2026-02-20,2026-02-20T14:10:30.913Z,2026-02-20T16:13:27.913Z,123.0,,simulation_historical
8507,71190,Andre,Vallet,Finance,CDI,Badminton,Badminton,2025-11-13,2025-11-13T16:11:30.913Z,2025-11-13T17:17:51.913Z,66.4,,simulation_historical
8508,71190,Andre,Vallet,Finance,CDI,Badminton,Badminton,2026-06-28,2026-06-28T12:44:30.913Z,2026-06-28T14:39:42.913Z,115.2,,simulation_historical
8509,71190,Andre,Vallet,Finance,CDI,Badminton,Badminton,2026-05-25,2026-05-25T13:18:30.913Z,2026-05-25T13:56:36.913Z,38.1,,simulation_historical
8510,71190,Andre,Vallet,Finance,CDI,Badminton,Badminton,2026-07-21,2026-07-21T00:15:30.913Z,2026-07-21T02:28:50.913Z,133.3,,simulation_historical
8511,71190,Andre,Vallet,Finance,CDI,Badminton,Badminton,2025-12-16,2025-12-16T01:36:30.913Z,2025-12-16T01:56:41.913Z,20.2,,simulation_historical
8512,71190,Andre,Vallet,Finance,CDI,Badminton,Badminton,2026-04-10,2026-04-10T00:14:30.913Z,2026-04-10T01:44:38.913Z,90.1,,simulation_historical
8513,71190,Andre,Vallet,Finance,CDI,Badminton,Badminton,2026-07-13,2026-07-13T05:02:30.913Z,2026-07-13T07:49:57.913Z,167.5,,simulation_historical
8514,71190,Andre,Vallet,Finance,CDI,Badminton,Badminton,2026-03-12,2026-03-12T20:02:30.913Z,2026-03-12T20:48:49.913Z,46.3,,simulation_historical
8515,71190,Andre,Vallet,Finance,CDI,Badminton,Badminton,2026-01-14,2026-01-14T23:57:30.913Z,2026-01-15T02:53:29.913Z,176.0,,simulation_historical
8516,71190,Andre,Vallet,Finance,CDI,Badminton,Badminton,2026-06-08,2026-06-08T11:30:30.913Z,2026-06-08T14:11:03.913Z,160.6,,simulation_historical
8517,71190,Andre,Vallet,Finance,CDI,Badminton,Badminton,2026-07-12,2026-07-12T11:30:30.913Z,2026-07-12T12:12:56.913Z,42.4,,simulation_historical
8518,71190,Andre,Vallet,Finance,CDI,Badminton,Badminton,2026-07-29,2026-07-29T17:19:30.913Z,2026-07-29T18:56:35.913Z,97.1,,simulation_historical
8519,71190,Andre,Vallet,Finance,CDI,Badminton,Badminton,2025-11-06,2025-11-06T12:29:30.913Z,2025-11-06T13:51:16.913Z,81.8,,simulation_historical
8520,71190,Andre,Vallet,Finance,CDI,Badminton,Badminton,2026-05-11,2026-05-11T09:58:30.913Z,2026-05-11T11:40:43.913Z,102.2,,simulation_historical
8521,71190,Andre,Vallet,Finance,CDI,Badminton,Badminton,2026-03-31,2026-03-31T17:15:30.913Z,2026-03-31T19:57:28.913Z,162.0,,simulation_historical
8522,71190,Andre,Vallet,Finance,CDI,Badminton,Badminton,2025-12-25,2025-12-25T20:48:30.913Z,2025-12-25T22:21:20.913Z,92.8,,simulation_historical
8523,71190,Andre,Vallet,Finance,CDI,Badminton,Badminton,2026-07-11,2026-07-11T05:17:30.913Z,2026-07-11T07:19:50.913Z,122.3,,simulation_historical
8524,71190,Andre,Vallet,Finance,CDI,Badminton,Badminton,2025-10-13,2025-10-13T11:07:30.913Z,2025-10-13T11:36:50.913Z,29.3,,simulation_historical
8525,71190,Andre,Vallet,Finance,CDI,Badminton,Badminton,2026-03-02,2026-03-02T19:41:30.913Z,2026-03-02T20:55:32.913Z,74.0,,simulation_historical
8526,71190,Andre,Vallet,Finance,CDI,Badminton,Badminton,2026-06-15,2026-06-15T15:35:30.913Z,2026-06-15T16:04:48.913Z,29.3,,simulation_historical
8527,71190,Andre,Vallet,Finance,CDI,Badminton,Badminton,2026-05-18,2026-05-18T10:19:30.913Z,2026-05-18T12:07:34.913Z,108.1,,simulation_historical
8528,71190,Andre,Vallet,Finance,CDI,Badminton,Badminton,2026-09-10,2026-09-10T21:14:30.913Z,2026-09-10T23:46:37.913Z,152.1,,simulation_historical
8529,71190,Andre,Vallet,Finance,CDI,Badminton,Badminton,2026-03-24,2026-03-24T09:04:30.913Z,2026-03-24T12:02:06.913Z,177.6,,simulation_historical
8530,71190,Andre,Vallet,Finance,CDI,Badminton,Badminton,2026-02-21,2026-02-21T01:31:30.913Z,2026-02-21T03:55:15.913Z,143.8,,simulation_historical
8531,71502,Mégane,Louis,Finance,CDI,Marche,,2026-05-04,2026-05-04T22:16:30.913Z,2026-05-04T23:08:40.913Z,52.2,13.21,simulation_historical
8532,71502,Mégane,Louis,Finance,CDI,Marche,,2026-04-25,2026-04-25T18:55:30.913Z,2026-04-25T21:35:59.913Z,160.5,6.53,simulation_historical
8533,71502,Mégane,Louis,Finance,CDI,Marche,,2026-03-28,2026-03-28T10:28:30.913Z,2026-03-28T12:21:36.913Z,113.1,14.22,simulation_historical
8534,71502,Mégane,Louis,Finance,CDI,Marche,,2026-01-09,2026-01-09T22:15:30.913Z,2026-01-09T23:01:51.913Z,46.4,11.94,simulation_historical
8535,71502,Mégane,Louis,Finance,CDI,Marche,,2026-03-24,2026-03-24T23:28:30.913Z,2026-03-25T00:05:44.913Z,37.2,13.81,simulation_historical
8536,71502,Mégane,Louis,Finance,CDI,Marche,,2026-03-13,2026-03-13T02:03:30.913Z,2026-03-13T02:30:26.913Z,26.9,9.9,simulation_historical
8537,71502,Mégane,Louis,Finance,CDI,Marche,,2026-07-14,2026-07-14T12:30:30.913Z,2026-07-14T14:55:24.913Z,144.9,14.6,simulation_historical
8538,71502,Mégane,Louis,Finance,CDI,Marche,,2026-07-22,2026-07-22T12:09:30.913Z,2026-07-22T13:50:14.913Z,100.7,3.07,simulation_historical
8539,71502,Mégane,Louis,Finance,CDI,Marche,,2026-03-23,2026-03-23T06:16:30.913Z,2026-03-23T08:35:36.913Z,139.1,10.07,simulation_historical
8540,71502,Mégane,Louis,Finance,CDI,Marche,,2026-08-04,2026-08-04T23:33:30.913Z,2026-08-05T01:42:03.913Z,128.6,14.44,simulation_historical
8541,71502,Mégane,Louis,Finance,CDI,Marche,,2025-12-29,2025-12-29T09:35:30.913Z,2025-12-29T10:56:04.913Z,80.6,13.71,simulation_historical
8542,71502,Mégane,Louis,Finance,CDI,Marche,,2026-09-08,2026-09-08T08:58:30.913Z,2026-09-08T10:55:08.913Z,116.6,9.61,simulation_historical
8543,71502,Mégane,Louis,Finance,CDI,Marche,,2025-11-13,2025-11-13T11:08:30.913Z,2025-11-13T13:53:22.913Z,164.9,9.6,simulation_historical
8544,71502,Mégane,Louis,Finance,CDI,Marche,,2026-08-22,2026-08-22T22:21:30.913Z,2026-08-23T01:08:48.913Z,167.3,4.78,simulation_historical
8545,71502,Mégane,Louis,Finance,CDI,Marche,,2025-09-25,2025-09-25T23:34:30.913Z,2025-09-26T01:36:45.913Z,122.3,3.6,simulation_historical
8546,71502,Mégane,Louis,Finance,CDI,Marche,,2026-07-26,2026-07-26T18:34:30.913Z,2026-07-26T19:56:17.913Z,81.8,14.82,simulation_historical
8547,71502,Mégane,Louis,Finance,CDI,Marche,,2026-06-30,2026-06-30T22:05:30.913Z,2026-07-01T00:21:17.913Z,135.8,4.31,simulation_historical
8548,71502,Mégane,Louis,Finance,CDI,Marche,,2026-04-27,2026-04-27T14:19:30.913Z,2026-04-27T16:00:27.913Z,101.0,7.39,simulation_historical
8549,71502,Mégane,Louis,Finance,CDI,Marche,,2025-12-23,2025-12-23T01:47:30.913Z,2025-12-23T04:17:37.913Z,150.1,8.67,simulation_historical
8550,71502,Mégane,Louis,Finance,CDI,Marche,,2026-04-05,2026-04-05T10:58:30.913Z,2026-04-05T12:40:25.913Z,101.9,1.01,simulation_historical
8551,71502,Mégane,Louis,Finance,CDI,Marche,,2026-08-09,2026-08-09T06:59:30.913Z,2026-08-09T09:51:15.913Z,171.8,11.95,simulation_historical
8552,71502,Mégane,Louis,Finance,CDI,Marche,,2026-04-10,2026-04-10T08:45:30.913Z,2026-04-10T09:23:44.913Z,38.2,1.97,simulation_historical
8553,71502,Mégane,Louis,Finance,CDI,Marche,,2026-02-18,2026-02-18T11:35:30.913Z,2026-02-18T14:06:49.913Z,151.3,14.47,simulation_historical
8554,71502,Mégane,Louis,Finance,CDI,Marche,,2026-06-26,2026-06-26T08:19:30.913Z,2026-06-26T09:23:02.913Z,63.5,11.59,simulation_historical
8555,71502,Mégane,Louis,Finance,CDI,Marche,,2026-02-14,2026-02-14T03:07:30.913Z,2026-02-14T04:20:18.913Z,72.8,5.07,simulation_historical
8556,71502,Mégane,Louis,Finance,CDI,Marche,,2026-03-21,2026-03-21T13:30:30.913Z,2026-03-21T15:05:55.913Z,95.4,3.3,simulation_historical
8557,71502,Mégane,Louis,Finance,CDI,Marche,,2026-02-23,2026-02-23T11:58:30.913Z,2026-02-23T14:58:29.913Z,180.0,12.02,simulation_historical
8558,71502,Mégane,Louis,Finance,CDI,Marche,,2026-07-01,2026-07-01T09:16:30.913Z,2026-07-01T10:15:23.913Z,58.9,12.01,simulation_historical
8559,71502,Mégane,Louis,Finance,CDI,Marche,,2026-04-28,2026-04-28T05:44:30.913Z,2026-04-28T06:36:31.913Z,52.0,9.53,simulation_historical
8560,71502,Mégane,Louis,Finance,CDI,Marche,,2026-04-09,2026-04-09T23:38:30.913Z,2026-04-10T02:07:08.913Z,148.6,4.8,simulation_historical
8561,71502,Mégane,Louis,Finance,CDI,Marche,,2025-10-13,2025-10-13T01:25:30.913Z,2025-10-13T02:19:35.913Z,54.1,9.87,simulation_historical
8562,71502,Mégane,Louis,Finance,CDI,Marche,,2025-11-08,2025-11-08T01:35:30.913Z,2025-11-08T02:14:43.913Z,39.2,13.36,simulation_historical
8563,71502,Mégane,Louis,Finance,CDI,Marche,,2026-03-26,2026-03-26T07:42:30.913Z,2026-03-26T09:46:40.913Z,124.2,14.73,simulation_historical
8564,71502,Mégane,Louis,Finance,CDI,Marche,,2026-05-09,2026-05-09T12:04:30.913Z,2026-05-09T14:31:53.913Z,147.4,7.98,simulation_historical
8565,71502,Mégane,Louis,Finance,CDI,Marche,,2025-11-21,2025-11-21T09:48:30.913Z,2025-11-21T12:21:33.913Z,153.1,13.43,simulation_historical
8566,71502,Mégane,Louis,Finance,CDI,Marche,,2026-04-20,2026-04-20T08:11:30.913Z,2026-04-20T08:59:38.913Z,48.1,2.45,simulation_historical
8567,71502,Mégane,Louis,Finance,CDI,Marche,,2025-11-11,2025-11-11T19:49:30.913Z,2025-11-11T21:48:30.913Z,119.0,4.95,simulation_historical
8568,71502,Mégane,Louis,Finance,CDI,Marche,,2025-10-10,2025-10-10T23:51:30.913Z,2025-10-11T02:09:35.913Z,138.1,7.91,simulation_historical
8569,71502,Mégane,Louis,Finance,CDI,Marche,,2026-08-17,2026-08-17T19:38:30.913Z,2026-08-17T21:15:00.913Z,96.5,14.8,simulation_historical
8570,71502,Mégane,Louis,Finance,CDI,Marche,,2026-04-28,2026-04-28T07:04:30.913Z,2026-04-28T09:43:10.913Z,158.7,6.39,simulation_historical
8571,71502,Mégane,Louis,Finance,CDI,Marche,,2026-02-13,2026-02-13T17:51:30.913Z,2026-02-13T19:20:06.913Z,88.6,6.84,simulation_historical
8572,71502,Mégane,Louis,Finance,CDI,Marche,,2026-08-05,2026-08-05T15:38:30.913Z,2026-08-05T18:11:05.913Z,152.6,4.98,simulation_historical
8573,71502,Mégane,Louis,Finance,CDI,Marche,,2025-11-21,2025-11-21T00:30:30.913Z,2025-11-21T02:48:56.913Z,138.4,11.91,simulation_historical
8574,71502,Mégane,Louis,Finance,CDI,Marche,,2026-05-03,2026-05-03T11:55:30.913Z,2026-05-03T14:28:43.913Z,153.2,10.19,simulation_historical
8575,71657,Joseph,Delattre,R&D,CDI,Marche,,2025-12-01,2025-12-01T03:06:30.913Z,2025-12-01T05:48:12.913Z,161.7,11.94,simulation_historical
8576,71657,Joseph,Delattre,R&D,CDI,Marche,,2026-03-05,2026-03-05T14:06:30.913Z,2026-03-05T14:55:56.913Z,49.4,10.67,simulation_historical
8577,71657,Joseph,Delattre,R&D,CDI,Marche,,2025-10-22,2025-10-22T12:08:30.913Z,2025-10-22T12:54:25.913Z,45.9,2.92,simulation_historical
8578,71657,Joseph,Delattre,R&D,CDI,Marche,,2026-05-17,2026-05-17T04:07:30.913Z,2026-05-17T06:22:41.913Z,135.2,14.36,simulation_historical
8579,71657,Joseph,Delattre,R&D,CDI,Marche,,2026-02-26,2026-02-26T16:57:30.913Z,2026-02-26T17:28:23.913Z,30.9,6.69,simulation_historical
8580,71657,Joseph,Delattre,R&D,CDI,Marche,,2025-10-20,2025-10-20T00:50:30.913Z,2025-10-20T03:16:18.913Z,145.8,10.39,simulation_historical
8581,71657,Joseph,Delattre,R&D,CDI,Marche,,2025-12-23,2025-12-23T14:19:30.913Z,2025-12-23T16:37:24.913Z,137.9,11.96,simulation_historical
8582,71657,Joseph,Delattre,R&D,CDI,Marche,,2026-09-03,2026-09-03T09:08:30.913Z,2026-09-03T10:17:51.913Z,69.4,1.4,simulation_historical
8583,71657,Joseph,Delattre,R&D,CDI,Marche,,2025-10-29,2025-10-29T05:38:30.913Z,2025-10-29T07:18:18.913Z,99.8,7.75,simulation_historical
8584,71657,Joseph,Delattre,R&D,CDI,Marche,,2026-09-01,2026-09-01T16:15:30.913Z,2026-09-01T17:44:43.913Z,89.2,6.88,simulation_historical
8585,71657,Joseph,Delattre,R&D,CDI,Marche,,2025-10-02,2025-10-02T04:22:30.913Z,2025-10-02T05:50:24.913Z,87.9,5.53,simulation_historical
8586,71657,Joseph,Delattre,R&D,CDI,Marche,,2026-01-31,2026-01-31T14:24:30.913Z,2026-01-31T16:49:37.913Z,145.1,12.45,simulation_historical
8587,71657,Joseph,Delattre,R&D,CDI,Marche,,2025-10-26,2025-10-26T06:55:30.913Z,2025-10-26T07:59:21.913Z,63.9,4.43,simulation_historical
8588,71657,Joseph,Delattre,R&D,CDI,Marche,,2025-12-04,2025-12-04T22:03:30.913Z,2025-12-04T23:51:23.913Z,107.9,13.14,simulation_historical
8589,71657,Joseph,Delattre,R&D,CDI,Marche,,2026-02-23,2026-02-23T03:55:30.913Z,2026-02-23T05:02:28.913Z,67.0,14.84,simulation_historical
8590,71657,Joseph,Delattre,R&D,CDI,Marche,,2026-01-04,2026-01-04T13:23:30.913Z,2026-01-04T15:19:33.913Z,116.1,11.1,simulation_historical
8591,71657,Joseph,Delattre,R&D,CDI,Marche,,2025-12-14,2025-12-14T15:53:30.913Z,2025-12-14T17:15:38.913Z,82.1,6.19,simulation_historical
8592,71657,Joseph,Delattre,R&D,CDI,Marche,,2026-04-13,2026-04-13T11:46:30.913Z,2026-04-13T12:31:11.913Z,44.7,11.48,simulation_historical
8593,71657,Joseph,Delattre,R&D,CDI,Marche,,2026-02-21,2026-02-21T05:05:30.913Z,2026-02-21T07:41:16.913Z,155.8,11.48,simulation_historical
8594,71657,Joseph,Delattre,R&D,CDI,Marche,,2026-06-13,2026-06-13T03:32:30.913Z,2026-06-13T05:04:46.913Z,92.3,12.59,simulation_historical
8595,71657,Joseph,Delattre,R&D,CDI,Marche,,2026-01-11,2026-01-11T04:23:30.913Z,2026-01-11T06:43:02.913Z,139.5,6.92,simulation_historical
8596,71657,Joseph,Delattre,R&D,CDI,Marche,,2026-06-27,2026-06-27T10:24:30.913Z,2026-06-27T10:48:50.913Z,24.3,2.83,simulation_historical
8597,71657,Joseph,Delattre,R&D,CDI,Marche,,2026-06-10,2026-06-10T21:25:30.913Z,2026-06-11T00:03:42.913Z,158.2,12.47,simulation_historical
8598,71657,Joseph,Delattre,R&D,CDI,Marche,,2025-10-22,2025-10-22T22:26:30.913Z,2025-10-23T01:19:23.913Z,172.9,9.82,simulation_historical
8599,71657,Joseph,Delattre,R&D,CDI,Marche,,2026-06-17,2026-06-17T03:05:30.913Z,2026-06-17T03:46:14.913Z,40.7,4.25,simulation_historical
8600,71657,Joseph,Delattre,R&D,CDI,Marche,,2026-07-31,2026-07-31T12:59:30.913Z,2026-07-31T15:09:59.913Z,130.5,14.96,simulation_historical
8601,71657,Joseph,Delattre,R&D,CDI,Marche,,2026-05-05,2026-05-05T10:59:30.913Z,2026-05-05T12:52:23.913Z,112.9,9.73,simulation_historical
8602,71657,Joseph,Delattre,R&D,CDI,Marche,,2026-03-19,2026-03-19T03:36:30.913Z,2026-03-19T05:41:41.913Z,125.2,2.7,simulation_historical
8603,71657,Joseph,Delattre,R&D,CDI,Marche,,2026-04-18,2026-04-18T20:08:30.913Z,2026-04-18T20:50:56.913Z,42.4,6.31,simulation_historical
8604,71657,Joseph,Delattre,R&D,CDI,Marche,,2026-05-24,2026-05-24T00:52:30.913Z,2026-05-24T01:23:38.913Z,31.1,5.03,simulation_historical
8605,71657,Joseph,Delattre,R&D,CDI,Marche,,2025-12-10,2025-12-10T11:02:30.913Z,2025-12-10T12:37:15.913Z,94.8,1.43,simulation_historical
8606,71657,Joseph,Delattre,R&D,CDI,Marche,,2026-01-06,2026-01-06T07:51:30.913Z,2026-01-06T09:11:17.913Z,79.8,5.02,simulation_historical
8607,71657,Joseph,Delattre,R&D,CDI,Marche,,2026-05-24,2026-05-24T01:03:30.913Z,2026-05-24T02:22:28.913Z,79.0,3.38,simulation_historical
8608,71657,Joseph,Delattre,R&D,CDI,Marche,,2026-09-10,2026-09-10T06:29:30.913Z,2026-09-10T06:55:10.913Z,25.7,11.03,simulation_historical
8609,71657,Joseph,Delattre,R&D,CDI,Marche,,2026-01-12,2026-01-12T01:18:30.913Z,2026-01-12T04:10:24.913Z,171.9,10.03,simulation_historical
8610,71657,Joseph,Delattre,R&D,CDI,Marche,,2025-11-30,2025-11-30T09:18:30.913Z,2025-11-30T10:29:18.913Z,70.8,14.89,simulation_historical
8611,71657,Joseph,Delattre,R&D,CDI,Marche,,2025-12-24,2025-12-24T21:19:30.913Z,2025-12-25T00:16:38.913Z,177.1,7.34,simulation_historical
8612,71657,Joseph,Delattre,R&D,CDI,Marche,,2026-05-05,2026-05-05T16:54:30.913Z,2026-05-05T18:53:53.913Z,119.4,14.16,simulation_historical
8613,71657,Joseph,Delattre,R&D,CDI,Marche,,2026-05-05,2026-05-05T02:21:30.913Z,2026-05-05T04:21:02.913Z,119.5,4.85,simulation_historical
8614,71657,Joseph,Delattre,R&D,CDI,Marche,,2026-04-05,2026-04-05T22:22:30.913Z,2026-04-05T23:03:32.913Z,41.0,12.36,simulation_historical
8615,71657,Joseph,Delattre,R&D,CDI,Marche,,2026-07-10,2026-07-10T04:49:30.913Z,2026-07-10T06:16:55.913Z,87.4,14.03,simulation_historical
8616,71657,Joseph,Delattre,R&D,CDI,Marche,,2025-12-14,2025-12-14T21:36:30.913Z,2025-12-14T22:22:53.913Z,46.4,13.85,simulation_historical
8617,71657,Joseph,Delattre,R&D,CDI,Marche,,2025-12-30,2025-12-30T17:14:30.913Z,2025-12-30T20:00:41.913Z,166.2,6.14,simulation_historical
8618,73367,Simon,Verdier,Marketing,CDI,Boxe,Boxe,2025-11-11,2025-11-11T07:58:30.913Z,2025-11-11T09:53:37.913Z,115.1,,simulation_historical
8619,73367,Simon,Verdier,Marketing,CDI,Boxe,Boxe,2025-09-21,2025-09-21T19:09:30.913Z,2025-09-21T20:30:39.913Z,81.2,,simulation_historical
8620,73367,Simon,Verdier,Marketing,CDI,Boxe,Boxe,2026-01-21,2026-01-21T07:08:30.913Z,2026-01-21T07:43:01.913Z,34.5,,simulation_historical
8621,73367,Simon,Verdier,Marketing,CDI,Boxe,Boxe,2026-01-23,2026-01-23T20:16:30.913Z,2026-01-23T22:52:15.913Z,155.8,,simulation_historical
8622,73367,Simon,Verdier,Marketing,CDI,Boxe,Boxe,2025-11-18,2025-11-18T02:40:30.913Z,2025-11-18T03:47:17.913Z,66.8,,simulation_historical
8623,73367,Simon,Verdier,Marketing,CDI,Boxe,Boxe,2026-09-04,2026-09-04T22:16:30.913Z,2026-09-05T01:09:08.913Z,172.6,,simulation_historical
8624,73367,Simon,Verdier,Marketing,CDI,Boxe,Boxe,2025-10-19,2025-10-19T13:47:30.913Z,2025-10-19T15:42:25.913Z,114.9,,simulation_historical
8625,73367,Simon,Verdier,Marketing,CDI,Boxe,Boxe,2026-01-14,2026-01-14T17:35:30.913Z,2026-01-14T18:12:54.913Z,37.4,,simulation_historical
8626,73367,Simon,Verdier,Marketing,CDI,Boxe,Boxe,2025-10-02,2025-10-02T04:40:30.913Z,2025-10-02T06:15:53.913Z,95.4,,simulation_historical
8627,73367,Simon,Verdier,Marketing,CDI,Boxe,Boxe,2025-11-29,2025-11-29T06:47:30.913Z,2025-11-29T07:15:01.913Z,27.5,,simulation_historical
8628,73367,Simon,Verdier,Marketing,CDI,Boxe,Boxe,2025-11-14,2025-11-14T00:17:30.913Z,2025-11-14T01:13:54.913Z,56.4,,simulation_historical
8629,74171,Bertrand,Grondin,Finance,CDI,Marche,,2026-05-28,2026-05-28T18:16:30.913Z,2026-05-28T20:01:06.913Z,104.6,9.82,simulation_historical
8630,74171,Bertrand,Grondin,Finance,CDI,Marche,,2025-09-24,2025-09-24T18:25:30.913Z,2025-09-24T20:15:45.913Z,110.3,4.81,simulation_historical
8631,74171,Bertrand,Grondin,Finance,CDI,Marche,,2025-11-28,2025-11-28T23:18:30.913Z,2025-11-29T00:17:53.913Z,59.4,13.56,simulation_historical
8632,74171,Bertrand,Grondin,Finance,CDI,Marche,,2025-12-13,2025-12-13T18:07:30.913Z,2025-12-13T19:53:22.913Z,105.9,1.11,simulation_historical
8633,74171,Bertrand,Grondin,Finance,CDI,Marche,,2025-11-08,2025-11-08T13:59:30.913Z,2025-11-08T15:57:21.913Z,117.9,10.62,simulation_historical
8634,74171,Bertrand,Grondin,Finance,CDI,Marche,,2026-07-17,2026-07-17T13:05:30.913Z,2026-07-17T13:42:52.913Z,37.4,9.68,simulation_historical
8635,74171,Bertrand,Grondin,Finance,CDI,Marche,,2026-02-16,2026-02-16T16:34:30.913Z,2026-02-16T17:47:38.913Z,73.1,5.08,simulation_historical
8636,74171,Bertrand,Grondin,Finance,CDI,Marche,,2025-11-13,2025-11-13T09:51:30.913Z,2025-11-13T11:00:59.913Z,69.5,1.48,simulation_historical
8637,74171,Bertrand,Grondin,Finance,CDI,Marche,,2025-10-18,2025-10-18T23:58:30.913Z,2025-10-19T00:51:07.913Z,52.6,6.44,simulation_historical
8638,74171,Bertrand,Grondin,Finance,CDI,Marche,,2026-08-02,2026-08-02T12:19:30.913Z,2026-08-02T15:16:14.913Z,176.7,12.48,simulation_historical
8639,74171,Bertrand,Grondin,Finance,CDI,Marche,,2025-10-01,2025-10-01T02:53:30.913Z,2025-10-01T05:04:47.913Z,131.3,7.25,simulation_historical
8640,74171,Bertrand,Grondin,Finance,CDI,Marche,,2025-09-25,2025-09-25T00:36:30.913Z,2025-09-25T02:30:14.913Z,113.7,4.0,simulation_historical
8641,74171,Bertrand,Grondin,Finance,CDI,Marche,,2026-07-29,2026-07-29T06:22:30.913Z,2026-07-29T07:30:56.913Z,68.4,12.59,simulation_historical
8642,74171,Bertrand,Grondin,Finance,CDI,Marche,,2026-02-08,2026-02-08T07:13:30.913Z,2026-02-08T07:58:16.913Z,44.8,4.02,simulation_historical
8643,74171,Bertrand,Grondin,Finance,CDI,Marche,,2026-05-06,2026-05-06T03:32:30.913Z,2026-05-06T04:54:23.913Z,81.9,6.75,simulation_historical
8644,74171,Bertrand,Grondin,Finance,CDI,Marche,,2025-10-19,2025-10-19T19:39:30.913Z,2025-10-19T21:32:15.913Z,112.8,8.4,simulation_historical
8645,74171,Bertrand,Grondin,Finance,CDI,Marche,,2026-07-29,2026-07-29T23:28:30.913Z,2026-07-29T23:54:04.913Z,25.6,10.93,simulation_historical
8646,74171,Bertrand,Grondin,Finance,CDI,Marche,,2026-08-15,2026-08-15T22:41:30.913Z,2026-08-16T00:43:23.913Z,121.9,2.56,simulation_historical
8647,74171,Bertrand,Grondin,Finance,CDI,Marche,,2026-06-22,2026-06-22T15:11:30.913Z,2026-06-22T15:34:56.913Z,23.4,1.08,simulation_historical
8648,74171,Bertrand,Grondin,Finance,CDI,Marche,,2026-04-02,2026-04-02T03:25:30.913Z,2026-04-02T03:53:03.913Z,27.6,14.11,simulation_historical
8649,74171,Bertrand,Grondin,Finance,CDI,Marche,,2025-11-29,2025-11-29T21:21:30.913Z,2025-11-29T22:00:26.913Z,38.9,3.82,simulation_historical
8650,74171,Bertrand,Grondin,Finance,CDI,Marche,,2026-06-11,2026-06-11T19:05:30.913Z,2026-06-11T21:41:32.913Z,156.0,3.98,simulation_historical
8651,74171,Bertrand,Grondin,Finance,CDI,Marche,,2025-12-16,2025-12-16T09:22:30.913Z,2025-12-16T10:08:58.913Z,46.5,12.19,simulation_historical
8652,74171,Bertrand,Grondin,Finance,CDI,Marche,,2026-06-28,2026-06-28T20:21:30.913Z,2026-06-28T23:18:14.913Z,176.7,3.9,simulation_historical
8653,74171,Bertrand,Grondin,Finance,CDI,Marche,,2026-02-02,2026-02-02T16:50:30.913Z,2026-02-02T17:58:58.913Z,68.5,9.31,simulation_historical
8654,74171,Bertrand,Grondin,Finance,CDI,Marche,,2026-07-02,2026-07-02T01:43:30.913Z,2026-07-02T02:14:05.913Z,30.6,9.81,simulation_historical
8655,74171,Bertrand,Grondin,Finance,CDI,Marche,,2026-07-17,2026-07-17T05:45:30.913Z,2026-07-17T07:25:04.913Z,99.6,2.77,simulation_historical
8656,74171,Bertrand,Grondin,Finance,CDI,Marche,,2026-03-21,2026-03-21T18:33:30.913Z,2026-03-21T21:15:04.913Z,161.6,3.74,simulation_historical
8657,74171,Bertrand,Grondin,Finance,CDI,Marche,,2026-07-27,2026-07-27T00:32:30.913Z,2026-07-27T01:34:53.913Z,62.4,11.05,simulation_historical
8658,74171,Bertrand,Grondin,Finance,CDI,Marche,,2026-03-28,2026-03-28T00:45:30.913Z,2026-03-28T03:35:08.913Z,169.6,14.63,simulation_historical
8659,75791,Caroline,Olivier,Marketing,CDI,Running,Runing,2026-01-30,2026-01-30T12:02:30.913Z,2026-01-30T14:53:54.913Z,171.4,3.15,simulation_historical
8660,75791,Caroline,Olivier,Marketing,CDI,Running,Runing,2026-03-27,2026-03-27T08:21:30.913Z,2026-03-27T09:20:06.913Z,58.6,8.85,simulation_historical
8661,75791,Caroline,Olivier,Marketing,CDI,Running,Runing,2026-01-08,2026-01-08T08:54:30.913Z,2026-01-08T11:04:53.913Z,130.4,2.36,simulation_historical
8662,75791,Caroline,Olivier,Marketing,CDI,Running,Runing,2026-03-17,2026-03-17T13:46:30.913Z,2026-03-17T16:17:41.913Z,151.2,27.57,simulation_historical
8663,75791,Caroline,Olivier,Marketing,CDI,Running,Runing,2025-10-13,2025-10-13T16:56:30.913Z,2025-10-13T17:43:28.913Z,47.0,28.78,simulation_historical
8664,75791,Caroline,Olivier,Marketing,CDI,Running,Runing,2025-12-24,2025-12-24T13:02:30.913Z,2025-12-24T14:50:01.913Z,107.5,18.28,simulation_historical
8665,75791,Caroline,Olivier,Marketing,CDI,Running,Runing,2025-12-01,2025-12-01T21:00:30.913Z,2025-12-01T23:45:45.913Z,165.3,18.09,simulation_historical
8666,75791,Caroline,Olivier,Marketing,CDI,Running,Runing,2026-02-26,2026-02-26T22:03:30.913Z,2026-02-26T23:18:22.913Z,74.9,10.26,simulation_historical
8667,75791,Caroline,Olivier,Marketing,CDI,Running,Runing,2026-04-05,2026-04-05T11:16:30.913Z,2026-04-05T12:30:34.913Z,74.1,10.6,simulation_historical
8668,75791,Caroline,Olivier,Marketing,CDI,Running,Runing,2025-10-31,2025-10-31T02:19:30.913Z,2025-10-31T04:38:19.913Z,138.8,13.36,simulation_historical
8669,75791,Caroline,Olivier,Marketing,CDI,Running,Runing,2026-08-05,2026-08-05T00:43:30.913Z,2026-08-05T03:17:38.913Z,154.1,4.42,simulation_historical
8670,75791,Caroline,Olivier,Marketing,CDI,Running,Runing,2026-04-04,2026-04-04T22:14:30.913Z,2026-04-05T00:20:40.913Z,126.2,11.02,simulation_historical
8671,75791,Caroline,Olivier,Marketing,CDI,Running,Runing,2026-01-05,2026-01-05T05:55:30.913Z,2026-01-05T06:30:33.913Z,35.1,18.29,simulation_historical
8672,75791,Caroline,Olivier,Marketing,CDI,Running,Runing,2026-08-26,2026-08-26T09:39:30.913Z,2026-08-26T11:23:21.913Z,103.9,20.25,simulation_historical
8673,75791,Caroline,Olivier,Marketing,CDI,Running,Runing,2025-11-27,2025-11-27T22:33:30.913Z,2025-11-28T00:19:08.913Z,105.6,25.22,simulation_historical
8674,75791,Caroline,Olivier,Marketing,CDI,Running,Runing,2026-08-22,2026-08-22T22:43:30.913Z,2026-08-22T23:16:23.913Z,32.9,10.93,simulation_historical
8675,75791,Caroline,Olivier,Marketing,CDI,Running,Runing,2026-03-03,2026-03-03T09:22:30.913Z,2026-03-03T12:09:20.913Z,166.8,2.72,simulation_historical
8676,75791,Caroline,Olivier,Marketing,CDI,Running,Runing,2025-10-01,2025-10-01T01:57:30.913Z,2025-10-01T04:36:19.913Z,158.8,18.17,simulation_historical
8677,75791,Caroline,Olivier,Marketing,CDI,Running,Runing,2026-06-16,2026-06-16T23:21:30.913Z,2026-06-16T23:53:42.913Z,32.2,8.03,simulation_historical
8678,75791,Caroline,Olivier,Marketing,CDI,Running,Runing,2026-07-28,2026-07-28T01:33:30.913Z,2026-07-28T02:54:00.913Z,80.5,24.34,simulation_historical
8679,75791,Caroline,Olivier,Marketing,CDI,Running,Runing,2026-04-06,2026-04-06T12:59:30.913Z,2026-04-06T14:15:05.913Z,75.6,17.23,simulation_historical
8680,75791,Caroline,Olivier,Marketing,CDI,Running,Runing,2026-06-02,2026-06-02T21:04:30.913Z,2026-06-02T21:28:45.913Z,24.3,2.48,simulation_historical
8681,75791,Caroline,Olivier,Marketing,CDI,Running,Runing,2026-03-05,2026-03-05T08:47:30.913Z,2026-03-05T09:39:15.913Z,51.8,10.52,simulation_historical
8682,75791,Caroline,Olivier,Marketing,CDI,Running,Runing,2026-09-14,2026-09-14T08:02:30.913Z,2026-09-14T09:52:49.913Z,110.3,6.8,simulation_historical
8683,75791,Caroline,Olivier,Marketing,CDI,Running,Runing,2026-03-01,2026-03-01T08:21:30.913Z,2026-03-01T10:31:15.913Z,129.8,2.47,simulation_historical
8684,75791,Caroline,Olivier,Marketing,CDI,Running,Runing,2026-06-29,2026-06-29T11:06:30.913Z,2026-06-29T12:33:43.913Z,87.2,21.37,simulation_historical
8685,75791,Caroline,Olivier,Marketing,CDI,Running,Runing,2025-10-09,2025-10-09T06:48:30.913Z,2025-10-09T09:03:57.913Z,135.5,23.3,simulation_historical
8686,75791,Caroline,Olivier,Marketing,CDI,Running,Runing,2025-11-27,2025-11-27T16:49:30.913Z,2025-11-27T18:34:04.913Z,104.6,7.71,simulation_historical
8687,75791,Caroline,Olivier,Marketing,CDI,Running,Runing,2025-10-16,2025-10-16T15:46:30.913Z,2025-10-16T17:20:56.913Z,94.4,14.41,simulation_historical
8688,76076,André,Moreno,Support,CDI,Football,Football,2026-09-11,2026-09-11T01:52:30.913Z,2026-09-11T04:05:27.913Z,133.0,,simulation_historical
8689,76076,André,Moreno,Support,CDI,Football,Football,2026-03-07,2026-03-07T06:51:30.913Z,2026-03-07T08:03:14.913Z,71.7,,simulation_historical
8690,76076,André,Moreno,Support,CDI,Football,Football,2026-01-10,2026-01-10T07:06:30.913Z,2026-01-10T07:29:20.913Z,22.8,,simulation_historical
8691,76076,André,Moreno,Support,CDI,Football,Football,2025-10-30,2025-10-30T17:19:30.913Z,2025-10-30T17:50:54.913Z,31.4,,simulation_historical
8692,76076,André,Moreno,Support,CDI,Football,Football,2025-09-25,2025-09-25T01:36:30.913Z,2025-09-25T02:57:23.913Z,80.9,,simulation_historical
8693,76076,André,Moreno,Support,CDI,Football,Football,2026-08-10,2026-08-10T19:37:30.913Z,2026-08-10T20:28:58.913Z,51.5,,simulation_historical
8694,76076,André,Moreno,Support,CDI,Football,Football,2026-06-27,2026-06-27T00:40:30.913Z,2026-06-27T01:50:34.913Z,70.1,,simulation_historical
8695,76076,André,Moreno,Support,CDI,Football,Football,2025-12-16,2025-12-16T05:34:30.913Z,2025-12-16T07:04:32.913Z,90.0,,simulation_historical
8696,76076,André,Moreno,Support,CDI,Football,Football,2025-10-02,2025-10-02T16:45:30.913Z,2025-10-02T18:54:14.913Z,128.7,,simulation_historical
8697,76076,André,Moreno,Support,CDI,Football,Football,2026-04-23,2026-04-23T22:26:30.913Z,2026-04-24T00:04:14.913Z,97.7,,simulation_historical
8698,76076,André,Moreno,Support,CDI,Football,Football,2025-11-29,2025-11-29T07:38:30.913Z,2025-11-29T08:31:06.913Z,52.6,,simulation_historical
8699,76076,André,Moreno,Support,CDI,Football,Football,2026-02-26,2026-02-26T09:39:30.913Z,2026-02-26T12:30:59.913Z,171.5,,simulation_historical
8700,76076,André,Moreno,Support,CDI,Football,Football,2026-01-05,2026-01-05T09:36:30.913Z,2026-01-05T12:18:00.913Z,161.5,,simulation_historical
8701,76076,André,Moreno,Support,CDI,Football,Football,2026-08-29,2026-08-29T00:14:30.913Z,2026-08-29T01:04:21.913Z,49.9,,simulation_historical
8702,76076,André,Moreno,Support,CDI,Football,Football,2026-07-21,2026-07-21T08:42:30.913Z,2026-07-21T10:48:28.913Z,126.0,,simulation_historical
8703,76076,André,Moreno,Support,CDI,Football,Football,2026-06-14,2026-06-14T12:56:30.913Z,2026-06-14T13:34:54.913Z,38.4,,simulation_historical
8704,76076,André,Moreno,Support,CDI,Football,Football,2026-05-16,2026-05-16T02:05:30.913Z,2026-05-16T04:06:46.913Z,121.3,,simulation_historical
8705,76076,André,Moreno,Support,CDI,Football,Football,2026-02-03,2026-02-03T16:35:30.913Z,2026-02-03T18:56:12.913Z,140.7,,simulation_historical
8706,76076,André,Moreno,Support,CDI,Football,Football,2025-11-15,2025-11-15T14:02:30.913Z,2025-11-15T16:40:01.913Z,157.5,,simulation_historical
8707,76076,André,Moreno,Support,CDI,Football,Football,2026-06-12,2026-06-12T08:58:30.913Z,2026-06-12T10:45:18.913Z,106.8,,simulation_historical
8708,76076,André,Moreno,Support,CDI,Football,Football,2026-08-24,2026-08-24T21:44:30.913Z,2026-08-24T22:46:12.913Z,61.7,,simulation_historical
8709,76076,André,Moreno,Support,CDI,Football,Football,2026-03-26,2026-03-26T06:46:30.913Z,2026-03-26T07:54:25.913Z,67.9,,simulation_historical
8710,76076,André,Moreno,Support,CDI,Football,Football,2026-03-21,2026-03-21T01:32:30.913Z,2026-03-21T02:07:54.913Z,35.4,,simulation_historical
8711,76076,André,Moreno,Support,CDI,Football,Football,2026-02-28,2026-02-28T03:35:30.913Z,2026-02-28T05:15:10.913Z,99.7,,simulation_historical
8712,76076,André,Moreno,Support,CDI,Football,Football,2026-01-01,2026-01-01T13:30:30.913Z,2026-01-01T14:40:44.913Z,70.2,,simulation_historical
8713,76076,André,Moreno,Support,CDI,Football,Football,2025-10-30,2025-10-30T09:23:30.913Z,2025-10-30T11:43:20.913Z,139.8,,simulation_historical
8714,76076,André,Moreno,Support,CDI,Football,Football,2026-09-04,2026-09-04T01:40:30.913Z,2026-09-04T03:07:36.913Z,87.1,,simulation_historical
8715,76076,André,Moreno,Support,CDI,Football,Football,2025-11-11,2025-11-11T23:26:30.913Z,2025-11-12T02:18:33.913Z,172.1,,simulation_historical
8716,76076,André,Moreno,Support,CDI,Football,Football,2026-06-26,2026-06-26T11:09:30.913Z,2026-06-26T12:56:12.913Z,106.7,,simulation_historical
8717,76076,André,Moreno,Support,CDI,Football,Football,2026-08-18,2026-08-18T12:01:30.913Z,2026-08-18T12:39:17.913Z,37.8,,simulation_historical
8718,76076,André,Moreno,Support,CDI,Football,Football,2026-02-18,2026-02-18T23:10:30.913Z,2026-02-18T23:35:16.913Z,24.8,,simulation_historical
8719,76076,André,Moreno,Support,CDI,Football,Football,2025-11-03,2025-11-03T16:34:30.913Z,2025-11-03T18:22:20.913Z,107.8,,simulation_historical
8720,76076,André,Moreno,Support,CDI,Football,Football,2026-03-11,2026-03-11T14:35:30.913Z,2026-03-11T15:23:50.913Z,48.3,,simulation_historical
8721,76076,André,Moreno,Support,CDI,Football,Football,2025-10-01,2025-10-01T08:44:30.913Z,2025-10-01T10:48:35.913Z,124.1,,simulation_historical
8722,76076,André,Moreno,Support,CDI,Football,Football,2026-09-14,2026-09-14T21:41:30.913Z,2026-09-14T23:47:19.913Z,125.8,,simulation_historical
8723,76076,André,Moreno,Support,CDI,Football,Football,2025-11-30,2025-11-30T11:50:30.913Z,2025-11-30T13:11:48.913Z,81.3,,simulation_historical
8724,76076,André,Moreno,Support,CDI,Football,Football,2025-10-30,2025-10-30T14:08:30.913Z,2025-10-30T16:57:28.913Z,169.0,,simulation_historical
8725,76076,André,Moreno,Support,CDI,Football,Football,2026-08-10,2026-08-10T15:03:30.913Z,2026-08-10T17:33:35.913Z,150.1,,simulation_historical
8726,76076,André,Moreno,Support,CDI,Football,Football,2025-11-27,2025-11-27T19:20:30.913Z,2025-11-27T20:57:37.913Z,97.1,,simulation_historical
8727,76076,André,Moreno,Support,CDI,Football,Football,2025-09-29,2025-09-29T20:20:30.913Z,2025-09-29T22:43:17.913Z,142.8,,simulation_historical
8728,76076,André,Moreno,Support,CDI,Football,Football,2026-05-17,2026-05-17T18:13:30.913Z,2026-05-17T19:41:46.913Z,88.3,,simulation_historical
8729,76076,André,Moreno,Support,CDI,Football,Football,2026-03-23,2026-03-23T19:15:30.913Z,2026-03-23T21:46:20.913Z,150.8,,simulation_historical
8730,76076,André,Moreno,Support,CDI,Football,Football,2026-06-30,2026-06-30T01:10:30.913Z,2026-06-30T03:08:50.913Z,118.3,,simulation_historical
8731,76076,André,Moreno,Support,CDI,Football,Football,2026-05-25,2026-05-25T11:26:30.913Z,2026-05-25T12:34:06.913Z,67.6,,simulation_historical
8732,76076,André,Moreno,Support,CDI,Football,Football,2026-03-02,2026-03-02T06:48:30.913Z,2026-03-02T07:52:16.913Z,63.8,,simulation_historical
8733,76076,André,Moreno,Support,CDI,Football,Football,2026-03-11,2026-03-11T16:43:30.913Z,2026-03-11T19:01:23.913Z,137.9,,simulation_historical
8734,76076,André,Moreno,Support,CDI,Football,Football,2026-04-16,2026-04-16T11:42:30.913Z,2026-04-16T14:08:05.913Z,145.6,,simulation_historical
8735,76076,André,Moreno,Support,CDI,Football,Football,2026-02-17,2026-02-17T16:48:30.913Z,2026-02-17T19:36:21.913Z,167.9,,simulation_historical
8736,76076,André,Moreno,Support,CDI,Football,Football,2026-05-23,2026-05-23T03:36:30.913Z,2026-05-23T05:32:52.913Z,116.4,,simulation_historical
8737,76341,Claudine,Joubert,Finance,CDI,Football,Football,2026-02-21,2026-02-21T01:48:30.913Z,2026-02-21T04:02:34.913Z,134.1,,simulation_historical
8738,76341,Claudine,Joubert,Finance,CDI,Football,Football,2026-01-23,2026-01-23T16:16:30.913Z,2026-01-23T18:37:42.913Z,141.2,,simulation_historical
8739,76341,Claudine,Joubert,Finance,CDI,Football,Football,2026-03-02,2026-03-02T01:21:30.913Z,2026-03-02T03:13:44.913Z,112.2,,simulation_historical
8740,76341,Claudine,Joubert,Finance,CDI,Football,Football,2026-04-02,2026-04-02T18:19:30.913Z,2026-04-02T19:15:50.913Z,56.3,,simulation_historical
8741,76341,Claudine,Joubert,Finance,CDI,Football,Football,2025-12-19,2025-12-19T09:29:30.913Z,2025-12-19T10:48:44.913Z,79.2,,simulation_historical
8742,76341,Claudine,Joubert,Finance,CDI,Football,Football,2025-09-17,2025-09-17T09:08:30.913Z,2025-09-17T10:21:38.913Z,73.1,,simulation_historical
8743,76341,Claudine,Joubert,Finance,CDI,Football,Football,2025-10-13,2025-10-13T20:21:30.913Z,2025-10-13T22:48:01.913Z,146.5,,simulation_historical
8744,76341,Claudine,Joubert,Finance,CDI,Football,Football,2025-12-10,2025-12-10T02:21:30.913Z,2025-12-10T04:05:18.913Z,103.8,,simulation_historical
8745,76341,Claudine,Joubert,Finance,CDI,Football,Football,2026-05-30,2026-05-30T03:35:30.913Z,2026-05-30T06:03:54.913Z,148.4,,simulation_historical
8746,76341,Claudine,Joubert,Finance,CDI,Football,Football,2026-07-22,2026-07-22T22:03:30.913Z,2026-07-23T00:27:00.913Z,143.5,,simulation_historical
8747,76341,Claudine,Joubert,Finance,CDI,Football,Football,2026-04-15,2026-04-15T20:18:30.913Z,2026-04-15T20:52:23.913Z,33.9,,simulation_historical
8748,76341,Claudine,Joubert,Finance,CDI,Football,Football,2026-06-06,2026-06-06T09:23:30.913Z,2026-06-06T12:14:08.913Z,170.6,,simulation_historical
8749,76341,Claudine,Joubert,Finance,CDI,Football,Football,2026-06-27,2026-06-27T18:20:30.913Z,2026-06-27T21:01:48.913Z,161.3,,simulation_historical
8750,76341,Claudine,Joubert,Finance,CDI,Football,Football,2026-02-07,2026-02-07T10:16:30.913Z,2026-02-07T10:43:00.913Z,26.5,,simulation_historical
8751,76341,Claudine,Joubert,Finance,CDI,Football,Football,2025-09-26,2025-09-26T09:20:30.913Z,2025-09-26T12:15:26.913Z,174.9,,simulation_historical
8752,76341,Claudine,Joubert,Finance,CDI,Football,Football,2025-10-10,2025-10-10T10:27:30.913Z,2025-10-10T13:21:20.913Z,173.8,,simulation_historical
8753,76341,Claudine,Joubert,Finance,CDI,Football,Football,2026-06-28,2026-06-28T19:19:30.913Z,2026-06-28T22:16:31.913Z,177.0,,simulation_historical
8754,76341,Claudine,Joubert,Finance,CDI,Football,Football,2026-06-07,2026-06-07T11:18:30.913Z,2026-06-07T13:04:55.913Z,106.4,,simulation_historical
8755,76771,Andréa,Munoz,Ventes,CDI,Marche,,2026-05-13,2026-05-13T16:36:30.913Z,2026-05-13T19:09:23.913Z,152.9,6.18,simulation_historical
8756,76771,Andréa,Munoz,Ventes,CDI,Marche,,2025-11-07,2025-11-07T20:11:30.913Z,2025-11-07T20:41:08.913Z,29.6,12.08,simulation_historical
8757,76771,Andréa,Munoz,Ventes,CDI,Marche,,2026-07-29,2026-07-29T13:39:30.913Z,2026-07-29T14:05:21.913Z,25.9,1.14,simulation_historical
8758,76771,Andréa,Munoz,Ventes,CDI,Marche,,2026-08-20,2026-08-20T04:50:30.913Z,2026-08-20T05:35:03.913Z,44.6,6.13,simulation_historical
8759,76771,Andréa,Munoz,Ventes,CDI,Marche,,2026-03-18,2026-03-18T08:57:30.913Z,2026-03-18T09:58:37.913Z,61.1,4.49,simulation_historical
8760,76771,Andréa,Munoz,Ventes,CDI,Marche,,2026-04-12,2026-04-12T13:21:30.913Z,2026-04-12T15:07:39.913Z,106.2,10.56,simulation_historical
8761,76771,Andréa,Munoz,Ventes,CDI,Marche,,2026-01-31,2026-01-31T00:23:30.913Z,2026-01-31T01:31:20.913Z,67.8,5.75,simulation_historical
8762,76771,Andréa,Munoz,Ventes,CDI,Marche,,2026-04-14,2026-04-14T11:53:30.913Z,2026-04-14T14:46:55.913Z,173.4,3.62,simulation_historical
8763,76771,Andréa,Munoz,Ventes,CDI,Marche,,2026-07-01,2026-07-01T10:18:30.913Z,2026-07-01T11:10:50.913Z,52.3,9.72,simulation_historical
8764,76771,Andréa,Munoz,Ventes,CDI,Marche,,2025-11-04,2025-11-04T02:34:30.913Z,2025-11-04T05:27:52.913Z,173.4,10.05,simulation_historical
8765,76771,Andréa,Munoz,Ventes,CDI,Marche,,2025-10-30,2025-10-30T00:00:30.913Z,2025-10-30T01:37:17.913Z,96.8,12.3,simulation_historical
8766,76771,Andréa,Munoz,Ventes,CDI,Marche,,2026-05-12,2026-05-12T12:02:30.913Z,2026-05-12T13:02:32.913Z,60.0,8.29,simulation_historical
8767,76771,Andréa,Munoz,Ventes,CDI,Marche,,2026-07-29,2026-07-29T14:36:30.913Z,2026-07-29T16:40:31.913Z,124.0,8.75,simulation_historical
8768,76771,Andréa,Munoz,Ventes,CDI,Marche,,2026-03-06,2026-03-06T00:34:30.913Z,2026-03-06T00:59:56.913Z,25.4,10.6,simulation_historical
8769,76771,Andréa,Munoz,Ventes,CDI,Marche,,2025-09-29,2025-09-29T03:45:30.913Z,2025-09-29T06:05:54.913Z,140.4,10.58,simulation_historical
8770,76771,Andréa,Munoz,Ventes,CDI,Marche,,2025-11-28,2025-11-28T10:16:30.913Z,2025-11-28T10:41:55.913Z,25.4,9.06,simulation_historical
8771,76771,Andréa,Munoz,Ventes,CDI,Marche,,2025-10-07,2025-10-07T21:22:30.913Z,2025-10-07T23:15:16.913Z,112.8,2.39,simulation_historical
8772,76771,Andréa,Munoz,Ventes,CDI,Marche,,2026-03-11,2026-03-11T13:33:30.913Z,2026-03-11T14:30:20.913Z,56.8,11.22,simulation_historical
8773,76771,Andréa,Munoz,Ventes,CDI,Marche,,2026-04-15,2026-04-15T18:19:30.913Z,2026-04-15T19:20:19.913Z,60.8,2.82,simulation_historical
8774,76771,Andréa,Munoz,Ventes,CDI,Marche,,2025-10-09,2025-10-09T09:04:30.913Z,2025-10-09T10:52:04.913Z,107.6,5.79,simulation_historical
8775,76771,Andréa,Munoz,Ventes,CDI,Marche,,2025-09-17,2025-09-17T13:22:30.913Z,2025-09-17T15:57:35.913Z,155.1,1.26,simulation_historical
8776,76771,Andréa,Munoz,Ventes,CDI,Marche,,2025-11-01,2025-11-01T21:18:30.913Z,2025-11-01T22:24:39.913Z,66.2,6.98,simulation_historical
8777,76771,Andréa,Munoz,Ventes,CDI,Marche,,2026-05-10,2026-05-10T09:12:30.913Z,2026-05-10T10:49:01.913Z,96.5,9.53,simulation_historical
8778,76771,Andréa,Munoz,Ventes,CDI,Marche,,2026-09-04,2026-09-04T00:24:30.913Z,2026-09-04T01:30:04.913Z,65.6,1.85,simulation_historical
8779,76771,Andréa,Munoz,Ventes,CDI,Marche,,2025-10-19,2025-10-19T08:00:30.913Z,2025-10-19T09:44:13.913Z,103.7,5.31,simulation_historical
8780,76771,Andréa,Munoz,Ventes,CDI,Marche,,2026-01-30,2026-01-30T02:23:30.913Z,2026-01-30T02:54:32.913Z,31.0,5.47,simulation_historical
8781,76771,Andréa,Munoz,Ventes,CDI,Marche,,2025-10-15,2025-10-15T01:02:30.913Z,2025-10-15T01:44:24.913Z,41.9,6.45,simulation_historical
8782,76771,Andréa,Munoz,Ventes,CDI,Marche,,2025-12-08,2025-12-08T14:36:30.913Z,2025-12-08T14:59:24.913Z,22.9,13.04,simulation_historical
8783,76771,Andréa,Munoz,Ventes,CDI,Marche,,2025-11-27,2025-11-27T15:25:30.913Z,2025-11-27T17:29:26.913Z,123.9,4.27,simulation_historical
8784,76771,Andréa,Munoz,Ventes,CDI,Marche,,2026-01-19,2026-01-19T03:20:30.913Z,2026-01-19T03:50:19.913Z,29.8,12.39,simulation_historical
8785,76771,Andréa,Munoz,Ventes,CDI,Marche,,2025-10-07,2025-10-07T07:00:30.913Z,2025-10-07T09:02:56.913Z,122.4,6.5,simulation_historical
8786,76771,Andréa,Munoz,Ventes,CDI,Marche,,2026-03-12,2026-03-12T22:50:30.913Z,2026-03-13T01:06:25.913Z,135.9,7.67,simulation_historical
8787,76771,Andréa,Munoz,Ventes,CDI,Marche,,2025-09-19,2025-09-19T05:36:30.913Z,2025-09-19T07:31:02.913Z,114.5,12.78,simulation_historical
8788,76771,Andréa,Munoz,Ventes,CDI,Marche,,2026-05-05,2026-05-05T22:32:30.913Z,2026-05-06T01:05:58.913Z,153.5,5.61,simulation_historical
8789,76903,Victor,Lemaire,Finance,CDI,Basketball,Basketball,2026-08-05,2026-08-05T00:46:30.913Z,2026-08-05T01:29:39.913Z,43.2,,simulation_historical
8790,76903,Victor,Lemaire,Finance,CDI,Basketball,Basketball,2025-10-10,2025-10-10T04:49:30.913Z,2025-10-10T07:28:26.913Z,158.9,,simulation_historical
8791,76903,Victor,Lemaire,Finance,CDI,Basketball,Basketball,2026-07-20,2026-07-20T14:53:30.913Z,2026-07-20T15:48:35.913Z,55.1,,simulation_historical
8792,76903,Victor,Lemaire,Finance,CDI,Basketball,Basketball,2026-07-24,2026-07-24T08:40:30.913Z,2026-07-24T09:48:51.913Z,68.4,,simulation_historical
8793,76903,Victor,Lemaire,Finance,CDI,Basketball,Basketball,2026-03-09,2026-03-09T13:35:30.913Z,2026-03-09T16:31:40.913Z,176.2,,simulation_historical
8794,76903,Victor,Lemaire,Finance,CDI,Basketball,Basketball,2026-05-18,2026-05-18T12:49:30.913Z,2026-05-18T13:30:05.913Z,40.6,,simulation_historical
8795,76903,Victor,Lemaire,Finance,CDI,Basketball,Basketball,2026-09-11,2026-09-11T16:44:30.913Z,2026-09-11T18:37:39.913Z,113.2,,simulation_historical
8796,76903,Victor,Lemaire,Finance,CDI,Basketball,Basketball,2025-11-04,2025-11-04T13:35:30.913Z,2025-11-04T16:34:37.913Z,179.1,,simulation_historical
8797,76903,Victor,Lemaire,Finance,CDI,Basketball,Basketball,2025-10-31,2025-10-31T01:04:30.913Z,2025-10-31T02:54:51.913Z,110.4,,simulation_historical
8798,76903,Victor,Lemaire,Finance,CDI,Basketball,Basketball,2025-10-11,2025-10-11T12:05:30.913Z,2025-10-11T12:58:48.913Z,53.3,,simulation_historical
8799,76903,Victor,Lemaire,Finance,CDI,Basketball,Basketball,2026-08-18,2026-08-18T17:36:30.913Z,2026-08-18T18:50:58.913Z,74.5,,simulation_historical
8800,76903,Victor,Lemaire,Finance,CDI,Basketball,Basketball,2026-08-06,2026-08-06T10:39:30.913Z,2026-08-06T11:24:30.913Z,45.0,,simulation_historical
8801,76903,Victor,Lemaire,Finance,CDI,Basketball,Basketball,2026-09-15,2026-09-15T01:54:30.913Z,2026-09-15T03:18:08.913Z,83.6,,simulation_historical
8802,76903,Victor,Lemaire,Finance,CDI,Basketball,Basketball,2026-06-01,2026-06-01T13:59:30.913Z,2026-06-01T14:41:11.913Z,41.7,,simulation_historical
8803,76903,Victor,Lemaire,Finance,CDI,Basketball,Basketball,2026-03-02,2026-03-02T05:04:30.913Z,2026-03-02T07:49:02.913Z,164.5,,simulation_historical
8804,76903,Victor,Lemaire,Finance,CDI,Basketball,Basketball,2026-06-09,2026-06-09T23:52:30.913Z,2026-06-10T01:06:22.913Z,73.9,,simulation_historical
8805,76903,Victor,Lemaire,Finance,CDI,Basketball,Basketball,2025-09-19,2025-09-19T00:06:30.913Z,2025-09-19T01:17:18.913Z,70.8,,simulation_historical
8806,76903,Victor,Lemaire,Finance,CDI,Basketball,Basketball,2026-01-19,2026-01-19T05:58:30.913Z,2026-01-19T06:35:13.913Z,36.7,,simulation_historical
8807,76903,Victor,Lemaire,Finance,CDI,Basketball,Basketball,2026-02-02,2026-02-02T10:12:30.913Z,2026-02-02T10:34:13.913Z,21.7,,simulation_historical
8808,76903,Victor,Lemaire,Finance,CDI,Basketball,Basketball,2026-08-07,2026-08-07T10:32:30.913Z,2026-08-07T12:04:23.913Z,91.9,,simulation_historical
8809,76903,Victor,Lemaire,Finance,CDI,Basketball,Basketball,2026-07-04,2026-07-04T22:08:30.913Z,2026-07-04T23:20:12.913Z,71.7,,simulation_historical
8810,76903,Victor,Lemaire,Finance,CDI,Basketball,Basketball,2025-09-23,2025-09-23T12:00:30.913Z,2025-09-23T12:41:11.913Z,40.7,,simulation_historical
8811,77789,Benjamin,Bourgeois,Support,CDI,Marche,,2026-06-13,2026-06-13T04:56:30.913Z,2026-06-13T06:18:40.913Z,82.2,3.66,simulation_historical
8812,77789,Benjamin,Bourgeois,Support,CDI,Marche,,2026-02-25,2026-02-25T18:51:30.913Z,2026-02-25T20:32:31.913Z,101.0,10.86,simulation_historical
8813,77789,Benjamin,Bourgeois,Support,CDI,Marche,,2026-02-16,2026-02-16T23:04:30.913Z,2026-02-17T00:42:26.913Z,97.9,4.58,simulation_historical
8814,77789,Benjamin,Bourgeois,Support,CDI,Marche,,2026-02-10,2026-02-10T06:52:30.913Z,2026-02-10T08:46:38.913Z,114.1,13.05,simulation_historical
8815,77789,Benjamin,Bourgeois,Support,CDI,Marche,,2026-05-15,2026-05-15T23:44:30.913Z,2026-05-16T01:13:13.913Z,88.7,5.61,simulation_historical
8816,77789,Benjamin,Bourgeois,Support,CDI,Marche,,2026-06-26,2026-06-26T13:41:30.913Z,2026-06-26T14:18:38.913Z,37.1,9.09,simulation_historical
8817,77789,Benjamin,Bourgeois,Support,CDI,Marche,,2026-03-23,2026-03-23T16:41:30.913Z,2026-03-23T18:58:56.913Z,137.4,2.31,simulation_historical
8818,77789,Benjamin,Bourgeois,Support,CDI,Marche,,2025-10-05,2025-10-05T17:16:30.913Z,2025-10-05T17:39:46.913Z,23.3,13.19,simulation_historical
8819,77789,Benjamin,Bourgeois,Support,CDI,Marche,,2025-10-06,2025-10-06T13:24:30.913Z,2025-10-06T15:23:12.913Z,118.7,12.44,simulation_historical
8820,77789,Benjamin,Bourgeois,Support,CDI,Marche,,2025-10-02,2025-10-02T20:01:30.913Z,2025-10-02T20:39:29.913Z,38.0,10.33,simulation_historical
8821,77789,Benjamin,Bourgeois,Support,CDI,Marche,,2026-05-04,2026-05-04T15:51:30.913Z,2026-05-04T17:38:37.913Z,107.1,8.39,simulation_historical
8822,77789,Benjamin,Bourgeois,Support,CDI,Marche,,2026-03-16,2026-03-16T15:53:30.913Z,2026-03-16T18:24:41.913Z,151.2,7.07,simulation_historical
8823,77789,Benjamin,Bourgeois,Support,CDI,Marche,,2026-01-04,2026-01-04T05:56:30.913Z,2026-01-04T08:30:03.913Z,153.6,6.14,simulation_historical
8824,77789,Benjamin,Bourgeois,Support,CDI,Marche,,2025-12-10,2025-12-10T16:32:30.913Z,2025-12-10T17:54:47.913Z,82.3,10.62,simulation_historical
8825,77789,Benjamin,Bourgeois,Support,CDI,Marche,,2026-06-21,2026-06-21T14:00:30.913Z,2026-06-21T15:56:51.913Z,116.4,7.71,simulation_historical
8826,77789,Benjamin,Bourgeois,Support,CDI,Marche,,2026-01-21,2026-01-21T01:24:30.913Z,2026-01-21T03:34:36.913Z,130.1,8.6,simulation_historical
8827,77789,Benjamin,Bourgeois,Support,CDI,Marche,,2026-01-22,2026-01-22T01:35:30.913Z,2026-01-22T02:34:17.913Z,58.8,13.09,simulation_historical
8828,78962,Margot,Perrot,R&D,CDI,Boxe,Boxe,2026-03-03,2026-03-03T02:43:30.913Z,2026-03-03T03:41:34.913Z,58.1,,simulation_historical
8829,78962,Margot,Perrot,R&D,CDI,Boxe,Boxe,2026-04-07,2026-04-07T02:49:30.913Z,2026-04-07T03:50:17.913Z,60.8,,simulation_historical
8830,78962,Margot,Perrot,R&D,CDI,Boxe,Boxe,2026-02-24,2026-02-24T04:44:30.913Z,2026-02-24T07:03:06.913Z,138.6,,simulation_historical
8831,78962,Margot,Perrot,R&D,CDI,Boxe,Boxe,2025-10-13,2025-10-13T10:35:30.913Z,2025-10-13T11:45:43.913Z,70.2,,simulation_historical
8832,78962,Margot,Perrot,R&D,CDI,Boxe,Boxe,2026-05-28,2026-05-28T12:43:30.913Z,2026-05-28T14:50:20.913Z,126.8,,simulation_historical
8833,78962,Margot,Perrot,R&D,CDI,Boxe,Boxe,2026-01-18,2026-01-18T11:27:30.913Z,2026-01-18T13:19:36.913Z,112.1,,simulation_historical
8834,78962,Margot,Perrot,R&D,CDI,Boxe,Boxe,2026-06-07,2026-06-07T15:13:30.913Z,2026-06-07T17:20:36.913Z,127.1,,simulation_historical
8835,78962,Margot,Perrot,R&D,CDI,Boxe,Boxe,2026-06-27,2026-06-27T05:51:30.913Z,2026-06-27T08:41:30.913Z,170.0,,simulation_historical
8836,78962,Margot,Perrot,R&D,CDI,Boxe,Boxe,2026-04-27,2026-04-27T08:32:30.913Z,2026-04-27T11:05:21.913Z,152.9,,simulation_historical
8837,78962,Margot,Perrot,R&D,CDI,Boxe,Boxe,2025-11-09,2025-11-09T16:13:30.913Z,2025-11-09T18:31:41.913Z,138.2,,simulation_historical
8838,78962,Margot,Perrot,R&D,CDI,Boxe,Boxe,2026-02-06,2026-02-06T10:13:30.913Z,2026-02-06T10:49:49.913Z,36.3,,simulation_historical
8839,78962,Margot,Perrot,R&D,CDI,Boxe,Boxe,2026-03-20,2026-03-20T12:40:30.913Z,2026-03-20T14:28:46.913Z,108.3,,simulation_historical
8840,78962,Margot,Perrot,R&D,CDI,Boxe,Boxe,2025-09-20,2025-09-20T00:06:30.913Z,2025-09-20T01:45:30.913Z,99.0,,simulation_historical
8841,78962,Margot,Perrot,R&D,CDI,Boxe,Boxe,2026-07-06,2026-07-06T08:11:30.913Z,2026-07-06T10:46:27.913Z,155.0,,simulation_historical
8842,78962,Margot,Perrot,R&D,CDI,Boxe,Boxe,2026-05-29,2026-05-29T02:13:30.913Z,2026-05-29T02:37:02.913Z,23.5,,simulation_historical
8843,78962,Margot,Perrot,R&D,CDI,Boxe,Boxe,2026-04-11,2026-04-11T19:34:30.913Z,2026-04-11T21:26:57.913Z,112.5,,simulation_historical
8844,78962,Margot,Perrot,R&D,CDI,Boxe,Boxe,2025-10-29,2025-10-29T06:01:30.913Z,2025-10-29T08:18:38.913Z,137.1,,simulation_historical
8845,78962,Margot,Perrot,R&D,CDI,Boxe,Boxe,2025-11-07,2025-11-07T12:06:30.913Z,2025-11-07T13:01:50.913Z,55.3,,simulation_historical
8846,78962,Margot,Perrot,R&D,CDI,Boxe,Boxe,2025-12-19,2025-12-19T06:23:30.913Z,2025-12-19T08:25:27.913Z,122.0,,simulation_historical
8847,78962,Margot,Perrot,R&D,CDI,Boxe,Boxe,2025-09-29,2025-09-29T11:21:30.913Z,2025-09-29T14:15:52.913Z,174.4,,simulation_historical
8848,78962,Margot,Perrot,R&D,CDI,Boxe,Boxe,2026-01-17,2026-01-17T13:43:30.913Z,2026-01-17T16:05:34.913Z,142.1,,simulation_historical
8849,78962,Margot,Perrot,R&D,CDI,Boxe,Boxe,2026-03-11,2026-03-11T02:29:30.913Z,2026-03-11T03:46:41.913Z,77.2,,simulation_historical
8850,78962,Margot,Perrot,R&D,CDI,Boxe,Boxe,2026-04-01,2026-04-01T17:30:30.913Z,2026-04-01T19:15:50.913Z,105.3,,simulation_historical
8851,78962,Margot,Perrot,R&D,CDI,Boxe,Boxe,2025-10-26,2025-10-26T23:54:30.913Z,2025-10-27T01:31:06.913Z,96.6,,simulation_historical
8852,78962,Margot,Perrot,R&D,CDI,Boxe,Boxe,2025-12-06,2025-12-06T05:08:30.913Z,2025-12-06T06:58:54.913Z,110.4,,simulation_historical
8853,78962,Margot,Perrot,R&D,CDI,Boxe,Boxe,2025-09-24,2025-09-24T08:47:30.913Z,2025-09-24T09:42:12.913Z,54.7,,simulation_historical
8854,78962,Margot,Perrot,R&D,CDI,Boxe,Boxe,2026-04-04,2026-04-04T19:08:30.913Z,2026-04-04T20:31:00.913Z,82.5,,simulation_historical
8855,78962,Margot,Perrot,R&D,CDI,Boxe,Boxe,2025-09-18,2025-09-18T21:05:30.913Z,2025-09-18T22:30:13.913Z,84.7,,simulation_historical
8856,78962,Margot,Perrot,R&D,CDI,Boxe,Boxe,2026-05-12,2026-05-12T00:08:30.913Z,2026-05-12T02:36:46.913Z,148.3,,simulation_historical
8857,78962,Margot,Perrot,R&D,CDI,Boxe,Boxe,2026-09-07,2026-09-07T05:12:30.913Z,2026-09-07T05:58:36.913Z,46.1,,simulation_historical
8858,78962,Margot,Perrot,R&D,CDI,Boxe,Boxe,2026-03-04,2026-03-04T11:05:30.913Z,2026-03-04T12:53:19.913Z,107.8,,simulation_historical
8859,78962,Margot,Perrot,R&D,CDI,Boxe,Boxe,2026-08-05,2026-08-05T23:13:30.913Z,2026-08-06T01:39:50.913Z,146.3,,simulation_historical
8860,78962,Margot,Perrot,R&D,CDI,Boxe,Boxe,2025-11-11,2025-11-11T16:27:30.913Z,2025-11-11T17:05:46.913Z,38.3,,simulation_historical
8861,78962,Margot,Perrot,R&D,CDI,Boxe,Boxe,2026-01-29,2026-01-29T02:55:30.913Z,2026-01-29T04:08:15.913Z,72.8,,simulation_historical
8862,78962,Margot,Perrot,R&D,CDI,Boxe,Boxe,2026-04-27,2026-04-27T17:35:30.913Z,2026-04-27T19:34:50.913Z,119.3,,simulation_historical
8863,78962,Margot,Perrot,R&D,CDI,Boxe,Boxe,2026-08-17,2026-08-17T00:29:30.913Z,2026-08-17T01:50:29.913Z,81.0,,simulation_historical
8864,78962,Margot,Perrot,R&D,CDI,Boxe,Boxe,2025-10-27,2025-10-27T15:24:30.913Z,2025-10-27T17:21:45.913Z,117.3,,simulation_historical
8865,78962,Margot,Perrot,R&D,CDI,Boxe,Boxe,2025-11-03,2025-11-03T00:09:30.913Z,2025-11-03T01:09:24.913Z,59.9,,simulation_historical
8866,78962,Margot,Perrot,R&D,CDI,Boxe,Boxe,2026-04-30,2026-04-30T05:13:30.913Z,2026-04-30T06:59:17.913Z,105.8,,simulation_historical
8867,78962,Margot,Perrot,R&D,CDI,Boxe,Boxe,2025-11-10,2025-11-10T22:32:30.913Z,2025-11-10T23:43:53.913Z,71.4,,simulation_historical
8868,78962,Margot,Perrot,R&D,CDI,Boxe,Boxe,2025-11-14,2025-11-14T20:37:30.913Z,2025-11-14T22:18:13.913Z,100.7,,simulation_historical
8869,78962,Margot,Perrot,R&D,CDI,Boxe,Boxe,2026-08-15,2026-08-15T15:48:30.913Z,2026-08-15T17:01:43.913Z,73.2,,simulation_historical
8870,78962,Margot,Perrot,R&D,CDI,Boxe,Boxe,2025-12-21,2025-12-21T23:26:30.913Z,2025-12-22T00:54:16.913Z,87.8,,simulation_historical
8871,78962,Margot,Perrot,R&D,CDI,Boxe,Boxe,2026-03-08,2026-03-08T02:00:30.913Z,2026-03-08T02:23:28.913Z,23.0,,simulation_historical
8872,78962,Margot,Perrot,R&D,CDI,Boxe,Boxe,2026-04-17,2026-04-17T07:31:30.913Z,2026-04-17T08:30:50.913Z,59.3,,simulation_historical
8873,78962,Margot,Perrot,R&D,CDI,Boxe,Boxe,2026-04-18,2026-04-18T15:43:30.913Z,2026-04-18T17:58:34.913Z,135.1,,simulation_historical
8874,78962,Margot,Perrot,R&D,CDI,Boxe,Boxe,2026-08-07,2026-08-07T04:15:30.913Z,2026-08-07T05:15:48.913Z,60.3,,simulation_historical
8875,78962,Margot,Perrot,R&D,CDI,Boxe,Boxe,2026-01-30,2026-01-30T19:20:30.913Z,2026-01-30T22:12:07.913Z,171.6,,simulation_historical
8876,78962,Margot,Perrot,R&D,CDI,Boxe,Boxe,2026-06-27,2026-06-27T20:16:30.913Z,2026-06-27T22:02:16.913Z,105.8,,simulation_historical
8877,78962,Margot,Perrot,R&D,CDI,Boxe,Boxe,2026-07-23,2026-07-23T07:15:30.913Z,2026-07-23T08:50:51.913Z,95.4,,simulation_historical
8878,78962,Margot,Perrot,R&D,CDI,Boxe,Boxe,2026-06-06,2026-06-06T17:06:30.913Z,2026-06-06T19:30:17.913Z,143.8,,simulation_historical
8879,78962,Margot,Perrot,R&D,CDI,Boxe,Boxe,2026-04-24,2026-04-24T10:07:30.913Z,2026-04-24T11:02:35.913Z,55.1,,simulation_historical
8880,78962,Margot,Perrot,R&D,CDI,Boxe,Boxe,2026-04-04,2026-04-04T15:37:30.913Z,2026-04-04T16:11:48.913Z,34.3,,simulation_historical
8881,79006,Jérome,Rousset,R&D,CDI,Marche,,2025-12-08,2025-12-08T00:21:30.913Z,2025-12-08T01:20:12.913Z,58.7,6.17,simulation_historical
8882,79006,Jérome,Rousset,R&D,CDI,Marche,,2026-03-07,2026-03-07T22:43:30.913Z,2026-03-08T01:02:04.913Z,138.6,11.59,simulation_historical
8883,79006,Jérome,Rousset,R&D,CDI,Marche,,2026-04-04,2026-04-04T03:33:30.913Z,2026-04-04T05:22:41.913Z,109.2,11.04,simulation_historical
8884,79006,Jérome,Rousset,R&D,CDI,Marche,,2026-08-29,2026-08-29T19:26:30.913Z,2026-08-29T21:14:58.913Z,108.5,10.27,simulation_historical
8885,79006,Jérome,Rousset,R&D,CDI,Marche,,2025-11-29,2025-11-29T13:48:30.913Z,2025-11-29T16:28:13.913Z,159.7,1.92,simulation_historical
8886,79006,Jérome,Rousset,R&D,CDI,Marche,,2026-07-11,2026-07-11T00:40:30.913Z,2026-07-11T01:19:02.913Z,38.5,3.29,simulation_historical
8887,79006,Jérome,Rousset,R&D,CDI,Marche,,2026-07-01,2026-07-01T12:11:30.913Z,2026-07-01T13:16:06.913Z,64.6,12.7,simulation_historical
8888,79006,Jérome,Rousset,R&D,CDI,Marche,,2026-05-19,2026-05-19T12:56:30.913Z,2026-05-19T14:54:53.913Z,118.4,6.85,simulation_historical
8889,79006,Jérome,Rousset,R&D,CDI,Marche,,2026-03-27,2026-03-27T13:18:30.913Z,2026-03-27T15:12:19.913Z,113.8,13.3,simulation_historical
8890,79006,Jérome,Rousset,R&D,CDI,Marche,,2026-08-12,2026-08-12T00:19:30.913Z,2026-08-12T03:08:21.913Z,168.9,2.02,simulation_historical
8891,79006,Jérome,Rousset,R&D,CDI,Marche,,2025-12-22,2025-12-22T02:03:30.913Z,2025-12-22T04:11:37.913Z,128.1,12.38,simulation_historical
8892,79006,Jérome,Rousset,R&D,CDI,Marche,,2026-06-28,2026-06-28T21:52:30.913Z,2026-06-28T22:36:55.913Z,44.4,14.34,simulation_historical
8893,79006,Jérome,Rousset,R&D,CDI,Marche,,2026-06-02,2026-06-02T01:34:30.913Z,2026-06-02T02:25:58.913Z,51.5,13.5,simulation_historical
8894,79006,Jérome,Rousset,R&D,CDI,Marche,,2026-05-06,2026-05-06T08:29:30.913Z,2026-05-06T09:04:55.913Z,35.4,11.56,simulation_historical
8895,79006,Jérome,Rousset,R&D,CDI,Marche,,2025-10-01,2025-10-01T22:43:30.913Z,2025-10-01T23:17:49.913Z,34.3,11.53,simulation_historical
8896,79006,Jérome,Rousset,R&D,CDI,Marche,,2025-09-24,2025-09-24T08:14:30.913Z,2025-09-24T08:46:04.913Z,31.6,1.69,simulation_historical
8897,79006,Jérome,Rousset,R&D,CDI,Marche,,2026-05-27,2026-05-27T08:35:30.913Z,2026-05-27T09:33:05.913Z,57.6,9.2,simulation_historical
8898,79006,Jérome,Rousset,R&D,CDI,Marche,,2026-04-06,2026-04-06T05:20:30.913Z,2026-04-06T07:28:34.913Z,128.1,1.32,simulation_historical
8899,79006,Jérome,Rousset,R&D,CDI,Marche,,2025-12-29,2025-12-29T06:13:30.913Z,2025-12-29T06:39:55.913Z,26.4,11.97,simulation_historical
8900,79006,Jérome,Rousset,R&D,CDI,Marche,,2025-09-25,2025-09-25T02:09:30.913Z,2025-09-25T02:48:03.913Z,38.6,1.66,simulation_historical
8901,79006,Jérome,Rousset,R&D,CDI,Marche,,2026-06-05,2026-06-05T21:42:30.913Z,2026-06-05T22:59:31.913Z,77.0,4.76,simulation_historical
8902,79006,Jérome,Rousset,R&D,CDI,Marche,,2025-11-22,2025-11-22T00:44:30.913Z,2025-11-22T02:39:54.913Z,115.4,12.5,simulation_historical
8903,79006,Jérome,Rousset,R&D,CDI,Marche,,2026-08-05,2026-08-05T20:48:30.913Z,2026-08-05T22:49:01.913Z,120.5,9.34,simulation_historical
8904,79006,Jérome,Rousset,R&D,CDI,Marche,,2026-06-24,2026-06-24T03:31:30.913Z,2026-06-24T04:33:04.913Z,61.6,9.79,simulation_historical
8905,79006,Jérome,Rousset,R&D,CDI,Marche,,2026-09-12,2026-09-12T18:57:30.913Z,2026-09-12T20:34:20.913Z,96.8,5.35,simulation_historical
8906,79837,Alphonse,Muller,Ventes,CDI,Marche,,2026-03-08,2026-03-08T23:20:30.913Z,2026-03-09T00:24:09.913Z,63.7,14.68,simulation_historical
8907,79837,Alphonse,Muller,Ventes,CDI,Marche,,2026-06-04,2026-06-04T20:28:30.913Z,2026-06-04T22:19:50.913Z,111.3,4.21,simulation_historical
8908,79837,Alphonse,Muller,Ventes,CDI,Marche,,2026-04-02,2026-04-02T07:19:30.913Z,2026-04-02T08:12:02.913Z,52.5,11.66,simulation_historical
8909,79837,Alphonse,Muller,Ventes,CDI,Marche,,2026-04-23,2026-04-23T01:43:30.913Z,2026-04-23T04:05:09.913Z,141.7,10.89,simulation_historical
8910,79837,Alphonse,Muller,Ventes,CDI,Marche,,2025-10-17,2025-10-17T18:12:30.913Z,2025-10-17T20:23:16.913Z,130.8,4.35,simulation_historical
8911,79837,Alphonse,Muller,Ventes,CDI,Marche,,2026-06-14,2026-06-14T12:42:30.913Z,2026-06-14T14:48:18.913Z,125.8,14.18,simulation_historical
8912,79837,Alphonse,Muller,Ventes,CDI,Marche,,2026-07-23,2026-07-23T15:45:30.913Z,2026-07-23T17:01:38.913Z,76.1,4.28,simulation_historical
8913,79837,Alphonse,Muller,Ventes,CDI,Marche,,2025-11-28,2025-11-28T15:57:30.913Z,2025-11-28T17:39:02.913Z,101.5,14.65,simulation_historical
8914,79837,Alphonse,Muller,Ventes,CDI,Marche,,2025-09-27,2025-09-27T18:31:30.913Z,2025-09-27T20:14:20.913Z,102.8,6.91,simulation_historical
8915,79837,Alphonse,Muller,Ventes,CDI,Marche,,2026-01-22,2026-01-22T14:03:30.913Z,2026-01-22T15:26:15.913Z,82.8,10.29,simulation_historical
8916,79837,Alphonse,Muller,Ventes,CDI,Marche,,2026-05-10,2026-05-10T09:12:30.913Z,2026-05-10T09:39:00.913Z,26.5,6.08,simulation_historical
8917,79837,Alphonse,Muller,Ventes,CDI,Marche,,2026-09-10,2026-09-10T08:51:30.913Z,2026-09-10T10:00:54.913Z,69.4,6.47,simulation_historical
8918,79837,Alphonse,Muller,Ventes,CDI,Marche,,2026-06-02,2026-06-02T23:58:30.913Z,2026-06-03T02:04:36.913Z,126.1,12.8,simulation_historical
8919,79837,Alphonse,Muller,Ventes,CDI,Marche,,2026-04-02,2026-04-02T01:19:30.913Z,2026-04-02T02:24:37.913Z,65.1,9.06,simulation_historical
8920,79837,Alphonse,Muller,Ventes,CDI,Marche,,2026-01-13,2026-01-13T22:06:30.913Z,2026-01-13T23:44:25.913Z,97.9,14.03,simulation_historical
8921,79837,Alphonse,Muller,Ventes,CDI,Marche,,2025-10-10,2025-10-10T08:40:30.913Z,2025-10-10T09:29:47.913Z,49.3,1.0,simulation_historical
8922,79837,Alphonse,Muller,Ventes,CDI,Marche,,2026-08-31,2026-08-31T20:41:30.913Z,2026-08-31T21:04:33.913Z,23.1,5.49,simulation_historical
8923,79837,Alphonse,Muller,Ventes,CDI,Marche,,2026-09-16,2026-09-16T06:16:30.913Z,2026-09-16T08:20:39.913Z,124.2,12.94,simulation_historical
8924,79837,Alphonse,Muller,Ventes,CDI,Marche,,2025-11-30,2025-11-30T10:38:30.913Z,2025-11-30T11:13:07.913Z,34.6,7.03,simulation_historical
8925,79837,Alphonse,Muller,Ventes,CDI,Marche,,2026-05-28,2026-05-28T19:32:30.913Z,2026-05-28T21:48:03.913Z,135.6,13.15,simulation_historical
8926,79837,Alphonse,Muller,Ventes,CDI,Marche,,2026-03-10,2026-03-10T13:27:30.913Z,2026-03-10T15:41:30.913Z,134.0,11.71,simulation_historical
8927,79837,Alphonse,Muller,Ventes,CDI,Marche,,2026-09-05,2026-09-05T05:55:30.913Z,2026-09-05T06:25:03.913Z,29.6,2.97,simulation_historical
8928,79837,Alphonse,Muller,Ventes,CDI,Marche,,2026-04-15,2026-04-15T11:28:30.913Z,2026-04-15T13:53:16.913Z,144.8,14.12,simulation_historical
8929,79837,Alphonse,Muller,Ventes,CDI,Marche,,2026-06-04,2026-06-04T11:46:30.913Z,2026-06-04T12:14:47.913Z,28.3,8.81,simulation_historical
8930,79837,Alphonse,Muller,Ventes,CDI,Marche,,2026-06-19,2026-06-19T15:37:30.913Z,2026-06-19T16:21:00.913Z,43.5,12.88,simulation_historical
8931,79837,Alphonse,Muller,Ventes,CDI,Marche,,2026-05-19,2026-05-19T00:49:30.913Z,2026-05-19T03:47:49.913Z,178.3,12.39,simulation_historical
8932,79837,Alphonse,Muller,Ventes,CDI,Marche,,2025-12-05,2025-12-05T07:27:30.913Z,2025-12-05T07:53:39.913Z,26.2,12.52,simulation_historical
8933,79837,Alphonse,Muller,Ventes,CDI,Marche,,2025-12-02,2025-12-02T00:40:30.913Z,2025-12-02T01:42:21.913Z,61.9,4.53,simulation_historical
8934,79837,Alphonse,Muller,Ventes,CDI,Marche,,2026-08-14,2026-08-14T03:01:30.913Z,2026-08-14T05:04:33.913Z,123.1,1.49,simulation_historical
8935,79837,Alphonse,Muller,Ventes,CDI,Marche,,2026-08-28,2026-08-28T00:17:30.913Z,2026-08-28T02:44:40.913Z,147.2,7.76,simulation_historical
8936,79837,Alphonse,Muller,Ventes,CDI,Marche,,2026-06-19,2026-06-19T15:08:30.913Z,2026-06-19T15:40:31.913Z,32.0,11.76,simulation_historical
8937,79837,Alphonse,Muller,Ventes,CDI,Marche,,2026-08-15,2026-08-15T06:59:30.913Z,2026-08-15T08:36:23.913Z,96.9,12.78,simulation_historical
8938,79837,Alphonse,Muller,Ventes,CDI,Marche,,2026-01-14,2026-01-14T08:53:30.913Z,2026-01-14T10:26:29.913Z,93.0,1.4,simulation_historical
8939,79837,Alphonse,Muller,Ventes,CDI,Marche,,2025-10-08,2025-10-08T06:49:30.913Z,2025-10-08T08:00:51.913Z,71.4,4.85,simulation_historical
8940,79837,Alphonse,Muller,Ventes,CDI,Marche,,2025-09-28,2025-09-28T00:53:30.913Z,2025-09-28T01:14:01.913Z,20.5,11.65,simulation_historical
8941,79837,Alphonse,Muller,Ventes,CDI,Marche,,2026-08-24,2026-08-24T20:51:30.913Z,2026-08-24T23:10:22.913Z,138.9,10.16,simulation_historical
8942,79837,Alphonse,Muller,Ventes,CDI,Marche,,2025-09-21,2025-09-21T23:54:30.913Z,2025-09-22T01:17:43.913Z,83.2,12.72,simulation_historical
8943,79837,Alphonse,Muller,Ventes,CDI,Marche,,2026-08-23,2026-08-23T06:21:30.913Z,2026-08-23T07:05:38.913Z,44.1,10.8,simulation_historical
8944,79837,Alphonse,Muller,Ventes,CDI,Marche,,2026-03-12,2026-03-12T00:52:30.913Z,2026-03-12T03:21:31.913Z,149.0,9.92,simulation_historical
8945,79837,Alphonse,Muller,Ventes,CDI,Marche,,2026-06-25,2026-06-25T04:02:30.913Z,2026-06-25T06:03:52.913Z,121.4,12.9,simulation_historical
8946,79919,Alain,Dupré,Support,CDI,Marche,,2025-12-14,2025-12-14T11:24:30.913Z,2025-12-14T13:19:11.913Z,114.7,7.67,simulation_historical
8947,79919,Alain,Dupré,Support,CDI,Marche,,2026-06-18,2026-06-18T21:19:30.913Z,2026-06-18T23:21:06.913Z,121.6,8.66,simulation_historical
8948,79919,Alain,Dupré,Support,CDI,Marche,,2026-03-23,2026-03-23T06:35:30.913Z,2026-03-23T09:10:32.913Z,155.0,12.07,simulation_historical
8949,79919,Alain,Dupré,Support,CDI,Marche,,2025-12-13,2025-12-13T02:21:30.913Z,2025-12-13T04:39:23.913Z,137.9,2.42,simulation_historical
8950,79919,Alain,Dupré,Support,CDI,Marche,,2025-11-12,2025-11-12T06:48:30.913Z,2025-11-12T07:46:05.913Z,57.6,6.45,simulation_historical
8951,79919,Alain,Dupré,Support,CDI,Marche,,2026-03-16,2026-03-16T19:15:30.913Z,2026-03-16T21:38:35.913Z,143.1,13.35,simulation_historical
8952,79919,Alain,Dupré,Support,CDI,Marche,,2025-12-13,2025-12-13T18:34:30.913Z,2025-12-13T19:06:10.913Z,31.7,6.63,simulation_historical
8953,79919,Alain,Dupré,Support,CDI,Marche,,2025-12-30,2025-12-30T19:35:30.913Z,2025-12-30T21:28:47.913Z,113.3,9.85,simulation_historical
8954,79919,Alain,Dupré,Support,CDI,Marche,,2025-10-27,2025-10-27T16:34:30.913Z,2025-10-27T19:31:09.913Z,176.7,3.29,simulation_historical
8955,79919,Alain,Dupré,Support,CDI,Marche,,2026-06-02,2026-06-02T17:19:30.913Z,2026-06-02T18:01:49.913Z,42.3,14.49,simulation_historical
8956,79919,Alain,Dupré,Support,CDI,Marche,,2026-02-14,2026-02-14T12:12:30.913Z,2026-02-14T15:01:02.913Z,168.5,1.69,simulation_historical
8957,79919,Alain,Dupré,Support,CDI,Marche,,2025-12-24,2025-12-24T12:08:30.913Z,2025-12-24T12:29:36.913Z,21.1,5.17,simulation_historical
8958,79919,Alain,Dupré,Support,CDI,Marche,,2025-12-08,2025-12-08T18:34:30.913Z,2025-12-08T19:56:25.913Z,81.9,12.21,simulation_historical
8959,79919,Alain,Dupré,Support,CDI,Marche,,2025-09-18,2025-09-18T05:13:30.913Z,2025-09-18T06:05:25.913Z,51.9,6.33,simulation_historical
8960,79919,Alain,Dupré,Support,CDI,Marche,,2026-03-08,2026-03-08T21:45:30.913Z,2026-03-08T23:53:21.913Z,127.9,9.57,simulation_historical
8961,79919,Alain,Dupré,Support,CDI,Marche,,2025-10-15,2025-10-15T03:30:30.913Z,2025-10-15T06:28:03.913Z,177.6,6.75,simulation_historical
8962,79919,Alain,Dupré,Support,CDI,Marche,,2026-02-19,2026-02-19T16:56:30.913Z,2026-02-19T17:45:33.913Z,49.1,4.7,simulation_historical
8963,79919,Alain,Dupré,Support,CDI,Marche,,2025-10-23,2025-10-23T19:15:30.913Z,2025-10-23T20:18:01.913Z,62.5,14.67,simulation_historical
8964,79919,Alain,Dupré,Support,CDI,Marche,,2025-09-26,2025-09-26T08:59:30.913Z,2025-09-26T09:19:39.913Z,20.2,14.0,simulation_historical
8965,79919,Alain,Dupré,Support,CDI,Marche,,2026-01-01,2026-01-01T12:13:30.913Z,2026-01-01T13:12:55.913Z,59.4,2.18,simulation_historical
8966,79919,Alain,Dupré,Support,CDI,Marche,,2025-09-26,2025-09-26T06:29:30.913Z,2025-09-26T08:40:23.913Z,130.9,5.96,simulation_historical
8967,79919,Alain,Dupré,Support,CDI,Marche,,2026-05-31,2026-05-31T22:04:30.913Z,2026-05-31T22:50:52.913Z,46.4,14.34,simulation_historical
8968,79919,Alain,Dupré,Support,CDI,Marche,,2026-06-11,2026-06-11T15:43:30.913Z,2026-06-11T16:11:59.913Z,28.5,5.85,simulation_historical
8969,79919,Alain,Dupré,Support,CDI,Marche,,2026-07-17,2026-07-17T09:33:30.913Z,2026-07-17T10:12:58.913Z,39.5,2.1,simulation_historical
8970,79919,Alain,Dupré,Support,CDI,Marche,,2026-05-10,2026-05-10T01:37:30.913Z,2026-05-10T03:52:42.913Z,135.2,6.86,simulation_historical
8971,79919,Alain,Dupré,Support,CDI,Marche,,2025-10-13,2025-10-13T03:44:30.913Z,2025-10-13T05:26:28.913Z,102.0,6.62,simulation_historical
8972,79919,Alain,Dupré,Support,CDI,Marche,,2026-03-02,2026-03-02T04:31:30.913Z,2026-03-02T06:14:27.913Z,103.0,8.02,simulation_historical
8973,79919,Alain,Dupré,Support,CDI,Marche,,2025-11-02,2025-11-02T20:46:30.913Z,2025-11-02T23:17:08.913Z,150.6,11.41,simulation_historical
8974,79919,Alain,Dupré,Support,CDI,Marche,,2025-11-05,2025-11-05T21:42:30.913Z,2025-11-06T00:16:40.913Z,154.2,1.52,simulation_historical
8975,79919,Alain,Dupré,Support,CDI,Marche,,2026-01-04,2026-01-04T05:22:30.913Z,2026-01-04T05:50:58.913Z,28.5,5.19,simulation_historical
8976,79919,Alain,Dupré,Support,CDI,Marche,,2025-09-22,2025-09-22T23:49:30.913Z,2025-09-23T01:54:17.913Z,124.8,13.34,simulation_historical
8977,79919,Alain,Dupré,Support,CDI,Marche,,2025-12-15,2025-12-15T12:17:30.913Z,2025-12-15T14:13:21.913Z,115.9,12.22,simulation_historical
8978,79919,Alain,Dupré,Support,CDI,Marche,,2026-01-08,2026-01-08T15:20:30.913Z,2026-01-08T15:51:03.913Z,30.6,8.99,simulation_historical
8979,79919,Alain,Dupré,Support,CDI,Marche,,2026-08-03,2026-08-03T00:28:30.913Z,2026-08-03T03:16:58.913Z,168.5,2.51,simulation_historical
8980,79919,Alain,Dupré,Support,CDI,Marche,,2026-08-05,2026-08-05T07:58:30.913Z,2026-08-05T08:44:10.913Z,45.7,8.45,simulation_historical
8981,79919,Alain,Dupré,Support,CDI,Marche,,2026-03-05,2026-03-05T16:23:30.913Z,2026-03-05T17:49:24.913Z,85.9,10.89,simulation_historical
8982,79919,Alain,Dupré,Support,CDI,Marche,,2026-01-19,2026-01-19T14:24:30.913Z,2026-01-19T16:09:05.913Z,104.6,10.05,simulation_historical
8983,79919,Alain,Dupré,Support,CDI,Marche,,2025-09-21,2025-09-21T01:31:30.913Z,2025-09-21T03:43:37.913Z,132.1,2.56,simulation_historical
8984,79919,Alain,Dupré,Support,CDI,Marche,,2026-09-10,2026-09-10T18:36:30.913Z,2026-09-10T19:04:12.913Z,27.7,9.3,simulation_historical
8985,79919,Alain,Dupré,Support,CDI,Marche,,2026-02-01,2026-02-01T13:12:30.913Z,2026-02-01T14:21:59.913Z,69.5,8.59,simulation_historical
8986,81001,Michelle,Bailly,Ventes,CDD,Marche,,2025-09-24,2025-09-24T21:20:30.913Z,2025-09-25T00:06:46.913Z,166.3,11.71,simulation_historical
8987,81001,Michelle,Bailly,Ventes,CDD,Marche,,2026-08-23,2026-08-23T07:07:30.913Z,2026-08-23T07:59:37.913Z,52.1,12.44,simulation_historical
8988,81001,Michelle,Bailly,Ventes,CDD,Marche,,2025-12-26,2025-12-26T00:33:30.913Z,2025-12-26T02:56:51.913Z,143.4,5.81,simulation_historical
8989,81001,Michelle,Bailly,Ventes,CDD,Marche,,2026-06-25,2026-06-25T14:26:30.913Z,2026-06-25T16:16:59.913Z,110.5,7.99,simulation_historical
8990,81001,Michelle,Bailly,Ventes,CDD,Marche,,2026-07-21,2026-07-21T18:35:30.913Z,2026-07-21T19:16:28.913Z,41.0,4.26,simulation_historical
8991,81001,Michelle,Bailly,Ventes,CDD,Marche,,2026-01-13,2026-01-13T00:29:30.913Z,2026-01-13T00:51:03.913Z,21.6,7.35,simulation_historical
8992,81001,Michelle,Bailly,Ventes,CDD,Marche,,2025-10-17,2025-10-17T09:55:30.913Z,2025-10-17T11:58:22.913Z,122.9,1.72,simulation_historical
8993,81001,Michelle,Bailly,Ventes,CDD,Marche,,2026-04-15,2026-04-15T10:30:30.913Z,2026-04-15T12:23:21.913Z,112.9,12.19,simulation_historical
8994,81001,Michelle,Bailly,Ventes,CDD,Marche,,2025-11-22,2025-11-22T00:30:30.913Z,2025-11-22T02:51:55.913Z,141.4,14.25,simulation_historical
8995,81001,Michelle,Bailly,Ventes,CDD,Marche,,2025-09-23,2025-09-23T12:38:30.913Z,2025-09-23T13:43:24.913Z,64.9,3.28,simulation_historical
8996,81001,Michelle,Bailly,Ventes,CDD,Marche,,2026-07-10,2026-07-10T16:06:30.913Z,2026-07-10T19:00:10.913Z,173.7,1.39,simulation_historical
8997,81001,Michelle,Bailly,Ventes,CDD,Marche,,2026-02-04,2026-02-04T00:21:30.913Z,2026-02-04T02:38:54.913Z,137.4,1.34,simulation_historical
8998,81001,Michelle,Bailly,Ventes,CDD,Marche,,2025-09-18,2025-09-18T22:47:30.913Z,2025-09-19T00:48:04.913Z,120.6,11.4,simulation_historical
8999,81001,Michelle,Bailly,Ventes,CDD,Marche,,2025-12-12,2025-12-12T12:18:30.913Z,2025-12-12T14:47:50.913Z,149.3,1.55,simulation_historical
9000,81001,Michelle,Bailly,Ventes,CDD,Marche,,2026-04-27,2026-04-27T02:09:30.913Z,2026-04-27T04:24:48.913Z,135.3,2.1,simulation_historical
9001,81001,Michelle,Bailly,Ventes,CDD,Marche,,2026-08-14,2026-08-14T13:28:30.913Z,2026-08-14T15:26:09.913Z,117.7,8.78,simulation_historical
9002,81001,Michelle,Bailly,Ventes,CDD,Marche,,2026-02-22,2026-02-22T22:46:30.913Z,2026-02-23T00:12:55.913Z,86.4,3.25,simulation_historical
9003,81001,Michelle,Bailly,Ventes,CDD,Marche,,2026-07-17,2026-07-17T15:34:30.913Z,2026-07-17T16:18:05.913Z,43.6,10.35,simulation_historical
9004,81001,Michelle,Bailly,Ventes,CDD,Marche,,2026-06-12,2026-06-12T18:32:30.913Z,2026-06-12T20:54:18.913Z,141.8,11.81,simulation_historical
9005,81001,Michelle,Bailly,Ventes,CDD,Marche,,2025-12-11,2025-12-11T04:09:30.913Z,2025-12-11T05:41:19.913Z,91.8,8.83,simulation_historical
9006,81001,Michelle,Bailly,Ventes,CDD,Marche,,2026-08-12,2026-08-12T18:33:30.913Z,2026-08-12T21:32:27.913Z,179.0,7.77,simulation_historical
9007,81001,Michelle,Bailly,Ventes,CDD,Marche,,2026-07-18,2026-07-18T22:42:30.913Z,2026-07-19T00:05:55.913Z,83.4,4.32,simulation_historical
9008,81676,Jeannine,Breton,Ventes,CDI,Tennis,Tennis,2026-04-16,2026-04-16T10:57:30.913Z,2026-04-16T13:04:11.913Z,126.7,,simulation_historical
9009,81676,Jeannine,Breton,Ventes,CDI,Tennis,Tennis,2026-09-11,2026-09-11T04:41:30.913Z,2026-09-11T07:20:49.913Z,159.3,,simulation_historical
9010,81676,Jeannine,Breton,Ventes,CDI,Tennis,Tennis,2026-09-10,2026-09-10T12:11:30.913Z,2026-09-10T13:44:06.913Z,92.6,,simulation_historical
9011,81676,Jeannine,Breton,Ventes,CDI,Tennis,Tennis,2025-11-20,2025-11-20T23:44:30.913Z,2025-11-21T01:27:19.913Z,102.8,,simulation_historical
9012,81676,Jeannine,Breton,Ventes,CDI,Tennis,Tennis,2026-07-08,2026-07-08T04:46:30.913Z,2026-07-08T06:13:02.913Z,86.5,,simulation_historical
9013,81676,Jeannine,Breton,Ventes,CDI,Tennis,Tennis,2026-01-14,2026-01-14T09:32:30.913Z,2026-01-14T12:02:08.913Z,149.6,,simulation_historical
9014,81676,Jeannine,Breton,Ventes,CDI,Tennis,Tennis,2026-01-15,2026-01-15T00:31:30.913Z,2026-01-15T01:18:32.913Z,47.0,,simulation_historical
9015,81676,Jeannine,Breton,Ventes,CDI,Tennis,Tennis,2026-06-20,2026-06-20T03:09:30.913Z,2026-06-20T05:57:20.913Z,167.8,,simulation_historical
9016,81676,Jeannine,Breton,Ventes,CDI,Tennis,Tennis,2026-08-11,2026-08-11T11:02:30.913Z,2026-08-11T11:57:10.913Z,54.7,,simulation_historical
9017,81676,Jeannine,Breton,Ventes,CDI,Tennis,Tennis,2025-12-29,2025-12-29T10:49:30.913Z,2025-12-29T11:28:04.913Z,38.6,,simulation_historical
9018,81676,Jeannine,Breton,Ventes,CDI,Tennis,Tennis,2026-01-14,2026-01-14T23:40:30.913Z,2026-01-15T02:35:05.913Z,174.6,,simulation_historical
9019,81676,Jeannine,Breton,Ventes,CDI,Tennis,Tennis,2026-06-24,2026-06-24T08:04:30.913Z,2026-06-24T10:17:24.913Z,132.9,,simulation_historical
9020,81676,Jeannine,Breton,Ventes,CDI,Tennis,Tennis,2025-10-31,2025-10-31T04:30:30.913Z,2025-10-31T06:02:10.913Z,91.7,,simulation_historical
9021,81676,Jeannine,Breton,Ventes,CDI,Tennis,Tennis,2026-02-20,2026-02-20T13:56:30.913Z,2026-02-20T16:14:25.913Z,137.9,,simulation_historical
9022,82858,Nathalie,Colas,Marketing,CDI,Marche,,2026-04-05,2026-04-05T03:43:30.913Z,2026-04-05T04:56:05.913Z,72.6,12.0,simulation_historical
9023,82858,Nathalie,Colas,Marketing,CDI,Marche,,2026-03-09,2026-03-09T03:16:30.913Z,2026-03-09T04:37:51.913Z,81.4,13.27,simulation_historical
9024,82858,Nathalie,Colas,Marketing,CDI,Marche,,2026-07-13,2026-07-13T00:05:30.913Z,2026-07-13T02:44:38.913Z,159.1,7.66,simulation_historical
9025,82858,Nathalie,Colas,Marketing,CDI,Marche,,2025-10-20,2025-10-20T19:34:30.913Z,2025-10-20T21:00:24.913Z,85.9,10.81,simulation_historical
9026,82858,Nathalie,Colas,Marketing,CDI,Marche,,2025-12-24,2025-12-24T06:13:30.913Z,2025-12-24T06:53:59.913Z,40.5,8.09,simulation_historical
9027,82858,Nathalie,Colas,Marketing,CDI,Marche,,2025-11-13,2025-11-13T15:18:30.913Z,2025-11-13T15:56:36.913Z,38.1,10.2,simulation_historical
9028,82858,Nathalie,Colas,Marketing,CDI,Marche,,2026-08-03,2026-08-03T16:47:30.913Z,2026-08-03T17:47:14.913Z,59.7,13.66,simulation_historical
9029,83440,Augustin,Maillard,R&D,CDI,Triathlon,Triathlon,2026-08-27,2026-08-27T04:27:30.913Z,2026-08-27T06:34:53.913Z,127.4,14.2,simulation_historical
9030,83440,Augustin,Maillard,R&D,CDI,Triathlon,Triathlon,2026-01-21,2026-01-21T18:53:30.913Z,2026-01-21T20:46:44.913Z,113.2,14.94,simulation_historical
9031,83440,Augustin,Maillard,R&D,CDI,Triathlon,Triathlon,2025-12-15,2025-12-15T20:24:30.913Z,2025-12-15T22:08:38.913Z,104.1,20.4,simulation_historical
9032,83440,Augustin,Maillard,R&D,CDI,Triathlon,Triathlon,2025-12-29,2025-12-29T00:20:30.913Z,2025-12-29T03:13:28.913Z,173.0,27.35,simulation_historical
9033,83440,Augustin,Maillard,R&D,CDI,Triathlon,Triathlon,2025-11-10,2025-11-10T20:02:30.913Z,2025-11-10T22:59:14.913Z,176.7,9.5,simulation_historical
9034,83440,Augustin,Maillard,R&D,CDI,Triathlon,Triathlon,2026-01-19,2026-01-19T05:39:30.913Z,2026-01-19T08:13:12.913Z,153.7,16.22,simulation_historical
9035,83440,Augustin,Maillard,R&D,CDI,Triathlon,Triathlon,2025-12-17,2025-12-17T23:05:30.913Z,2025-12-17T23:42:41.913Z,37.2,13.24,simulation_historical
9036,83440,Augustin,Maillard,R&D,CDI,Triathlon,Triathlon,2025-10-29,2025-10-29T06:45:30.913Z,2025-10-29T08:19:34.913Z,94.1,14.47,simulation_historical
9037,83440,Augustin,Maillard,R&D,CDI,Triathlon,Triathlon,2025-11-15,2025-11-15T23:30:30.913Z,2025-11-16T01:15:59.913Z,105.5,15.62,simulation_historical
9038,83440,Augustin,Maillard,R&D,CDI,Triathlon,Triathlon,2026-05-16,2026-05-16T21:32:30.913Z,2026-05-16T23:27:40.913Z,115.2,15.04,simulation_historical
9039,83440,Augustin,Maillard,R&D,CDI,Triathlon,Triathlon,2026-06-10,2026-06-10T05:11:30.913Z,2026-06-10T07:23:52.913Z,132.4,14.13,simulation_historical
9040,83440,Augustin,Maillard,R&D,CDI,Triathlon,Triathlon,2026-05-03,2026-05-03T20:17:30.913Z,2026-05-03T21:28:55.913Z,71.4,25.09,simulation_historical
9041,83440,Augustin,Maillard,R&D,CDI,Triathlon,Triathlon,2026-07-06,2026-07-06T17:26:30.913Z,2026-07-06T18:38:22.913Z,71.9,27.52,simulation_historical
9042,83440,Augustin,Maillard,R&D,CDI,Triathlon,Triathlon,2025-09-30,2025-09-30T03:59:30.913Z,2025-09-30T06:47:42.913Z,168.2,23.12,simulation_historical
9043,83440,Augustin,Maillard,R&D,CDI,Triathlon,Triathlon,2026-04-05,2026-04-05T08:53:30.913Z,2026-04-05T11:19:50.913Z,146.3,24.06,simulation_historical
9044,83440,Augustin,Maillard,R&D,CDI,Triathlon,Triathlon,2025-12-24,2025-12-24T10:37:30.913Z,2025-12-24T12:17:05.913Z,99.6,25.93,simulation_historical
9045,83440,Augustin,Maillard,R&D,CDI,Triathlon,Triathlon,2026-05-13,2026-05-13T09:06:30.913Z,2026-05-13T10:58:37.913Z,112.1,11.0,simulation_historical
9046,83440,Augustin,Maillard,R&D,CDI,Triathlon,Triathlon,2025-10-20,2025-10-20T00:21:30.913Z,2025-10-20T01:48:34.913Z,87.1,17.83,simulation_historical
9047,83440,Augustin,Maillard,R&D,CDI,Triathlon,Triathlon,2026-01-11,2026-01-11T17:27:30.913Z,2026-01-11T20:22:39.913Z,175.2,20.04,simulation_historical
9048,83440,Augustin,Maillard,R&D,CDI,Triathlon,Triathlon,2025-12-15,2025-12-15T05:35:30.913Z,2025-12-15T07:05:03.913Z,89.6,24.86,simulation_historical
9049,83440,Augustin,Maillard,R&D,CDI,Triathlon,Triathlon,2026-08-11,2026-08-11T07:37:30.913Z,2026-08-11T09:40:19.913Z,122.8,23.04,simulation_historical
9050,83440,Augustin,Maillard,R&D,CDI,Triathlon,Triathlon,2026-02-27,2026-02-27T15:40:30.913Z,2026-02-27T16:52:05.913Z,71.6,13.35,simulation_historical
9051,83440,Augustin,Maillard,R&D,CDI,Triathlon,Triathlon,2026-01-06,2026-01-06T00:45:30.913Z,2026-01-06T03:35:51.913Z,170.4,24.12,simulation_historical
9052,83440,Augustin,Maillard,R&D,CDI,Triathlon,Triathlon,2026-04-27,2026-04-27T23:08:30.913Z,2026-04-28T01:23:19.913Z,134.8,11.53,simulation_historical
9053,83440,Augustin,Maillard,R&D,CDI,Triathlon,Triathlon,2026-05-03,2026-05-03T14:17:30.913Z,2026-05-03T16:51:10.913Z,153.7,24.51,simulation_historical
9054,83440,Augustin,Maillard,R&D,CDI,Triathlon,Triathlon,2026-07-23,2026-07-23T00:17:30.913Z,2026-07-23T02:23:08.913Z,125.6,15.26,simulation_historical
9055,83440,Augustin,Maillard,R&D,CDI,Triathlon,Triathlon,2026-07-17,2026-07-17T11:33:30.913Z,2026-07-17T12:27:03.913Z,53.6,16.84,simulation_historical
9056,83440,Augustin,Maillard,R&D,CDI,Triathlon,Triathlon,2026-08-20,2026-08-20T13:50:30.913Z,2026-08-20T14:29:41.913Z,39.2,14.09,simulation_historical
9057,83440,Augustin,Maillard,R&D,CDI,Triathlon,Triathlon,2026-07-22,2026-07-22T22:10:30.913Z,2026-07-22T23:43:47.913Z,93.3,9.18,simulation_historical
9058,83440,Augustin,Maillard,R&D,CDI,Triathlon,Triathlon,2026-07-28,2026-07-28T16:01:30.913Z,2026-07-28T18:17:04.913Z,135.6,11.71,simulation_historical
9059,83440,Augustin,Maillard,R&D,CDI,Triathlon,Triathlon,2026-08-26,2026-08-26T18:08:30.913Z,2026-08-26T18:44:51.913Z,36.4,5.32,simulation_historical
9060,83440,Augustin,Maillard,R&D,CDI,Triathlon,Triathlon,2026-07-21,2026-07-21T05:05:30.913Z,2026-07-21T06:41:11.913Z,95.7,14.31,simulation_historical
9061,83440,Augustin,Maillard,R&D,CDI,Triathlon,Triathlon,2026-02-08,2026-02-08T08:30:30.913Z,2026-02-08T09:50:41.913Z,80.2,25.26,simulation_historical
9062,83440,Augustin,Maillard,R&D,CDI,Triathlon,Triathlon,2025-11-10,2025-11-10T20:56:30.913Z,2025-11-10T22:29:20.913Z,92.8,23.11,simulation_historical
9063,83440,Augustin,Maillard,R&D,CDI,Triathlon,Triathlon,2026-03-19,2026-03-19T08:35:30.913Z,2026-03-19T09:01:46.913Z,26.3,23.14,simulation_historical
9064,83440,Augustin,Maillard,R&D,CDI,Triathlon,Triathlon,2025-11-21,2025-11-21T04:56:30.913Z,2025-11-21T06:16:32.913Z,80.0,10.63,simulation_historical
9065,83440,Augustin,Maillard,R&D,CDI,Triathlon,Triathlon,2026-03-04,2026-03-04T09:10:30.913Z,2026-03-04T09:35:15.913Z,24.8,10.26,simulation_historical
9066,83440,Augustin,Maillard,R&D,CDI,Triathlon,Triathlon,2026-07-31,2026-07-31T20:57:30.913Z,2026-07-31T22:31:09.913Z,93.7,20.93,simulation_historical
9067,83440,Augustin,Maillard,R&D,CDI,Triathlon,Triathlon,2026-07-15,2026-07-15T12:29:30.913Z,2026-07-15T14:40:28.913Z,131.0,12.24,simulation_historical
9068,83440,Augustin,Maillard,R&D,CDI,Triathlon,Triathlon,2026-05-16,2026-05-16T01:05:30.913Z,2026-05-16T02:10:43.913Z,65.2,10.69,simulation_historical
9069,83440,Augustin,Maillard,R&D,CDI,Triathlon,Triathlon,2026-05-27,2026-05-27T07:38:30.913Z,2026-05-27T07:59:21.913Z,20.9,12.82,simulation_historical
9070,83440,Augustin,Maillard,R&D,CDI,Triathlon,Triathlon,2025-10-08,2025-10-08T06:17:30.913Z,2025-10-08T09:15:46.913Z,178.3,24.65,simulation_historical
9071,83440,Augustin,Maillard,R&D,CDI,Triathlon,Triathlon,2026-03-03,2026-03-03T01:31:30.913Z,2026-03-03T02:54:54.913Z,83.4,8.29,simulation_historical
9072,83440,Augustin,Maillard,R&D,CDI,Triathlon,Triathlon,2026-08-06,2026-08-06T01:59:30.913Z,2026-08-06T04:20:46.913Z,141.3,19.5,simulation_historical
9073,83440,Augustin,Maillard,R&D,CDI,Triathlon,Triathlon,2026-07-01,2026-07-01T15:48:30.913Z,2026-07-01T17:53:29.913Z,125.0,25.15,simulation_historical
9074,83440,Augustin,Maillard,R&D,CDI,Triathlon,Triathlon,2026-03-06,2026-03-06T15:10:30.913Z,2026-03-06T16:44:41.913Z,94.2,11.72,simulation_historical
9075,84233,Michelle,Gauthier,Finance,CDI,Marche,,2026-01-08,2026-01-08T01:54:30.913Z,2026-01-08T04:37:34.913Z,163.1,6.61,simulation_historical
9076,84233,Michelle,Gauthier,Finance,CDI,Marche,,2026-04-05,2026-04-05T15:13:30.913Z,2026-04-05T17:52:05.913Z,158.6,11.09,simulation_historical
9077,84233,Michelle,Gauthier,Finance,CDI,Marche,,2026-03-02,2026-03-02T01:06:30.913Z,2026-03-02T02:22:36.913Z,76.1,7.11,simulation_historical
9078,84233,Michelle,Gauthier,Finance,CDI,Marche,,2026-07-04,2026-07-04T17:40:30.913Z,2026-07-04T19:43:37.913Z,123.1,3.76,simulation_historical
9079,84233,Michelle,Gauthier,Finance,CDI,Marche,,2026-02-22,2026-02-22T09:31:30.913Z,2026-02-22T11:17:18.913Z,105.8,6.79,simulation_historical
9080,84233,Michelle,Gauthier,Finance,CDI,Marche,,2026-02-21,2026-02-21T07:29:30.913Z,2026-02-21T09:08:52.913Z,99.4,4.78,simulation_historical
9081,84233,Michelle,Gauthier,Finance,CDI,Marche,,2026-03-05,2026-03-05T19:48:30.913Z,2026-03-05T22:16:45.913Z,148.3,1.4,simulation_historical
9082,84233,Michelle,Gauthier,Finance,CDI,Marche,,2025-09-29,2025-09-29T21:29:30.913Z,2025-09-29T22:07:09.913Z,37.7,8.41,simulation_historical
9083,84233,Michelle,Gauthier,Finance,CDI,Marche,,2026-09-05,2026-09-05T03:08:30.913Z,2026-09-05T05:02:45.913Z,114.3,6.89,simulation_historical
9084,84233,Michelle,Gauthier,Finance,CDI,Marche,,2026-03-05,2026-03-05T15:13:30.913Z,2026-03-05T17:32:38.913Z,139.1,12.86,simulation_historical
9085,84233,Michelle,Gauthier,Finance,CDI,Marche,,2026-01-31,2026-01-31T02:39:30.913Z,2026-01-31T04:58:55.913Z,139.4,5.18,simulation_historical
9086,84233,Michelle,Gauthier,Finance,CDI,Marche,,2026-03-22,2026-03-22T08:27:30.913Z,2026-03-22T10:27:36.913Z,120.1,5.26,simulation_historical
9087,84233,Michelle,Gauthier,Finance,CDI,Marche,,2026-01-14,2026-01-14T10:34:30.913Z,2026-01-14T11:54:20.913Z,79.8,14.99,simulation_historical
9088,84233,Michelle,Gauthier,Finance,CDI,Marche,,2025-11-20,2025-11-20T19:11:30.913Z,2025-11-20T21:56:28.913Z,165.0,14.27,simulation_historical
9089,84233,Michelle,Gauthier,Finance,CDI,Marche,,2026-06-08,2026-06-08T14:20:30.913Z,2026-06-08T16:20:03.913Z,119.6,1.79,simulation_historical
9090,84233,Michelle,Gauthier,Finance,CDI,Marche,,2026-05-22,2026-05-22T12:59:30.913Z,2026-05-22T14:02:51.913Z,63.4,2.51,simulation_historical
9091,84233,Michelle,Gauthier,Finance,CDI,Marche,,2025-11-04,2025-11-04T17:09:30.913Z,2025-11-04T17:43:10.913Z,33.7,5.1,simulation_historical
9092,84233,Michelle,Gauthier,Finance,CDI,Marche,,2026-08-06,2026-08-06T22:45:30.913Z,2026-08-07T00:15:10.913Z,89.7,8.42,simulation_historical
9093,84233,Michelle,Gauthier,Finance,CDI,Marche,,2026-07-02,2026-07-02T06:35:30.913Z,2026-07-02T08:54:31.913Z,139.0,5.56,simulation_historical
9094,84233,Michelle,Gauthier,Finance,CDI,Marche,,2026-06-13,2026-06-13T08:18:30.913Z,2026-06-13T10:03:35.913Z,105.1,3.73,simulation_historical
9095,84233,Michelle,Gauthier,Finance,CDI,Marche,,2025-12-24,2025-12-24T13:30:30.913Z,2025-12-24T14:15:41.913Z,45.2,11.17,simulation_historical
9096,84233,Michelle,Gauthier,Finance,CDI,Marche,,2026-08-20,2026-08-20T21:03:30.913Z,2026-08-20T22:11:32.913Z,68.0,5.72,simulation_historical
9097,84233,Michelle,Gauthier,Finance,CDI,Marche,,2025-12-10,2025-12-10T00:17:30.913Z,2025-12-10T01:23:21.913Z,65.9,4.87,simulation_historical
9098,84233,Michelle,Gauthier,Finance,CDI,Marche,,2026-09-08,2026-09-08T09:06:30.913Z,2026-09-08T09:47:32.913Z,41.0,2.1,simulation_historical
9099,84233,Michelle,Gauthier,Finance,CDI,Marche,,2026-07-27,2026-07-27T06:52:30.913Z,2026-07-27T08:01:18.913Z,68.8,9.75,simulation_historical
9100,84233,Michelle,Gauthier,Finance,CDI,Marche,,2026-07-15,2026-07-15T01:09:30.913Z,2026-07-15T03:10:14.913Z,120.7,12.85,simulation_historical
9101,84233,Michelle,Gauthier,Finance,CDI,Marche,,2026-06-17,2026-06-17T11:10:30.913Z,2026-06-17T12:21:30.913Z,71.0,5.02,simulation_historical
9102,84233,Michelle,Gauthier,Finance,CDI,Marche,,2026-09-12,2026-09-12T04:50:30.913Z,2026-09-12T05:57:24.913Z,66.9,13.56,simulation_historical
9103,84233,Michelle,Gauthier,Finance,CDI,Marche,,2026-04-29,2026-04-29T22:52:30.913Z,2026-04-29T23:18:09.913Z,25.7,9.21,simulation_historical
9104,84233,Michelle,Gauthier,Finance,CDI,Marche,,2026-01-01,2026-01-01T14:19:30.913Z,2026-01-01T15:16:21.913Z,56.9,3.74,simulation_historical
9105,84233,Michelle,Gauthier,Finance,CDI,Marche,,2026-08-23,2026-08-23T00:35:30.913Z,2026-08-23T01:31:37.913Z,56.1,4.96,simulation_historical
9106,84233,Michelle,Gauthier,Finance,CDI,Marche,,2025-11-09,2025-11-09T04:08:30.913Z,2025-11-09T05:44:45.913Z,96.3,8.58,simulation_historical
9107,84233,Michelle,Gauthier,Finance,CDI,Marche,,2026-05-14,2026-05-14T01:33:30.913Z,2026-05-14T02:23:30.913Z,50.0,12.69,simulation_historical
9108,84233,Michelle,Gauthier,Finance,CDI,Marche,,2026-05-12,2026-05-12T10:04:30.913Z,2026-05-12T10:36:02.913Z,31.5,2.1,simulation_historical
9109,84233,Michelle,Gauthier,Finance,CDI,Marche,,2026-03-07,2026-03-07T11:44:30.913Z,2026-03-07T13:22:55.913Z,98.4,8.55,simulation_historical
9110,84233,Michelle,Gauthier,Finance,CDI,Marche,,2025-12-20,2025-12-20T00:01:30.913Z,2025-12-20T02:09:21.913Z,127.9,10.02,simulation_historical
9111,84233,Michelle,Gauthier,Finance,CDI,Marche,,2025-12-12,2025-12-12T16:19:30.913Z,2025-12-12T19:02:52.913Z,163.4,8.65,simulation_historical
9112,84233,Michelle,Gauthier,Finance,CDI,Marche,,2025-10-19,2025-10-19T23:22:30.913Z,2025-10-20T02:20:11.913Z,177.7,12.77,simulation_historical
9113,84233,Michelle,Gauthier,Finance,CDI,Marche,,2026-02-21,2026-02-21T07:11:30.913Z,2026-02-21T09:22:49.913Z,131.3,3.73,simulation_historical
9114,84233,Michelle,Gauthier,Finance,CDI,Marche,,2026-01-02,2026-01-02T00:36:30.913Z,2026-01-02T01:06:26.913Z,29.9,4.39,simulation_historical
9115,84233,Michelle,Gauthier,Finance,CDI,Marche,,2026-08-09,2026-08-09T20:21:30.913Z,2026-08-09T22:02:59.913Z,101.5,2.89,simulation_historical
9116,84233,Michelle,Gauthier,Finance,CDI,Marche,,2025-11-11,2025-11-11T02:20:30.913Z,2025-11-11T04:23:09.913Z,122.7,5.91,simulation_historical
9117,84233,Michelle,Gauthier,Finance,CDI,Marche,,2026-03-09,2026-03-09T15:24:30.913Z,2026-03-09T17:57:32.913Z,153.0,4.26,simulation_historical
9118,84233,Michelle,Gauthier,Finance,CDI,Marche,,2026-09-08,2026-09-08T09:17:30.913Z,2026-09-08T10:17:41.913Z,60.2,8.37,simulation_historical
9119,84233,Michelle,Gauthier,Finance,CDI,Marche,,2025-11-17,2025-11-17T16:36:30.913Z,2025-11-17T18:18:57.913Z,102.5,7.49,simulation_historical
9120,84233,Michelle,Gauthier,Finance,CDI,Marche,,2026-05-14,2026-05-14T11:43:30.913Z,2026-05-14T13:05:30.913Z,82.0,8.19,simulation_historical
9121,84233,Michelle,Gauthier,Finance,CDI,Marche,,2026-05-10,2026-05-10T00:19:30.913Z,2026-05-10T02:46:50.913Z,147.3,12.68,simulation_historical
9122,84233,Michelle,Gauthier,Finance,CDI,Marche,,2026-01-21,2026-01-21T03:48:30.913Z,2026-01-21T05:04:23.913Z,75.9,8.59,simulation_historical
9123,84603,Marcelle,Jean,Support,CDI,Marche,,2026-02-16,2026-02-16T14:29:30.913Z,2026-02-16T15:29:14.913Z,59.7,11.49,simulation_historical
9124,84603,Marcelle,Jean,Support,CDI,Marche,,2026-07-27,2026-07-27T06:21:30.913Z,2026-07-27T06:56:00.913Z,34.5,6.74,simulation_historical
9125,84603,Marcelle,Jean,Support,CDI,Marche,,2026-01-21,2026-01-21T02:48:30.913Z,2026-01-21T05:06:50.913Z,138.3,2.28,simulation_historical
9126,84603,Marcelle,Jean,Support,CDI,Marche,,2025-11-14,2025-11-14T06:22:30.913Z,2025-11-14T09:02:27.913Z,160.0,10.04,simulation_historical
9127,84603,Marcelle,Jean,Support,CDI,Marche,,2026-01-15,2026-01-15T13:45:30.913Z,2026-01-15T16:16:25.913Z,150.9,2.11,simulation_historical
9128,84603,Marcelle,Jean,Support,CDI,Marche,,2026-03-20,2026-03-20T05:32:30.913Z,2026-03-20T07:17:14.913Z,104.7,9.3,simulation_historical
9129,84603,Marcelle,Jean,Support,CDI,Marche,,2026-06-24,2026-06-24T15:38:30.913Z,2026-06-24T16:38:21.913Z,59.9,13.2,simulation_historical
9130,84603,Marcelle,Jean,Support,CDI,Marche,,2025-09-16,2025-09-16T22:27:30.913Z,2025-09-16T23:03:51.913Z,36.4,1.4,simulation_historical
9131,84603,Marcelle,Jean,Support,CDI,Marche,,2025-12-30,2025-12-30T09:04:30.913Z,2025-12-30T11:46:47.913Z,162.3,7.08,simulation_historical
9132,84603,Marcelle,Jean,Support,CDI,Marche,,2026-09-04,2026-09-04T01:19:30.913Z,2026-09-04T03:10:42.913Z,111.2,14.08,simulation_historical
9133,84603,Marcelle,Jean,Support,CDI,Marche,,2025-11-07,2025-11-07T01:22:30.913Z,2025-11-07T03:11:40.913Z,109.2,5.67,simulation_historical
9134,84603,Marcelle,Jean,Support,CDI,Marche,,2026-03-12,2026-03-12T13:53:30.913Z,2026-03-12T16:34:40.913Z,161.2,10.59,simulation_historical
9135,84603,Marcelle,Jean,Support,CDI,Marche,,2026-07-15,2026-07-15T00:56:30.913Z,2026-07-15T03:29:37.913Z,153.1,8.1,simulation_historical
9136,86486,Emmanuel,Marchand,Ventes,CDI,Judo,Judo,2025-12-27,2025-12-27T14:02:30.913Z,2025-12-27T16:52:08.913Z,169.6,,simulation_historical
9137,86486,Emmanuel,Marchand,Ventes,CDI,Judo,Judo,2025-11-30,2025-11-30T23:40:30.913Z,2025-12-01T00:42:22.913Z,61.9,,simulation_historical
9138,86486,Emmanuel,Marchand,Ventes,CDI,Judo,Judo,2026-03-07,2026-03-07T05:02:30.913Z,2026-03-07T07:22:36.913Z,140.1,,simulation_historical
9139,86486,Emmanuel,Marchand,Ventes,CDI,Judo,Judo,2025-10-26,2025-10-26T07:35:30.913Z,2025-10-26T08:34:19.913Z,58.8,,simulation_historical
9140,86486,Emmanuel,Marchand,Ventes,CDI,Judo,Judo,2026-06-08,2026-06-08T13:05:30.913Z,2026-06-08T15:10:19.913Z,124.8,,simulation_historical
9141,86486,Emmanuel,Marchand,Ventes,CDI,Judo,Judo,2026-04-28,2026-04-28T03:30:30.913Z,2026-04-28T04:01:56.913Z,31.4,,simulation_historical
9142,86486,Emmanuel,Marchand,Ventes,CDI,Judo,Judo,2026-08-25,2026-08-25T06:44:30.913Z,2026-08-25T07:40:48.913Z,56.3,,simulation_historical
9143,86486,Emmanuel,Marchand,Ventes,CDI,Judo,Judo,2026-06-09,2026-06-09T02:08:30.913Z,2026-06-09T03:21:22.913Z,72.9,,simulation_historical
9144,86486,Emmanuel,Marchand,Ventes,CDI,Judo,Judo,2026-02-15,2026-02-15T11:17:30.913Z,2026-02-15T14:06:52.913Z,169.4,,simulation_historical
9145,86486,Emmanuel,Marchand,Ventes,CDI,Judo,Judo,2025-11-30,2025-11-30T06:46:30.913Z,2025-11-30T08:04:00.913Z,77.5,,simulation_historical
9146,86486,Emmanuel,Marchand,Ventes,CDI,Judo,Judo,2026-09-16,2026-09-16T13:34:30.913Z,2026-09-16T14:04:43.913Z,30.2,,simulation_historical
9147,86486,Emmanuel,Marchand,Ventes,CDI,Judo,Judo,2026-05-03,2026-05-03T16:14:30.913Z,2026-05-03T16:52:32.913Z,38.0,,simulation_historical
9148,86486,Emmanuel,Marchand,Ventes,CDI,Judo,Judo,2026-05-27,2026-05-27T00:46:30.913Z,2026-05-27T01:51:43.913Z,65.2,,simulation_historical
9149,86486,Emmanuel,Marchand,Ventes,CDI,Judo,Judo,2025-10-07,2025-10-07T00:37:30.913Z,2025-10-07T01:19:20.913Z,41.8,,simulation_historical
9150,86486,Emmanuel,Marchand,Ventes,CDI,Judo,Judo,2025-10-09,2025-10-09T00:53:30.913Z,2025-10-09T02:47:05.913Z,113.6,,simulation_historical
9151,86486,Emmanuel,Marchand,Ventes,CDI,Judo,Judo,2025-11-04,2025-11-04T16:21:30.913Z,2025-11-04T18:49:32.913Z,148.0,,simulation_historical
9152,86486,Emmanuel,Marchand,Ventes,CDI,Judo,Judo,2026-05-06,2026-05-06T21:09:30.913Z,2026-05-06T23:59:07.913Z,169.6,,simulation_historical
9153,86486,Emmanuel,Marchand,Ventes,CDI,Judo,Judo,2026-03-30,2026-03-30T19:02:30.913Z,2026-03-30T20:51:39.913Z,109.2,,simulation_historical
9154,86486,Emmanuel,Marchand,Ventes,CDI,Judo,Judo,2025-12-21,2025-12-21T11:02:30.913Z,2025-12-21T13:44:30.913Z,162.0,,simulation_historical
9155,86486,Emmanuel,Marchand,Ventes,CDI,Judo,Judo,2025-10-02,2025-10-02T06:53:30.913Z,2025-10-02T08:20:28.913Z,87.0,,simulation_historical
9156,86486,Emmanuel,Marchand,Ventes,CDI,Judo,Judo,2026-05-24,2026-05-24T15:17:30.913Z,2026-05-24T17:49:29.913Z,152.0,,simulation_historical
9157,86486,Emmanuel,Marchand,Ventes,CDI,Judo,Judo,2026-04-30,2026-04-30T05:12:30.913Z,2026-04-30T06:54:34.913Z,102.1,,simulation_historical
9158,86486,Emmanuel,Marchand,Ventes,CDI,Judo,Judo,2026-01-03,2026-01-03T16:19:30.913Z,2026-01-03T16:53:30.913Z,34.0,,simulation_historical
9159,86486,Emmanuel,Marchand,Ventes,CDI,Judo,Judo,2025-11-18,2025-11-18T05:53:30.913Z,2025-11-18T07:23:51.913Z,90.4,,simulation_historical
9160,86486,Emmanuel,Marchand,Ventes,CDI,Judo,Judo,2026-07-24,2026-07-24T11:09:30.913Z,2026-07-24T12:30:33.913Z,81.1,,simulation_historical
9161,86486,Emmanuel,Marchand,Ventes,CDI,Judo,Judo,2026-05-27,2026-05-27T08:15:30.913Z,2026-05-27T09:17:20.913Z,61.8,,simulation_historical
9162,86486,Emmanuel,Marchand,Ventes,CDI,Judo,Judo,2026-07-27,2026-07-27T17:10:30.913Z,2026-07-27T19:48:37.913Z,158.1,,simulation_historical
9163,86486,Emmanuel,Marchand,Ventes,CDI,Judo,Judo,2026-03-15,2026-03-15T01:57:30.913Z,2026-03-15T04:06:41.913Z,129.2,,simulation_historical
9164,86486,Emmanuel,Marchand,Ventes,CDI,Judo,Judo,2026-02-13,2026-02-13T21:23:30.913Z,2026-02-13T23:05:10.913Z,101.7,,simulation_historical
9165,86486,Emmanuel,Marchand,Ventes,CDI,Judo,Judo,2026-08-06,2026-08-06T08:34:30.913Z,2026-08-06T11:05:53.913Z,151.4,,simulation_historical
9166,86486,Emmanuel,Marchand,Ventes,CDI,Judo,Judo,2025-10-12,2025-10-12T12:55:30.913Z,2025-10-12T14:41:13.913Z,105.7,,simulation_historical
9167,86486,Emmanuel,Marchand,Ventes,CDI,Judo,Judo,2026-08-18,2026-08-18T02:19:30.913Z,2026-08-18T04:37:30.913Z,138.0,,simulation_historical
9168,86486,Emmanuel,Marchand,Ventes,CDI,Judo,Judo,2026-06-30,2026-06-30T02:14:30.913Z,2026-06-30T02:42:51.913Z,28.4,,simulation_historical
9169,86486,Emmanuel,Marchand,Ventes,CDI,Judo,Judo,2026-03-30,2026-03-30T04:37:30.913Z,2026-03-30T06:21:36.913Z,104.1,,simulation_historical
9170,86486,Emmanuel,Marchand,Ventes,CDI,Judo,Judo,2026-05-18,2026-05-18T23:48:30.913Z,2026-05-19T02:22:48.913Z,154.3,,simulation_historical
9171,86486,Emmanuel,Marchand,Ventes,CDI,Judo,Judo,2026-02-25,2026-02-25T21:31:30.913Z,2026-02-25T23:42:10.913Z,130.7,,simulation_historical
9172,86486,Emmanuel,Marchand,Ventes,CDI,Judo,Judo,2026-02-08,2026-02-08T08:26:30.913Z,2026-02-08T09:52:55.913Z,86.4,,simulation_historical
9173,86486,Emmanuel,Marchand,Ventes,CDI,Judo,Judo,2025-11-08,2025-11-08T10:23:30.913Z,2025-11-08T11:26:58.913Z,63.5,,simulation_historical
9174,86486,Emmanuel,Marchand,Ventes,CDI,Judo,Judo,2025-11-14,2025-11-14T05:07:30.913Z,2025-11-14T07:10:24.913Z,122.9,,simulation_historical
9175,86486,Emmanuel,Marchand,Ventes,CDI,Judo,Judo,2026-08-05,2026-08-05T12:39:30.913Z,2026-08-05T13:21:58.913Z,42.5,,simulation_historical
9176,86486,Emmanuel,Marchand,Ventes,CDI,Judo,Judo,2026-09-12,2026-09-12T11:10:30.913Z,2026-09-12T13:27:31.913Z,137.0,,simulation_historical
9177,86486,Emmanuel,Marchand,Ventes,CDI,Judo,Judo,2026-01-07,2026-01-07T12:45:30.913Z,2026-01-07T13:46:58.913Z,61.5,,simulation_historical
9178,86486,Emmanuel,Marchand,Ventes,CDI,Judo,Judo,2026-08-21,2026-08-21T15:14:30.913Z,2026-08-21T16:22:59.913Z,68.5,,simulation_historical
9179,86486,Emmanuel,Marchand,Ventes,CDI,Judo,Judo,2026-08-31,2026-08-31T11:26:30.913Z,2026-08-31T13:26:39.913Z,120.2,,simulation_historical
9180,86486,Emmanuel,Marchand,Ventes,CDI,Judo,Judo,2025-10-03,2025-10-03T17:46:30.913Z,2025-10-03T19:44:03.913Z,117.6,,simulation_historical
9181,86486,Emmanuel,Marchand,Ventes,CDI,Judo,Judo,2025-10-09,2025-10-09T21:39:30.913Z,2025-10-09T22:10:32.913Z,31.0,,simulation_historical
9182,86486,Emmanuel,Marchand,Ventes,CDI,Judo,Judo,2026-06-24,2026-06-24T06:23:30.913Z,2026-06-24T07:10:47.913Z,47.3,,simulation_historical
9183,86486,Emmanuel,Marchand,Ventes,CDI,Judo,Judo,2026-08-27,2026-08-27T21:39:30.913Z,2026-08-27T22:10:17.913Z,30.8,,simulation_historical
9184,86486,Emmanuel,Marchand,Ventes,CDI,Judo,Judo,2025-11-06,2025-11-06T14:52:30.913Z,2025-11-06T16:04:59.913Z,72.5,,simulation_historical
9185,86486,Emmanuel,Marchand,Ventes,CDI,Judo,Judo,2026-06-21,2026-06-21T02:52:30.913Z,2026-06-21T05:26:24.913Z,153.9,,simulation_historical
9186,86486,Emmanuel,Marchand,Ventes,CDI,Judo,Judo,2026-07-23,2026-07-23T07:07:30.913Z,2026-07-23T08:47:04.913Z,99.6,,simulation_historical
9187,86486,Emmanuel,Marchand,Ventes,CDI,Judo,Judo,2025-11-04,2025-11-04T23:40:30.913Z,2025-11-05T01:18:10.913Z,97.7,,simulation_historical
9188,86486,Emmanuel,Marchand,Ventes,CDI,Judo,Judo,2026-07-08,2026-07-08T13:15:30.913Z,2026-07-08T14:46:29.913Z,91.0,,simulation_historical
9189,86633,Léon,Rodriguez,Support,CDI,Running,Runing,2025-10-21,2025-10-21T17:12:30.913Z,2025-10-21T17:58:44.913Z,46.2,17.27,simulation_historical
9190,86633,Léon,Rodriguez,Support,CDI,Running,Runing,2025-11-10,2025-11-10T08:00:30.913Z,2025-11-10T09:37:58.913Z,97.5,2.05,simulation_historical
9191,86633,Léon,Rodriguez,Support,CDI,Running,Runing,2026-02-27,2026-02-27T05:02:30.913Z,2026-02-27T06:06:57.913Z,64.5,23.77,simulation_historical
9192,86633,Léon,Rodriguez,Support,CDI,Running,Runing,2026-01-17,2026-01-17T01:22:30.913Z,2026-01-17T04:01:27.913Z,159.0,11.04,simulation_historical
9193,86633,Léon,Rodriguez,Support,CDI,Running,Runing,2026-04-18,2026-04-18T18:59:30.913Z,2026-04-18T21:09:01.913Z,129.5,14.7,simulation_historical
9194,86633,Léon,Rodriguez,Support,CDI,Running,Runing,2026-05-19,2026-05-19T06:02:30.913Z,2026-05-19T07:51:41.913Z,109.2,7.9,simulation_historical
9195,86633,Léon,Rodriguez,Support,CDI,Running,Runing,2026-05-16,2026-05-16T01:35:30.913Z,2026-05-16T02:37:53.913Z,62.4,2.21,simulation_historical
9196,86633,Léon,Rodriguez,Support,CDI,Running,Runing,2026-08-07,2026-08-07T14:07:30.913Z,2026-08-07T14:59:38.913Z,52.1,5.84,simulation_historical
9197,86633,Léon,Rodriguez,Support,CDI,Running,Runing,2026-07-23,2026-07-23T01:36:30.913Z,2026-07-23T02:37:16.913Z,60.8,24.68,simulation_historical
9198,86633,Léon,Rodriguez,Support,CDI,Running,Runing,2026-08-10,2026-08-10T05:55:30.913Z,2026-08-10T07:46:21.913Z,110.9,23.54,simulation_historical
9199,86633,Léon,Rodriguez,Support,CDI,Running,Runing,2026-04-05,2026-04-05T21:29:30.913Z,2026-04-06T00:01:00.913Z,151.5,15.27,simulation_historical
9200,86633,Léon,Rodriguez,Support,CDI,Running,Runing,2026-02-19,2026-02-19T11:45:30.913Z,2026-02-19T14:36:15.913Z,170.8,24.9,simulation_historical
9201,86633,Léon,Rodriguez,Support,CDI,Running,Runing,2025-11-20,2025-11-20T05:45:30.913Z,2025-11-20T07:02:46.913Z,77.3,16.51,simulation_historical
9202,86633,Léon,Rodriguez,Support,CDI,Running,Runing,2025-10-16,2025-10-16T14:21:30.913Z,2025-10-16T15:24:14.913Z,62.7,13.81,simulation_historical
9203,86633,Léon,Rodriguez,Support,CDI,Running,Runing,2026-06-10,2026-06-10T04:40:30.913Z,2026-06-10T05:13:51.913Z,33.4,2.03,simulation_historical
9204,86692,Marie,Hernandez,Marketing,CDI,Marche,,2026-03-01,2026-03-01T09:52:30.913Z,2026-03-01T12:28:22.913Z,155.9,8.59,simulation_historical
9205,86692,Marie,Hernandez,Marketing,CDI,Marche,,2025-10-14,2025-10-14T02:54:30.913Z,2025-10-14T04:42:51.913Z,108.4,8.37,simulation_historical
9206,86692,Marie,Hernandez,Marketing,CDI,Marche,,2026-07-10,2026-07-10T04:57:30.913Z,2026-07-10T07:12:49.913Z,135.3,11.79,simulation_historical
9207,86692,Marie,Hernandez,Marketing,CDI,Marche,,2026-04-07,2026-04-07T20:49:30.913Z,2026-04-07T21:59:44.913Z,70.2,1.12,simulation_historical
9208,86692,Marie,Hernandez,Marketing,CDI,Marche,,2026-06-24,2026-06-24T07:18:30.913Z,2026-06-24T08:03:57.913Z,45.5,8.98,simulation_historical
9209,86692,Marie,Hernandez,Marketing,CDI,Marche,,2026-03-29,2026-03-29T11:42:30.913Z,2026-03-29T12:40:49.913Z,58.3,4.93,simulation_historical
9210,86692,Marie,Hernandez,Marketing,CDI,Marche,,2025-12-27,2025-12-27T20:13:30.913Z,2025-12-27T21:49:22.913Z,95.9,4.31,simulation_historical
9211,86692,Marie,Hernandez,Marketing,CDI,Marche,,2026-06-16,2026-06-16T02:42:30.913Z,2026-06-16T03:05:01.913Z,22.5,11.35,simulation_historical
9212,86692,Marie,Hernandez,Marketing,CDI,Marche,,2026-03-15,2026-03-15T17:23:30.913Z,2026-03-15T19:25:21.913Z,121.9,6.52,simulation_historical
9213,86692,Marie,Hernandez,Marketing,CDI,Marche,,2026-09-15,2026-09-15T12:14:30.913Z,2026-09-15T14:51:19.913Z,156.8,4.3,simulation_historical
9214,86692,Marie,Hernandez,Marketing,CDI,Marche,,2026-05-31,2026-05-31T11:23:30.913Z,2026-05-31T14:01:23.913Z,157.9,5.48,simulation_historical
9215,86692,Marie,Hernandez,Marketing,CDI,Marche,,2025-12-19,2025-12-19T02:48:30.913Z,2025-12-19T05:32:52.913Z,164.4,10.67,simulation_historical
9216,86692,Marie,Hernandez,Marketing,CDI,Marche,,2025-11-06,2025-11-06T20:32:30.913Z,2025-11-06T22:51:16.913Z,138.8,13.61,simulation_historical
9217,86692,Marie,Hernandez,Marketing,CDI,Marche,,2026-08-27,2026-08-27T00:58:30.913Z,2026-08-27T03:47:54.913Z,169.4,5.75,simulation_historical
9218,86692,Marie,Hernandez,Marketing,CDI,Marche,,2025-12-15,2025-12-15T01:42:30.913Z,2025-12-15T03:20:11.913Z,97.7,6.45,simulation_historical
9219,86692,Marie,Hernandez,Marketing,CDI,Marche,,2026-09-07,2026-09-07T02:07:30.913Z,2026-09-07T02:44:38.913Z,37.1,8.77,simulation_historical
9220,86692,Marie,Hernandez,Marketing,CDI,Marche,,2026-02-15,2026-02-15T00:46:30.913Z,2026-02-15T03:42:39.913Z,176.2,4.78,simulation_historical
9221,86692,Marie,Hernandez,Marketing,CDI,Marche,,2026-04-07,2026-04-07T21:30:30.913Z,2026-04-07T23:53:10.913Z,142.7,5.34,simulation_historical
9222,86692,Marie,Hernandez,Marketing,CDI,Marche,,2026-04-15,2026-04-15T18:50:30.913Z,2026-04-15T19:21:04.913Z,30.6,14.38,simulation_historical
9223,86692,Marie,Hernandez,Marketing,CDI,Marche,,2026-05-21,2026-05-21T17:47:30.913Z,2026-05-21T20:45:45.913Z,178.3,5.16,simulation_historical
9224,86692,Marie,Hernandez,Marketing,CDI,Marche,,2026-02-26,2026-02-26T07:44:30.913Z,2026-02-26T10:29:25.913Z,164.9,4.76,simulation_historical
9225,86847,Jeremy,Arnaud,Support,CDI,Football,Football,2026-05-26,2026-05-26T01:29:30.913Z,2026-05-26T03:37:54.913Z,128.4,,simulation_historical
9226,86847,Jeremy,Arnaud,Support,CDI,Football,Football,2026-09-15,2026-09-15T02:41:30.913Z,2026-09-15T03:22:16.913Z,40.8,,simulation_historical
9227,86847,Jeremy,Arnaud,Support,CDI,Football,Football,2026-04-28,2026-04-28T21:52:30.913Z,2026-04-29T00:41:44.913Z,169.2,,simulation_historical
9228,86847,Jeremy,Arnaud,Support,CDI,Football,Football,2026-02-15,2026-02-15T15:12:30.913Z,2026-02-15T16:56:06.913Z,103.6,,simulation_historical
9229,86847,Jeremy,Arnaud,Support,CDI,Football,Football,2025-11-12,2025-11-12T18:41:30.913Z,2025-11-12T21:17:06.913Z,155.6,,simulation_historical
9230,86847,Jeremy,Arnaud,Support,CDI,Football,Football,2025-11-23,2025-11-23T09:10:30.913Z,2025-11-23T12:01:19.913Z,170.8,,simulation_historical
9231,86847,Jeremy,Arnaud,Support,CDI,Football,Football,2026-04-22,2026-04-22T11:50:30.913Z,2026-04-22T13:14:37.913Z,84.1,,simulation_historical
9232,86948,Philippine,Boutin,Finance,CDI,Tennis,Tennis,2025-12-02,2025-12-02T16:23:30.913Z,2025-12-02T17:31:53.913Z,68.4,,simulation_historical
9233,86948,Philippine,Boutin,Finance,CDI,Tennis,Tennis,2025-12-10,2025-12-10T19:32:30.913Z,2025-12-10T19:56:22.913Z,23.9,,simulation_historical
9234,86948,Philippine,Boutin,Finance,CDI,Tennis,Tennis,2025-10-01,2025-10-01T02:39:30.913Z,2025-10-01T04:29:16.913Z,109.8,,simulation_historical
9235,86948,Philippine,Boutin,Finance,CDI,Tennis,Tennis,2025-10-20,2025-10-20T08:14:30.913Z,2025-10-20T08:40:08.913Z,25.6,,simulation_historical
9236,86948,Philippine,Boutin,Finance,CDI,Tennis,Tennis,2026-07-28,2026-07-28T10:45:30.913Z,2026-07-28T12:16:00.913Z,90.5,,simulation_historical
9237,86948,Philippine,Boutin,Finance,CDI,Tennis,Tennis,2026-06-21,2026-06-21T18:26:30.913Z,2026-06-21T19:56:42.913Z,90.2,,simulation_historical
9238,86948,Philippine,Boutin,Finance,CDI,Tennis,Tennis,2026-02-16,2026-02-16T09:47:30.913Z,2026-02-16T12:03:56.913Z,136.4,,simulation_historical
9239,86948,Philippine,Boutin,Finance,CDI,Tennis,Tennis,2026-06-03,2026-06-03T16:34:30.913Z,2026-06-03T18:33:11.913Z,118.7,,simulation_historical
9240,86948,Philippine,Boutin,Finance,CDI,Tennis,Tennis,2026-07-29,2026-07-29T06:25:30.913Z,2026-07-29T09:13:35.913Z,168.1,,simulation_historical
9241,86948,Philippine,Boutin,Finance,CDI,Tennis,Tennis,2025-09-26,2025-09-26T22:04:30.913Z,2025-09-26T22:43:13.913Z,38.7,,simulation_historical
9242,86948,Philippine,Boutin,Finance,CDI,Tennis,Tennis,2026-08-08,2026-08-08T10:49:30.913Z,2026-08-08T11:42:39.913Z,53.2,,simulation_historical
9243,86948,Philippine,Boutin,Finance,CDI,Tennis,Tennis,2026-09-15,2026-09-15T08:40:30.913Z,2026-09-15T10:14:14.913Z,93.7,,simulation_historical
9244,86948,Philippine,Boutin,Finance,CDI,Tennis,Tennis,2026-06-17,2026-06-17T11:56:30.913Z,2026-06-17T14:19:43.913Z,143.2,,simulation_historical
9245,86948,Philippine,Boutin,Finance,CDI,Tennis,Tennis,2026-03-28,2026-03-28T12:12:30.913Z,2026-03-28T14:58:28.913Z,166.0,,simulation_historical
9246,86948,Philippine,Boutin,Finance,CDI,Tennis,Tennis,2026-01-20,2026-01-20T23:37:30.913Z,2026-01-21T02:08:54.913Z,151.4,,simulation_historical
9247,86948,Philippine,Boutin,Finance,CDI,Tennis,Tennis,2025-10-08,2025-10-08T20:27:30.913Z,2025-10-08T21:10:14.913Z,42.7,,simulation_historical
9248,86948,Philippine,Boutin,Finance,CDI,Tennis,Tennis,2026-03-18,2026-03-18T13:22:30.913Z,2026-03-18T14:30:40.913Z,68.2,,simulation_historical
9249,86948,Philippine,Boutin,Finance,CDI,Tennis,Tennis,2026-03-02,2026-03-02T09:10:30.913Z,2026-03-02T10:38:50.913Z,88.3,,simulation_historical
9250,86948,Philippine,Boutin,Finance,CDI,Tennis,Tennis,2026-09-06,2026-09-06T19:53:30.913Z,2026-09-06T20:37:05.913Z,43.6,,simulation_historical
9251,86948,Philippine,Boutin,Finance,CDI,Tennis,Tennis,2026-08-15,2026-08-15T10:35:30.913Z,2026-08-15T12:28:54.913Z,113.4,,simulation_historical
9252,86948,Philippine,Boutin,Finance,CDI,Tennis,Tennis,2026-06-25,2026-06-25T22:52:30.913Z,2026-06-26T01:38:32.913Z,166.0,,simulation_historical
9253,86948,Philippine,Boutin,Finance,CDI,Tennis,Tennis,2026-06-08,2026-06-08T23:45:30.913Z,2026-06-09T01:41:27.913Z,116.0,,simulation_historical
9254,86948,Philippine,Boutin,Finance,CDI,Tennis,Tennis,2026-09-01,2026-09-01T04:50:30.913Z,2026-09-01T06:56:47.913Z,126.3,,simulation_historical
9255,86948,Philippine,Boutin,Finance,CDI,Tennis,Tennis,2026-02-07,2026-02-07T11:53:30.913Z,2026-02-07T14:33:25.913Z,159.9,,simulation_historical
9256,86948,Philippine,Boutin,Finance,CDI,Tennis,Tennis,2026-02-22,2026-02-22T09:34:30.913Z,2026-02-22T10:46:25.913Z,71.9,,simulation_historical
9257,86948,Philippine,Boutin,Finance,CDI,Tennis,Tennis,2025-11-02,2025-11-02T19:14:30.913Z,2025-11-02T19:52:46.913Z,38.3,,simulation_historical
9258,86948,Philippine,Boutin,Finance,CDI,Tennis,Tennis,2026-05-22,2026-05-22T17:45:30.913Z,2026-05-22T20:20:29.913Z,155.0,,simulation_historical
9259,86948,Philippine,Boutin,Finance,CDI,Tennis,Tennis,2025-12-05,2025-12-05T01:20:30.913Z,2025-12-05T03:08:29.913Z,108.0,,simulation_historical
9260,86948,Philippine,Boutin,Finance,CDI,Tennis,Tennis,2025-10-23,2025-10-23T04:32:30.913Z,2025-10-23T05:03:57.913Z,31.5,,simulation_historical
9261,88193,Daniel,Gomez,R&D,CDI,Randonnée,Randonnée,2026-01-28,2026-01-28T09:44:30.913Z,2026-01-28T12:40:24.913Z,175.9,13.65,simulation_historical
9262,88193,Daniel,Gomez,R&D,CDI,Randonnée,Randonnée,2026-09-07,2026-09-07T17:45:30.913Z,2026-09-07T19:47:13.913Z,121.7,23.26,simulation_historical
9263,88193,Daniel,Gomez,R&D,CDI,Randonnée,Randonnée,2026-03-27,2026-03-27T01:57:30.913Z,2026-03-27T02:19:31.913Z,22.0,12.33,simulation_historical
9264,88193,Daniel,Gomez,R&D,CDI,Randonnée,Randonnée,2026-01-22,2026-01-22T13:36:30.913Z,2026-01-22T14:22:42.913Z,46.2,21.49,simulation_historical
9265,88193,Daniel,Gomez,R&D,CDI,Randonnée,Randonnée,2025-12-23,2025-12-23T21:55:30.913Z,2025-12-23T22:47:18.913Z,51.8,21.43,simulation_historical
9266,88193,Daniel,Gomez,R&D,CDI,Randonnée,Randonnée,2026-07-09,2026-07-09T00:13:30.913Z,2026-07-09T03:04:39.913Z,171.2,20.07,simulation_historical
9267,88193,Daniel,Gomez,R&D,CDI,Randonnée,Randonnée,2026-03-26,2026-03-26T12:05:30.913Z,2026-03-26T12:34:22.913Z,28.9,27.76,simulation_historical
9268,89328,Denise,Lambert,Ventes,CDI,Tennis de table,Tennis de table,2026-04-07,2026-04-07T08:25:30.913Z,2026-04-07T11:12:09.913Z,166.7,,simulation_historical
9269,89328,Denise,Lambert,Ventes,CDI,Tennis de table,Tennis de table,2026-02-11,2026-02-11T06:42:30.913Z,2026-02-11T07:31:36.913Z,49.1,,simulation_historical
9270,89328,Denise,Lambert,Ventes,CDI,Tennis de table,Tennis de table,2026-08-19,2026-08-19T06:02:30.913Z,2026-08-19T06:59:53.913Z,57.4,,simulation_historical
9271,89328,Denise,Lambert,Ventes,CDI,Tennis de table,Tennis de table,2025-09-25,2025-09-25T06:52:30.913Z,2025-09-25T08:56:09.913Z,123.7,,simulation_historical
9272,89328,Denise,Lambert,Ventes,CDI,Tennis de table,Tennis de table,2026-06-30,2026-06-30T07:23:30.913Z,2026-06-30T09:36:00.913Z,132.5,,simulation_historical
9273,89328,Denise,Lambert,Ventes,CDI,Tennis de table,Tennis de table,2026-08-08,2026-08-08T23:21:30.913Z,2026-08-09T00:02:00.913Z,40.5,,simulation_historical
9274,89328,Denise,Lambert,Ventes,CDI,Tennis de table,Tennis de table,2026-01-04,2026-01-04T05:57:30.913Z,2026-01-04T07:39:22.913Z,101.9,,simulation_historical
9275,89328,Denise,Lambert,Ventes,CDI,Tennis de table,Tennis de table,2026-02-20,2026-02-20T15:43:30.913Z,2026-02-20T17:21:21.913Z,97.9,,simulation_historical
9276,89328,Denise,Lambert,Ventes,CDI,Tennis de table,Tennis de table,2026-04-02,2026-04-02T09:59:30.913Z,2026-04-02T10:44:54.913Z,45.4,,simulation_historical
9277,89328,Denise,Lambert,Ventes,CDI,Tennis de table,Tennis de table,2026-07-07,2026-07-07T23:06:30.913Z,2026-07-07T23:53:50.913Z,47.3,,simulation_historical
9278,89328,Denise,Lambert,Ventes,CDI,Tennis de table,Tennis de table,2026-03-15,2026-03-15T12:38:30.913Z,2026-03-15T14:10:38.913Z,92.1,,simulation_historical
9279,89328,Denise,Lambert,Ventes,CDI,Tennis de table,Tennis de table,2026-03-30,2026-03-30T04:48:30.913Z,2026-03-30T05:42:17.913Z,53.8,,simulation_historical
9280,89328,Denise,Lambert,Ventes,CDI,Tennis de table,Tennis de table,2026-06-14,2026-06-14T21:31:30.913Z,2026-06-15T00:30:29.913Z,179.0,,simulation_historical
9281,89328,Denise,Lambert,Ventes,CDI,Tennis de table,Tennis de table,2026-08-07,2026-08-07T08:41:30.913Z,2026-08-07T10:17:00.913Z,95.5,,simulation_historical
9282,89328,Denise,Lambert,Ventes,CDI,Tennis de table,Tennis de table,2026-04-09,2026-04-09T21:56:30.913Z,2026-04-10T00:44:18.913Z,167.8,,simulation_historical
9283,89328,Denise,Lambert,Ventes,CDI,Tennis de table,Tennis de table,2026-08-06,2026-08-06T17:09:30.913Z,2026-08-06T20:07:09.913Z,177.7,,simulation_historical
9284,89328,Denise,Lambert,Ventes,CDI,Tennis de table,Tennis de table,2025-09-27,2025-09-27T22:25:30.913Z,2025-09-28T01:16:19.913Z,170.8,,simulation_historical
9285,89328,Denise,Lambert,Ventes,CDI,Tennis de table,Tennis de table,2025-10-15,2025-10-15T06:38:30.913Z,2025-10-15T08:48:43.913Z,130.2,,simulation_historical
9286,89328,Denise,Lambert,Ventes,CDI,Tennis de table,Tennis de table,2026-08-27,2026-08-27T05:46:30.913Z,2026-08-27T08:01:14.913Z,134.7,,simulation_historical
9287,89328,Denise,Lambert,Ventes,CDI,Tennis de table,Tennis de table,2026-07-30,2026-07-30T18:23:30.913Z,2026-07-30T19:56:58.913Z,93.5,,simulation_historical
9288,89328,Denise,Lambert,Ventes,CDI,Tennis de table,Tennis de table,2026-08-21,2026-08-21T11:40:30.913Z,2026-08-21T12:26:15.913Z,45.8,,simulation_historical
9289,89328,Denise,Lambert,Ventes,CDI,Tennis de table,Tennis de table,2025-11-19,2025-11-19T15:38:30.913Z,2025-11-19T18:08:44.913Z,150.2,,simulation_historical
9290,89328,Denise,Lambert,Ventes,CDI,Tennis de table,Tennis de table,2026-08-25,2026-08-25T23:53:30.913Z,2026-08-26T01:52:06.913Z,118.6,,simulation_historical
9291,89328,Denise,Lambert,Ventes,CDI,Tennis de table,Tennis de table,2026-02-20,2026-02-20T22:38:30.913Z,2026-02-21T00:10:40.913Z,92.2,,simulation_historical
9292,89328,Denise,Lambert,Ventes,CDI,Tennis de table,Tennis de table,2026-06-26,2026-06-26T21:09:30.913Z,2026-06-26T22:37:06.913Z,87.6,,simulation_historical
9293,89328,Denise,Lambert,Ventes,CDI,Tennis de table,Tennis de table,2026-08-06,2026-08-06T05:34:30.913Z,2026-08-06T06:45:03.913Z,70.6,,simulation_historical
9294,89328,Denise,Lambert,Ventes,CDI,Tennis de table,Tennis de table,2025-10-18,2025-10-18T21:00:30.913Z,2025-10-18T21:48:51.913Z,48.4,,simulation_historical
9295,89328,Denise,Lambert,Ventes,CDI,Tennis de table,Tennis de table,2025-10-29,2025-10-29T15:14:30.913Z,2025-10-29T16:34:08.913Z,79.6,,simulation_historical
9296,89328,Denise,Lambert,Ventes,CDI,Tennis de table,Tennis de table,2025-09-19,2025-09-19T11:34:30.913Z,2025-09-19T14:13:40.913Z,159.2,,simulation_historical
9297,89328,Denise,Lambert,Ventes,CDI,Tennis de table,Tennis de table,2026-05-17,2026-05-17T02:44:30.913Z,2026-05-17T05:27:18.913Z,162.8,,simulation_historical
9298,89328,Denise,Lambert,Ventes,CDI,Tennis de table,Tennis de table,2026-04-29,2026-04-29T20:54:30.913Z,2026-04-29T22:05:42.913Z,71.2,,simulation_historical
9299,89328,Denise,Lambert,Ventes,CDI,Tennis de table,Tennis de table,2026-01-06,2026-01-06T22:29:30.913Z,2026-01-06T23:05:42.913Z,36.2,,simulation_historical
9300,89328,Denise,Lambert,Ventes,CDI,Tennis de table,Tennis de table,2026-02-08,2026-02-08T09:05:30.913Z,2026-02-08T11:11:34.913Z,126.1,,simulation_historical
9301,89328,Denise,Lambert,Ventes,CDI,Tennis de table,Tennis de table,2026-06-09,2026-06-09T23:26:30.913Z,2026-06-10T01:20:30.913Z,114.0,,simulation_historical
9302,89328,Denise,Lambert,Ventes,CDI,Tennis de table,Tennis de table,2026-07-09,2026-07-09T03:07:30.913Z,2026-07-09T05:19:52.913Z,132.4,,simulation_historical
9303,89328,Denise,Lambert,Ventes,CDI,Tennis de table,Tennis de table,2025-11-24,2025-11-24T06:27:30.913Z,2025-11-24T07:55:30.913Z,88.0,,simulation_historical
9304,89328,Denise,Lambert,Ventes,CDI,Tennis de table,Tennis de table,2025-11-05,2025-11-05T11:59:30.913Z,2025-11-05T14:14:14.913Z,134.7,,simulation_historical
9305,89328,Denise,Lambert,Ventes,CDI,Tennis de table,Tennis de table,2026-05-08,2026-05-08T19:06:30.913Z,2026-05-08T21:42:23.913Z,155.9,,simulation_historical
9306,89328,Denise,Lambert,Ventes,CDI,Tennis de table,Tennis de table,2026-09-16,2026-09-16T12:19:30.913Z,2026-09-16T13:31:42.913Z,72.2,,simulation_historical
9307,89328,Denise,Lambert,Ventes,CDI,Tennis de table,Tennis de table,2026-05-09,2026-05-09T17:36:30.913Z,2026-05-09T20:33:57.913Z,177.5,,simulation_historical
9308,89328,Denise,Lambert,Ventes,CDI,Tennis de table,Tennis de table,2026-06-13,2026-06-13T19:07:30.913Z,2026-06-13T20:00:15.913Z,52.8,,simulation_historical
9309,89328,Denise,Lambert,Ventes,CDI,Tennis de table,Tennis de table,2025-10-08,2025-10-08T08:36:30.913Z,2025-10-08T09:07:28.913Z,31.0,,simulation_historical
9310,89328,Denise,Lambert,Ventes,CDI,Tennis de table,Tennis de table,2026-05-21,2026-05-21T07:57:30.913Z,2026-05-21T08:30:12.913Z,32.7,,simulation_historical
9311,89328,Denise,Lambert,Ventes,CDI,Tennis de table,Tennis de table,2026-08-10,2026-08-10T18:19:30.913Z,2026-08-10T19:15:48.913Z,56.3,,simulation_historical
9312,89328,Denise,Lambert,Ventes,CDI,Tennis de table,Tennis de table,2026-05-28,2026-05-28T07:37:30.913Z,2026-05-28T10:34:23.913Z,176.9,,simulation_historical
9313,89943,Benjamin,Royer,Finance,CDI,Randonnée,Randonnée,2025-10-18,2025-10-18T08:59:30.913Z,2025-10-18T09:49:44.913Z,50.2,29.2,simulation_historical
9314,89943,Benjamin,Royer,Finance,CDI,Randonnée,Randonnée,2025-09-25,2025-09-25T15:18:30.913Z,2025-09-25T16:07:42.913Z,49.2,13.19,simulation_historical
9315,89943,Benjamin,Royer,Finance,CDI,Randonnée,Randonnée,2026-06-03,2026-06-03T01:35:30.913Z,2026-06-03T02:35:38.913Z,60.1,25.73,simulation_historical
9316,89943,Benjamin,Royer,Finance,CDI,Randonnée,Randonnée,2025-10-20,2025-10-20T11:49:30.913Z,2025-10-20T13:50:11.913Z,120.7,12.65,simulation_historical
9317,89943,Benjamin,Royer,Finance,CDI,Randonnée,Randonnée,2026-02-18,2026-02-18T03:02:30.913Z,2026-02-18T05:44:11.913Z,161.7,24.29,simulation_historical
9318,90207,Andréa,Wagner,Marketing,CDI,Tennis,Tennis,2026-01-31,2026-01-31T18:32:30.913Z,2026-01-31T19:32:20.913Z,59.8,,simulation_historical
9319,90207,Andréa,Wagner,Marketing,CDI,Tennis,Tennis,2026-06-03,2026-06-03T03:22:30.913Z,2026-06-03T04:33:50.913Z,71.3,,simulation_historical
9320,90207,Andréa,Wagner,Marketing,CDI,Tennis,Tennis,2025-10-10,2025-10-10T18:29:30.913Z,2025-10-10T21:03:16.913Z,153.8,,simulation_historical
9321,90207,Andréa,Wagner,Marketing,CDI,Tennis,Tennis,2026-01-09,2026-01-09T07:17:30.913Z,2026-01-09T07:50:51.913Z,33.4,,simulation_historical
9322,90207,Andréa,Wagner,Marketing,CDI,Tennis,Tennis,2026-05-10,2026-05-10T15:17:30.913Z,2026-05-10T17:44:05.913Z,146.6,,simulation_historical
9323,90207,Andréa,Wagner,Marketing,CDI,Tennis,Tennis,2026-06-27,2026-06-27T13:54:30.913Z,2026-06-27T14:30:46.913Z,36.3,,simulation_historical
9324,90207,Andréa,Wagner,Marketing,CDI,Tennis,Tennis,2026-01-24,2026-01-24T23:26:30.913Z,2026-01-25T00:42:09.913Z,75.7,,simulation_historical
9325,90207,Andréa,Wagner,Marketing,CDI,Tennis,Tennis,2026-02-17,2026-02-17T11:48:30.913Z,2026-02-17T13:26:55.913Z,98.4,,simulation_historical
9326,90207,Andréa,Wagner,Marketing,CDI,Tennis,Tennis,2026-07-06,2026-07-06T06:27:30.913Z,2026-07-06T07:35:50.913Z,68.3,,simulation_historical
9327,90207,Andréa,Wagner,Marketing,CDI,Tennis,Tennis,2026-02-10,2026-02-10T15:14:30.913Z,2026-02-10T17:59:06.913Z,164.6,,simulation_historical
9328,90207,Andréa,Wagner,Marketing,CDI,Tennis,Tennis,2026-08-13,2026-08-13T21:15:30.913Z,2026-08-13T23:10:29.913Z,115.0,,simulation_historical
9329,90207,Andréa,Wagner,Marketing,CDI,Tennis,Tennis,2026-04-13,2026-04-13T19:30:30.913Z,2026-04-13T21:53:12.913Z,142.7,,simulation_historical
9330,90207,Andréa,Wagner,Marketing,CDI,Tennis,Tennis,2026-06-05,2026-06-05T16:49:30.913Z,2026-06-05T18:24:45.913Z,95.3,,simulation_historical
9331,90207,Andréa,Wagner,Marketing,CDI,Tennis,Tennis,2026-01-15,2026-01-15T03:27:30.913Z,2026-01-15T04:31:18.913Z,63.8,,simulation_historical
9332,90207,Andréa,Wagner,Marketing,CDI,Tennis,Tennis,2026-01-14,2026-01-14T08:16:30.913Z,2026-01-14T09:12:57.913Z,56.5,,simulation_historical
9333,90207,Andréa,Wagner,Marketing,CDI,Tennis,Tennis,2026-09-08,2026-09-08T08:03:30.913Z,2026-09-08T10:36:11.913Z,152.7,,simulation_historical
9334,90207,Andréa,Wagner,Marketing,CDI,Tennis,Tennis,2026-03-04,2026-03-04T08:09:30.913Z,2026-03-04T10:48:40.913Z,159.2,,simulation_historical
9335,90207,Andréa,Wagner,Marketing,CDI,Tennis,Tennis,2025-10-23,2025-10-23T11:37:30.913Z,2025-10-23T13:10:35.913Z,93.1,,simulation_historical
9336,90207,Andréa,Wagner,Marketing,CDI,Tennis,Tennis,2026-03-10,2026-03-10T23:28:30.913Z,2026-03-11T00:15:29.913Z,47.0,,simulation_historical
9337,90207,Andréa,Wagner,Marketing,CDI,Tennis,Tennis,2026-04-29,2026-04-29T18:11:30.913Z,2026-04-29T19:56:12.913Z,104.7,,simulation_historical
9338,90207,Andréa,Wagner,Marketing,CDI,Tennis,Tennis,2026-02-22,2026-02-22T15:40:30.913Z,2026-02-22T18:35:22.913Z,174.9,,simulation_historical
9339,90207,Andréa,Wagner,Marketing,CDI,Tennis,Tennis,2026-07-24,2026-07-24T07:47:30.913Z,2026-07-24T09:24:43.913Z,97.2,,simulation_historical
9340,90284,Aurélie,Chartier,Marketing,CDI,Randonnée,Randonnée,2026-05-13,2026-05-13T17:45:30.913Z,2026-05-13T20:37:18.913Z,171.8,22.11,simulation_historical
9341,90284,Aurélie,Chartier,Marketing,CDI,Randonnée,Randonnée,2025-11-25,2025-11-25T22:46:30.913Z,2025-11-25T23:56:27.913Z,70.0,22.56,simulation_historical
9342,90284,Aurélie,Chartier,Marketing,CDI,Randonnée,Randonnée,2026-01-04,2026-01-04T23:44:30.913Z,2026-01-05T00:45:12.913Z,60.7,2.64,simulation_historical
9343,90284,Aurélie,Chartier,Marketing,CDI,Randonnée,Randonnée,2026-04-01,2026-04-01T16:55:30.913Z,2026-04-01T19:46:44.913Z,171.2,15.75,simulation_historical
9344,90284,Aurélie,Chartier,Marketing,CDI,Randonnée,Randonnée,2025-11-30,2025-11-30T05:44:30.913Z,2025-11-30T08:15:51.913Z,151.4,8.34,simulation_historical
9345,90284,Aurélie,Chartier,Marketing,CDI,Randonnée,Randonnée,2026-06-13,2026-06-13T11:58:30.913Z,2026-06-13T13:42:09.913Z,103.7,25.62,simulation_historical
9346,90284,Aurélie,Chartier,Marketing,CDI,Randonnée,Randonnée,2026-02-11,2026-02-11T07:00:30.913Z,2026-02-11T08:34:45.913Z,94.3,21.21,simulation_historical
9347,90284,Aurélie,Chartier,Marketing,CDI,Randonnée,Randonnée,2026-06-05,2026-06-05T19:19:30.913Z,2026-06-05T22:13:50.913Z,174.3,20.48,simulation_historical
9348,90284,Aurélie,Chartier,Marketing,CDI,Randonnée,Randonnée,2026-03-18,2026-03-18T12:20:30.913Z,2026-03-18T14:49:20.913Z,148.8,22.47,simulation_historical
9349,90284,Aurélie,Chartier,Marketing,CDI,Randonnée,Randonnée,2026-06-08,2026-06-08T08:24:30.913Z,2026-06-08T08:57:00.913Z,32.5,13.01,simulation_historical
9350,90284,Aurélie,Chartier,Marketing,CDI,Randonnée,Randonnée,2026-03-17,2026-03-17T23:56:30.913Z,2026-03-18T01:22:21.913Z,85.9,19.45,simulation_historical
9351,90284,Aurélie,Chartier,Marketing,CDI,Randonnée,Randonnée,2026-03-30,2026-03-30T00:30:30.913Z,2026-03-30T02:48:08.913Z,137.6,20.43,simulation_historical
9352,90284,Aurélie,Chartier,Marketing,CDI,Randonnée,Randonnée,2026-09-07,2026-09-07T17:40:30.913Z,2026-09-07T18:28:40.913Z,48.2,20.52,simulation_historical
9353,90284,Aurélie,Chartier,Marketing,CDI,Randonnée,Randonnée,2026-07-08,2026-07-08T08:18:30.913Z,2026-07-08T08:50:28.913Z,32.0,8.72,simulation_historical
9354,90284,Aurélie,Chartier,Marketing,CDI,Randonnée,Randonnée,2026-01-20,2026-01-20T02:10:30.913Z,2026-01-20T02:50:19.913Z,39.8,5.36,simulation_historical
9355,90284,Aurélie,Chartier,Marketing,CDI,Randonnée,Randonnée,2025-10-02,2025-10-02T22:16:30.913Z,2025-10-02T23:13:33.913Z,57.1,9.23,simulation_historical
9356,90284,Aurélie,Chartier,Marketing,CDI,Randonnée,Randonnée,2026-05-30,2026-05-30T09:21:30.913Z,2026-05-30T10:07:56.913Z,46.4,3.2,simulation_historical
9357,90284,Aurélie,Chartier,Marketing,CDI,Randonnée,Randonnée,2026-05-08,2026-05-08T14:46:30.913Z,2026-05-08T16:58:13.913Z,131.7,5.94,simulation_historical
9358,90284,Aurélie,Chartier,Marketing,CDI,Randonnée,Randonnée,2026-04-25,2026-04-25T19:07:30.913Z,2026-04-25T21:30:20.913Z,142.8,8.85,simulation_historical
9359,90284,Aurélie,Chartier,Marketing,CDI,Randonnée,Randonnée,2026-07-31,2026-07-31T04:45:30.913Z,2026-07-31T06:10:08.913Z,84.6,22.05,simulation_historical
9360,90284,Aurélie,Chartier,Marketing,CDI,Randonnée,Randonnée,2026-07-18,2026-07-18T12:53:30.913Z,2026-07-18T14:21:51.913Z,88.4,27.92,simulation_historical
9361,90813,Gilles,Baudry,Support,CDI,Natation,Natation,2025-12-15,2025-12-15T16:04:30.913Z,2025-12-15T17:30:21.913Z,85.9,,simulation_historical
9362,90813,Gilles,Baudry,Support,CDI,Natation,Natation,2026-08-25,2026-08-25T00:00:30.913Z,2026-08-25T01:36:09.913Z,95.7,,simulation_historical
9363,90813,Gilles,Baudry,Support,CDI,Natation,Natation,2025-12-13,2025-12-13T10:02:30.913Z,2025-12-13T10:24:14.913Z,21.7,,simulation_historical
9364,90813,Gilles,Baudry,Support,CDI,Natation,Natation,2026-01-09,2026-01-09T08:54:30.913Z,2026-01-09T11:06:57.913Z,132.5,,simulation_historical
9365,90813,Gilles,Baudry,Support,CDI,Natation,Natation,2026-03-31,2026-03-31T12:39:30.913Z,2026-03-31T15:17:02.913Z,157.5,,simulation_historical
9366,90813,Gilles,Baudry,Support,CDI,Natation,Natation,2025-11-22,2025-11-22T07:45:30.913Z,2025-11-22T10:42:41.913Z,177.2,,simulation_historical
9367,90813,Gilles,Baudry,Support,CDI,Natation,Natation,2026-04-27,2026-04-27T15:17:30.913Z,2026-04-27T17:12:47.913Z,115.3,,simulation_historical
9368,90813,Gilles,Baudry,Support,CDI,Natation,Natation,2026-03-18,2026-03-18T01:09:30.913Z,2026-03-18T02:14:21.913Z,64.9,,simulation_historical
9369,90813,Gilles,Baudry,Support,CDI,Natation,Natation,2026-09-02,2026-09-02T16:38:30.913Z,2026-09-02T19:34:36.913Z,176.1,,simulation_historical
9370,90813,Gilles,Baudry,Support,CDI,Natation,Natation,2026-09-05,2026-09-05T18:27:30.913Z,2026-09-05T19:40:04.913Z,72.6,,simulation_historical
9371,90813,Gilles,Baudry,Support,CDI,Natation,Natation,2026-06-20,2026-06-20T10:30:30.913Z,2026-06-20T11:02:50.913Z,32.3,,simulation_historical
9372,90813,Gilles,Baudry,Support,CDI,Natation,Natation,2026-06-17,2026-06-17T08:52:30.913Z,2026-06-17T10:09:35.913Z,77.1,,simulation_historical
9373,90813,Gilles,Baudry,Support,CDI,Natation,Natation,2026-06-07,2026-06-07T11:26:30.913Z,2026-06-07T13:52:20.913Z,145.8,,simulation_historical
9374,90813,Gilles,Baudry,Support,CDI,Natation,Natation,2026-08-15,2026-08-15T18:16:30.913Z,2026-08-15T19:38:06.913Z,81.6,,simulation_historical
9375,90813,Gilles,Baudry,Support,CDI,Natation,Natation,2025-11-04,2025-11-04T11:42:30.913Z,2025-11-04T12:34:41.913Z,52.2,,simulation_historical
9376,90813,Gilles,Baudry,Support,CDI,Natation,Natation,2026-06-04,2026-06-04T04:04:30.913Z,2026-06-04T05:46:18.913Z,101.8,,simulation_historical
9377,90813,Gilles,Baudry,Support,CDI,Natation,Natation,2025-09-30,2025-09-30T02:35:30.913Z,2025-09-30T03:12:46.913Z,37.3,,simulation_historical
9378,90813,Gilles,Baudry,Support,CDI,Natation,Natation,2026-06-27,2026-06-27T00:20:30.913Z,2026-06-27T00:42:34.913Z,22.1,,simulation_historical
9379,90813,Gilles,Baudry,Support,CDI,Natation,Natation,2026-06-21,2026-06-21T04:42:30.913Z,2026-06-21T07:28:03.913Z,165.6,,simulation_historical
9380,90813,Gilles,Baudry,Support,CDI,Natation,Natation,2026-06-18,2026-06-18T17:51:30.913Z,2026-06-18T20:06:17.913Z,134.8,,simulation_historical
9381,90813,Gilles,Baudry,Support,CDI,Natation,Natation,2026-07-23,2026-07-23T12:56:30.913Z,2026-07-23T13:59:31.913Z,63.0,,simulation_historical
9382,90813,Gilles,Baudry,Support,CDI,Natation,Natation,2026-05-31,2026-05-31T13:35:30.913Z,2026-05-31T15:48:50.913Z,133.3,,simulation_historical
9383,90813,Gilles,Baudry,Support,CDI,Natation,Natation,2026-07-23,2026-07-23T02:30:30.913Z,2026-07-23T03:35:52.913Z,65.4,,simulation_historical
9384,90813,Gilles,Baudry,Support,CDI,Natation,Natation,2026-05-02,2026-05-02T17:11:30.913Z,2026-05-02T20:03:03.913Z,171.6,,simulation_historical
9385,90813,Gilles,Baudry,Support,CDI,Natation,Natation,2025-10-04,2025-10-04T22:47:30.913Z,2025-10-05T01:47:24.913Z,179.9,,simulation_historical
9386,90813,Gilles,Baudry,Support,CDI,Natation,Natation,2026-04-01,2026-04-01T01:34:30.913Z,2026-04-01T04:20:00.913Z,165.5,,simulation_historical
9387,90813,Gilles,Baudry,Support,CDI,Natation,Natation,2025-10-12,2025-10-12T21:31:30.913Z,2025-10-12T23:54:07.913Z,142.6,,simulation_historical
9388,90813,Gilles,Baudry,Support,CDI,Natation,Natation,2026-02-11,2026-02-11T10:05:30.913Z,2026-02-11T12:27:02.913Z,141.5,,simulation_historical
9389,90813,Gilles,Baudry,Support,CDI,Natation,Natation,2026-04-27,2026-04-27T05:28:30.913Z,2026-04-27T06:46:58.913Z,78.5,,simulation_historical
9390,90813,Gilles,Baudry,Support,CDI,Natation,Natation,2026-09-06,2026-09-06T09:19:30.913Z,2026-09-06T11:00:12.913Z,100.7,,simulation_historical
9391,90813,Gilles,Baudry,Support,CDI,Natation,Natation,2026-03-07,2026-03-07T22:15:30.913Z,2026-03-07T23:00:21.913Z,44.9,,simulation_historical
9392,90813,Gilles,Baudry,Support,CDI,Natation,Natation,2025-11-23,2025-11-23T11:54:30.913Z,2025-11-23T12:49:07.913Z,54.6,,simulation_historical
9393,90813,Gilles,Baudry,Support,CDI,Natation,Natation,2026-08-20,2026-08-20T07:57:30.913Z,2026-08-20T10:43:11.913Z,165.7,,simulation_historical
9394,90813,Gilles,Baudry,Support,CDI,Natation,Natation,2026-07-20,2026-07-20T22:14:30.913Z,2026-07-21T00:22:15.913Z,127.8,,simulation_historical
9395,90813,Gilles,Baudry,Support,CDI,Natation,Natation,2025-10-18,2025-10-18T20:59:30.913Z,2025-10-18T21:56:25.913Z,56.9,,simulation_historical
9396,90813,Gilles,Baudry,Support,CDI,Natation,Natation,2026-08-19,2026-08-19T23:33:30.913Z,2026-08-20T02:20:41.913Z,167.2,,simulation_historical
9397,90813,Gilles,Baudry,Support,CDI,Natation,Natation,2026-05-21,2026-05-21T11:29:30.913Z,2026-05-21T12:03:21.913Z,33.9,,simulation_historical
9398,90813,Gilles,Baudry,Support,CDI,Natation,Natation,2025-12-29,2025-12-29T20:10:30.913Z,2025-12-29T20:50:45.913Z,40.3,,simulation_historical
9399,90813,Gilles,Baudry,Support,CDI,Natation,Natation,2026-05-15,2026-05-15T22:09:30.913Z,2026-05-15T22:52:19.913Z,42.8,,simulation_historical
9400,90813,Gilles,Baudry,Support,CDI,Natation,Natation,2026-03-26,2026-03-26T23:10:30.913Z,2026-03-26T23:56:02.913Z,45.5,,simulation_historical
9401,90813,Gilles,Baudry,Support,CDI,Natation,Natation,2026-05-07,2026-05-07T07:23:30.913Z,2026-05-07T10:13:23.913Z,169.9,,simulation_historical
9402,90813,Gilles,Baudry,Support,CDI,Natation,Natation,2026-07-09,2026-07-09T10:42:30.913Z,2026-07-09T12:59:17.913Z,136.8,,simulation_historical
9403,90813,Gilles,Baudry,Support,CDI,Natation,Natation,2026-01-08,2026-01-08T09:36:30.913Z,2026-01-08T10:56:42.913Z,80.2,,simulation_historical
9404,91916,Margaud,Legrand,Finance,CDI,Rugby,Rugby,2025-10-26,2025-10-26T13:11:30.913Z,2025-10-26T14:11:51.913Z,60.4,,simulation_historical
9405,91916,Margaud,Legrand,Finance,CDI,Rugby,Rugby,2025-11-01,2025-11-01T01:40:30.913Z,2025-11-01T03:55:46.913Z,135.3,,simulation_historical
9406,91916,Margaud,Legrand,Finance,CDI,Rugby,Rugby,2025-10-26,2025-10-26T22:39:30.913Z,2025-10-27T00:27:23.913Z,107.9,,simulation_historical
9407,91916,Margaud,Legrand,Finance,CDI,Rugby,Rugby,2026-01-24,2026-01-24T10:01:30.913Z,2026-01-24T11:36:57.913Z,95.5,,simulation_historical
9408,91916,Margaud,Legrand,Finance,CDI,Rugby,Rugby,2026-03-28,2026-03-28T15:42:30.913Z,2026-03-28T16:05:38.913Z,23.1,,simulation_historical
9409,91916,Margaud,Legrand,Finance,CDI,Rugby,Rugby,2026-09-02,2026-09-02T18:00:30.913Z,2026-09-02T18:27:06.913Z,26.6,,simulation_historical
9410,91916,Margaud,Legrand,Finance,CDI,Rugby,Rugby,2026-09-01,2026-09-01T13:24:30.913Z,2026-09-01T14:29:32.913Z,65.0,,simulation_historical
9411,91916,Margaud,Legrand,Finance,CDI,Rugby,Rugby,2025-10-24,2025-10-24T21:39:30.913Z,2025-10-24T22:22:03.913Z,42.6,,simulation_historical
9412,91916,Margaud,Legrand,Finance,CDI,Rugby,Rugby,2025-09-29,2025-09-29T09:14:30.913Z,2025-09-29T10:01:19.913Z,46.8,,simulation_historical
9413,91916,Margaud,Legrand,Finance,CDI,Rugby,Rugby,2026-02-03,2026-02-03T22:03:30.913Z,2026-02-04T00:04:57.913Z,121.5,,simulation_historical
9414,91916,Margaud,Legrand,Finance,CDI,Rugby,Rugby,2026-08-17,2026-08-17T18:57:30.913Z,2026-08-17T19:24:33.913Z,27.1,,simulation_historical
9415,91916,Margaud,Legrand,Finance,CDI,Rugby,Rugby,2026-07-02,2026-07-02T04:24:30.913Z,2026-07-02T06:28:00.913Z,123.5,,simulation_historical
9416,91916,Margaud,Legrand,Finance,CDI,Rugby,Rugby,2025-10-07,2025-10-07T11:54:30.913Z,2025-10-07T14:32:07.913Z,157.6,,simulation_historical
9417,91916,Margaud,Legrand,Finance,CDI,Rugby,Rugby,2025-10-21,2025-10-21T05:56:30.913Z,2025-10-21T07:36:16.913Z,99.8,,simulation_historical
9418,91916,Margaud,Legrand,Finance,CDI,Rugby,Rugby,2026-05-06,2026-05-06T10:39:30.913Z,2026-05-06T13:28:31.913Z,169.0,,simulation_historical
9419,91916,Margaud,Legrand,Finance,CDI,Rugby,Rugby,2026-07-02,2026-07-02T20:02:30.913Z,2026-07-02T22:59:53.913Z,177.4,,simulation_historical
9420,91916,Margaud,Legrand,Finance,CDI,Rugby,Rugby,2025-12-14,2025-12-14T00:26:30.913Z,2025-12-14T03:00:36.913Z,154.1,,simulation_historical
9421,91916,Margaud,Legrand,Finance,CDI,Rugby,Rugby,2025-12-23,2025-12-23T13:35:30.913Z,2025-12-23T14:43:29.913Z,68.0,,simulation_historical
9422,91916,Margaud,Legrand,Finance,CDI,Rugby,Rugby,2026-04-21,2026-04-21T23:05:30.913Z,2026-04-21T23:37:05.913Z,31.6,,simulation_historical
9423,91916,Margaud,Legrand,Finance,CDI,Rugby,Rugby,2026-04-09,2026-04-09T03:14:30.913Z,2026-04-09T03:45:31.913Z,31.0,,simulation_historical
9424,91916,Margaud,Legrand,Finance,CDI,Rugby,Rugby,2025-12-31,2025-12-31T02:15:30.913Z,2025-12-31T02:42:40.913Z,27.2,,simulation_historical
9425,91916,Margaud,Legrand,Finance,CDI,Rugby,Rugby,2026-08-24,2026-08-24T20:41:30.913Z,2026-08-24T21:02:15.913Z,20.8,,simulation_historical
9426,91916,Margaud,Legrand,Finance,CDI,Rugby,Rugby,2025-10-13,2025-10-13T06:48:30.913Z,2025-10-13T08:15:34.913Z,87.1,,simulation_historical
9427,91916,Margaud,Legrand,Finance,CDI,Rugby,Rugby,2026-03-07,2026-03-07T04:04:30.913Z,2026-03-07T05:57:44.913Z,113.2,,simulation_historical
9428,91916,Margaud,Legrand,Finance,CDI,Rugby,Rugby,2026-08-02,2026-08-02T03:58:30.913Z,2026-08-02T06:39:22.913Z,160.9,,simulation_historical
9429,91916,Margaud,Legrand,Finance,CDI,Rugby,Rugby,2026-04-28,2026-04-28T23:35:30.913Z,2026-04-29T01:46:08.913Z,130.6,,simulation_historical
9430,91916,Margaud,Legrand,Finance,CDI,Rugby,Rugby,2026-03-06,2026-03-06T21:37:30.913Z,2026-03-06T23:01:53.913Z,84.4,,simulation_historical
9431,91916,Margaud,Legrand,Finance,CDI,Rugby,Rugby,2026-02-17,2026-02-17T10:53:30.913Z,2026-02-17T12:27:04.913Z,93.6,,simulation_historical
9432,91916,Margaud,Legrand,Finance,CDI,Rugby,Rugby,2025-12-29,2025-12-29T08:24:30.913Z,2025-12-29T10:25:24.913Z,120.9,,simulation_historical
9433,91916,Margaud,Legrand,Finance,CDI,Rugby,Rugby,2025-10-13,2025-10-13T14:21:30.913Z,2025-10-13T16:06:11.913Z,104.7,,simulation_historical
9434,91916,Margaud,Legrand,Finance,CDI,Rugby,Rugby,2026-06-20,2026-06-20T21:20:30.913Z,2026-06-20T21:51:56.913Z,31.4,,simulation_historical
9435,91916,Margaud,Legrand,Finance,CDI,Rugby,Rugby,2025-12-07,2025-12-07T17:42:30.913Z,2025-12-07T20:10:46.913Z,148.3,,simulation_historical
9436,91916,Margaud,Legrand,Finance,CDI,Rugby,Rugby,2026-08-20,2026-08-20T02:31:30.913Z,2026-08-20T03:57:08.913Z,85.6,,simulation_historical
9437,91916,Margaud,Legrand,Finance,CDI,Rugby,Rugby,2026-02-17,2026-02-17T19:50:30.913Z,2026-02-17T22:42:56.913Z,172.4,,simulation_historical
9438,91916,Margaud,Legrand,Finance,CDI,Rugby,Rugby,2026-01-23,2026-01-23T20:22:30.913Z,2026-01-23T20:47:08.913Z,24.6,,simulation_historical
9439,91916,Margaud,Legrand,Finance,CDI,Rugby,Rugby,2025-10-31,2025-10-31T18:50:30.913Z,2025-10-31T21:34:05.913Z,163.6,,simulation_historical
9440,91916,Margaud,Legrand,Finance,CDI,Rugby,Rugby,2026-06-14,2026-06-14T11:40:30.913Z,2026-06-14T12:17:04.913Z,36.6,,simulation_historical
9441,91916,Margaud,Legrand,Finance,CDI,Rugby,Rugby,2026-05-02,2026-05-02T13:45:30.913Z,2026-05-02T14:38:55.913Z,53.4,,simulation_historical
9442,91916,Margaud,Legrand,Finance,CDI,Rugby,Rugby,2026-02-28,2026-02-28T06:51:30.913Z,2026-02-28T09:35:50.913Z,164.3,,simulation_historical
9443,91916,Margaud,Legrand,Finance,CDI,Rugby,Rugby,2026-07-14,2026-07-14T21:46:30.913Z,2026-07-15T00:31:01.913Z,164.5,,simulation_historical
9444,91916,Margaud,Legrand,Finance,CDI,Rugby,Rugby,2026-09-14,2026-09-14T07:04:30.913Z,2026-09-14T08:35:07.913Z,90.6,,simulation_historical
9445,91916,Margaud,Legrand,Finance,CDI,Rugby,Rugby,2025-10-22,2025-10-22T10:09:30.913Z,2025-10-22T12:38:50.913Z,149.3,,simulation_historical
9446,91916,Margaud,Legrand,Finance,CDI,Rugby,Rugby,2026-01-04,2026-01-04T08:11:30.913Z,2026-01-04T09:24:26.913Z,72.9,,simulation_historical
9447,91916,Margaud,Legrand,Finance,CDI,Rugby,Rugby,2026-03-06,2026-03-06T16:56:30.913Z,2026-03-06T18:07:45.913Z,71.3,,simulation_historical
9448,91916,Margaud,Legrand,Finance,CDI,Rugby,Rugby,2025-12-19,2025-12-19T19:40:30.913Z,2025-12-19T21:49:38.913Z,129.1,,simulation_historical
9449,91916,Margaud,Legrand,Finance,CDI,Rugby,Rugby,2026-05-02,2026-05-02T08:35:30.913Z,2026-05-02T09:13:23.913Z,37.9,,simulation_historical
9450,91916,Margaud,Legrand,Finance,CDI,Rugby,Rugby,2026-07-05,2026-07-05T17:19:30.913Z,2026-07-05T19:00:05.913Z,100.6,,simulation_historical
9451,91916,Margaud,Legrand,Finance,CDI,Rugby,Rugby,2026-06-20,2026-06-20T23:08:30.913Z,2026-06-21T00:52:28.913Z,104.0,,simulation_historical
9452,91916,Margaud,Legrand,Finance,CDI,Rugby,Rugby,2026-02-20,2026-02-20T06:34:30.913Z,2026-02-20T07:00:09.913Z,25.7,,simulation_historical
9453,92368,Emmanuelle,Torres,Marketing,CDI,Running,Runing,2026-02-13,2026-02-13T17:36:30.913Z,2026-02-13T19:37:03.913Z,120.6,24.67,simulation_historical
9454,92368,Emmanuelle,Torres,Marketing,CDI,Running,Runing,2025-12-20,2025-12-20T02:31:30.913Z,2025-12-20T03:19:55.913Z,48.4,11.14,simulation_historical
9455,92368,Emmanuelle,Torres,Marketing,CDI,Running,Runing,2026-05-11,2026-05-11T13:15:30.913Z,2026-05-11T13:46:38.913Z,31.1,27.94,simulation_historical
9456,92368,Emmanuelle,Torres,Marketing,CDI,Running,Runing,2026-03-01,2026-03-01T06:04:30.913Z,2026-03-01T08:10:57.913Z,126.5,6.13,simulation_historical
9457,92368,Emmanuelle,Torres,Marketing,CDI,Running,Runing,2026-03-19,2026-03-19T03:56:30.913Z,2026-03-19T05:35:51.913Z,99.4,29.39,simulation_historical
9458,92368,Emmanuelle,Torres,Marketing,CDI,Running,Runing,2026-08-26,2026-08-26T10:19:30.913Z,2026-08-26T11:42:03.913Z,82.6,24.63,simulation_historical
9459,92368,Emmanuelle,Torres,Marketing,CDI,Running,Runing,2025-10-06,2025-10-06T04:23:30.913Z,2025-10-06T07:11:54.913Z,168.4,23.39,simulation_historical
9460,92368,Emmanuelle,Torres,Marketing,CDI,Running,Runing,2026-06-13,2026-06-13T06:32:30.913Z,2026-06-13T06:58:51.913Z,26.4,22.91,simulation_historical
9461,92368,Emmanuelle,Torres,Marketing,CDI,Running,Runing,2026-08-04,2026-08-04T00:20:30.913Z,2026-08-04T02:04:31.913Z,104.0,14.47,simulation_historical
9462,92368,Emmanuelle,Torres,Marketing,CDI,Running,Runing,2026-04-26,2026-04-26T06:12:30.913Z,2026-04-26T09:09:42.913Z,177.2,27.7,simulation_historical
9463,92368,Emmanuelle,Torres,Marketing,CDI,Running,Runing,2025-12-18,2025-12-18T22:46:30.913Z,2025-12-18T23:12:38.913Z,26.1,26.3,simulation_historical
9464,92368,Emmanuelle,Torres,Marketing,CDI,Running,Runing,2026-05-23,2026-05-23T16:38:30.913Z,2026-05-23T18:39:05.913Z,120.6,8.91,simulation_historical
9465,92368,Emmanuelle,Torres,Marketing,CDI,Running,Runing,2025-12-05,2025-12-05T17:12:30.913Z,2025-12-05T19:54:09.913Z,161.7,6.85,simulation_historical
9466,92368,Emmanuelle,Torres,Marketing,CDI,Running,Runing,2026-04-28,2026-04-28T04:58:30.913Z,2026-04-28T05:55:09.913Z,56.7,16.26,simulation_historical
9467,92368,Emmanuelle,Torres,Marketing,CDI,Running,Runing,2025-11-07,2025-11-07T17:41:30.913Z,2025-11-07T19:34:19.913Z,112.8,2.23,simulation_historical
9468,92368,Emmanuelle,Torres,Marketing,CDI,Running,Runing,2026-04-20,2026-04-20T18:04:30.913Z,2026-04-20T18:40:12.913Z,35.7,28.95,simulation_historical
9469,92368,Emmanuelle,Torres,Marketing,CDI,Running,Runing,2026-04-20,2026-04-20T08:31:30.913Z,2026-04-20T09:50:31.913Z,79.0,7.85,simulation_historical
9470,92368,Emmanuelle,Torres,Marketing,CDI,Running,Runing,2026-03-19,2026-03-19T08:51:30.913Z,2026-03-19T11:35:11.913Z,163.7,9.44,simulation_historical
9471,92368,Emmanuelle,Torres,Marketing,CDI,Running,Runing,2025-11-20,2025-11-20T04:48:30.913Z,2025-11-20T05:41:51.913Z,53.4,13.93,simulation_historical
9472,92368,Emmanuelle,Torres,Marketing,CDI,Running,Runing,2026-05-26,2026-05-26T10:53:30.913Z,2026-05-26T11:41:24.913Z,47.9,3.95,simulation_historical
9473,92440,Sébastien,Lacroix,Marketing,CDD,Triathlon,Triathlon,2025-09-16,2025-09-16T20:15:30.913Z,2025-09-16T22:59:11.913Z,163.7,20.28,simulation_historical
9474,92440,Sébastien,Lacroix,Marketing,CDD,Triathlon,Triathlon,2026-07-14,2026-07-14T22:41:30.913Z,2026-07-14T23:55:44.913Z,74.2,12.9,simulation_historical
9475,92440,Sébastien,Lacroix,Marketing,CDD,Triathlon,Triathlon,2025-11-17,2025-11-17T13:04:30.913Z,2025-11-17T14:18:33.913Z,74.1,21.14,simulation_historical
9476,92440,Sébastien,Lacroix,Marketing,CDD,Triathlon,Triathlon,2026-05-29,2026-05-29T11:19:30.913Z,2026-05-29T13:07:42.913Z,108.2,12.4,simulation_historical
9477,92440,Sébastien,Lacroix,Marketing,CDD,Triathlon,Triathlon,2026-08-27,2026-08-27T01:50:30.913Z,2026-08-27T02:19:59.913Z,29.5,28.7,simulation_historical
9478,92440,Sébastien,Lacroix,Marketing,CDD,Triathlon,Triathlon,2026-08-08,2026-08-08T12:46:30.913Z,2026-08-08T15:24:22.913Z,157.9,21.27,simulation_historical
9479,92440,Sébastien,Lacroix,Marketing,CDD,Triathlon,Triathlon,2026-04-02,2026-04-02T03:38:30.913Z,2026-04-02T06:04:34.913Z,146.1,21.41,simulation_historical
9480,92440,Sébastien,Lacroix,Marketing,CDD,Triathlon,Triathlon,2026-02-19,2026-02-19T21:58:30.913Z,2026-02-20T00:41:42.913Z,163.2,5.27,simulation_historical
9481,92440,Sébastien,Lacroix,Marketing,CDD,Triathlon,Triathlon,2026-09-11,2026-09-11T10:31:30.913Z,2026-09-11T10:58:45.913Z,27.3,5.96,simulation_historical
9482,92440,Sébastien,Lacroix,Marketing,CDD,Triathlon,Triathlon,2025-11-20,2025-11-20T12:23:30.913Z,2025-11-20T14:36:49.913Z,133.3,8.67,simulation_historical
9483,92440,Sébastien,Lacroix,Marketing,CDD,Triathlon,Triathlon,2025-12-09,2025-12-09T10:51:30.913Z,2025-12-09T13:34:33.913Z,163.1,5.43,simulation_historical
9484,92736,Alain,Lagarde,Support,CDI,Marche,,2025-09-29,2025-09-29T03:23:30.913Z,2025-09-29T05:52:27.913Z,149.0,11.43,simulation_historical
9485,92736,Alain,Lagarde,Support,CDI,Marche,,2025-09-22,2025-09-22T00:28:30.913Z,2025-09-22T02:05:57.913Z,97.5,14.48,simulation_historical
9486,92736,Alain,Lagarde,Support,CDI,Marche,,2025-11-15,2025-11-15T11:58:30.913Z,2025-11-15T14:11:57.913Z,133.5,1.05,simulation_historical
9487,92736,Alain,Lagarde,Support,CDI,Marche,,2025-11-02,2025-11-02T18:31:30.913Z,2025-11-02T20:38:28.913Z,127.0,7.03,simulation_historical
9488,92736,Alain,Lagarde,Support,CDI,Marche,,2025-11-08,2025-11-08T04:36:30.913Z,2025-11-08T05:12:19.913Z,35.8,2.25,simulation_historical
9489,92736,Alain,Lagarde,Support,CDI,Marche,,2026-04-09,2026-04-09T20:40:30.913Z,2026-04-09T21:34:08.913Z,53.6,9.62,simulation_historical
9490,92736,Alain,Lagarde,Support,CDI,Marche,,2025-10-23,2025-10-23T21:26:30.913Z,2025-10-23T22:16:13.913Z,49.7,9.83,simulation_historical
9491,92736,Alain,Lagarde,Support,CDI,Marche,,2026-04-20,2026-04-20T08:30:30.913Z,2026-04-20T10:38:54.913Z,128.4,9.68,simulation_historical
9492,92736,Alain,Lagarde,Support,CDI,Marche,,2026-01-15,2026-01-15T04:51:30.913Z,2026-01-15T05:18:42.913Z,27.2,10.61,simulation_historical
9493,92736,Alain,Lagarde,Support,CDI,Marche,,2026-07-07,2026-07-07T02:32:30.913Z,2026-07-07T03:39:05.913Z,66.6,14.35,simulation_historical
9494,92736,Alain,Lagarde,Support,CDI,Marche,,2026-06-28,2026-06-28T09:06:30.913Z,2026-06-28T11:44:37.913Z,158.1,3.42,simulation_historical
9495,92736,Alain,Lagarde,Support,CDI,Marche,,2026-08-10,2026-08-10T08:16:30.913Z,2026-08-10T09:51:35.913Z,95.1,6.49,simulation_historical
9496,92736,Alain,Lagarde,Support,CDI,Marche,,2026-03-28,2026-03-28T02:40:30.913Z,2026-03-28T03:25:41.913Z,45.2,5.18,simulation_historical
9497,92736,Alain,Lagarde,Support,CDI,Marche,,2026-08-28,2026-08-28T16:57:30.913Z,2026-08-28T18:37:46.913Z,100.3,3.13,simulation_historical
9498,92736,Alain,Lagarde,Support,CDI,Marche,,2025-12-23,2025-12-23T22:18:30.913Z,2025-12-23T22:50:12.913Z,31.7,14.59,simulation_historical
9499,92736,Alain,Lagarde,Support,CDI,Marche,,2026-03-12,2026-03-12T19:43:30.913Z,2026-03-12T21:35:39.913Z,112.2,4.89,simulation_historical
9500,92736,Alain,Lagarde,Support,CDI,Marche,,2026-01-07,2026-01-07T03:17:30.913Z,2026-01-07T05:36:23.913Z,138.9,13.96,simulation_historical
9501,92736,Alain,Lagarde,Support,CDI,Marche,,2026-08-23,2026-08-23T23:00:30.913Z,2026-08-23T23:46:42.913Z,46.2,2.91,simulation_historical
9502,92736,Alain,Lagarde,Support,CDI,Marche,,2026-07-13,2026-07-13T01:55:30.913Z,2026-07-13T02:20:24.913Z,24.9,1.69,simulation_historical
9503,92736,Alain,Lagarde,Support,CDI,Marche,,2026-06-10,2026-06-10T14:11:30.913Z,2026-06-10T15:26:58.913Z,75.5,6.92,simulation_historical
9504,93699,Dominique,Klein,Finance,CDD,Running,Runing,2026-02-24,2026-02-24T20:39:30.913Z,2026-02-24T21:06:56.913Z,27.4,13.66,simulation_historical
9505,93699,Dominique,Klein,Finance,CDD,Running,Runing,2026-06-29,2026-06-29T18:15:30.913Z,2026-06-29T18:55:20.913Z,39.8,11.5,simulation_historical
9506,93699,Dominique,Klein,Finance,CDD,Running,Runing,2026-05-31,2026-05-31T12:33:30.913Z,2026-05-31T13:53:11.913Z,79.7,9.32,simulation_historical
9507,93699,Dominique,Klein,Finance,CDD,Running,Runing,2026-03-26,2026-03-26T04:41:30.913Z,2026-03-26T06:58:51.913Z,137.4,17.68,simulation_historical
9508,93699,Dominique,Klein,Finance,CDD,Running,Runing,2025-12-09,2025-12-09T10:17:30.913Z,2025-12-09T13:13:42.913Z,176.2,4.56,simulation_historical
9509,93699,Dominique,Klein,Finance,CDD,Running,Runing,2026-01-10,2026-01-10T18:50:30.913Z,2026-01-10T21:23:00.913Z,152.5,14.91,simulation_historical
9510,93699,Dominique,Klein,Finance,CDD,Running,Runing,2025-12-02,2025-12-02T18:47:30.913Z,2025-12-02T19:46:26.913Z,58.9,21.35,simulation_historical
9511,93699,Dominique,Klein,Finance,CDD,Running,Runing,2026-05-31,2026-05-31T22:51:30.913Z,2026-06-01T00:23:31.913Z,92.0,10.52,simulation_historical
9512,93699,Dominique,Klein,Finance,CDD,Running,Runing,2026-08-27,2026-08-27T12:29:30.913Z,2026-08-27T14:12:30.913Z,103.0,19.17,simulation_historical
9513,93699,Dominique,Klein,Finance,CDD,Running,Runing,2026-09-13,2026-09-13T23:16:30.913Z,2026-09-14T00:29:29.913Z,73.0,12.23,simulation_historical
9514,93699,Dominique,Klein,Finance,CDD,Running,Runing,2026-04-17,2026-04-17T08:14:30.913Z,2026-04-17T11:04:45.913Z,170.3,25.14,simulation_historical
9515,93699,Dominique,Klein,Finance,CDD,Running,Runing,2025-12-20,2025-12-20T11:18:30.913Z,2025-12-20T11:51:05.913Z,32.6,7.95,simulation_historical
9516,93699,Dominique,Klein,Finance,CDD,Running,Runing,2026-05-19,2026-05-19T19:21:30.913Z,2026-05-19T20:15:23.913Z,53.9,2.75,simulation_historical
9517,93699,Dominique,Klein,Finance,CDD,Running,Runing,2026-07-25,2026-07-25T18:21:30.913Z,2026-07-25T20:44:47.913Z,143.3,23.65,simulation_historical
9518,93699,Dominique,Klein,Finance,CDD,Running,Runing,2025-09-26,2025-09-26T15:06:30.913Z,2025-09-26T15:39:28.913Z,33.0,17.63,simulation_historical
9519,93699,Dominique,Klein,Finance,CDD,Running,Runing,2026-03-11,2026-03-11T21:07:30.913Z,2026-03-11T21:45:12.913Z,37.7,27.32,simulation_historical
9520,93699,Dominique,Klein,Finance,CDD,Running,Runing,2026-04-21,2026-04-21T06:08:30.913Z,2026-04-21T07:18:08.913Z,69.6,1.52,simulation_historical
9521,93699,Dominique,Klein,Finance,CDD,Running,Runing,2026-01-28,2026-01-28T07:07:30.913Z,2026-01-28T08:12:43.913Z,65.2,14.2,simulation_historical
9522,93699,Dominique,Klein,Finance,CDD,Running,Runing,2025-11-13,2025-11-13T17:08:30.913Z,2025-11-13T19:23:23.913Z,134.9,26.12,simulation_historical
9523,93699,Dominique,Klein,Finance,CDD,Running,Runing,2025-10-31,2025-10-31T20:53:30.913Z,2025-10-31T22:56:08.913Z,122.6,29.49,simulation_historical
9524,93699,Dominique,Klein,Finance,CDD,Running,Runing,2025-10-15,2025-10-15T05:51:30.913Z,2025-10-15T08:42:25.913Z,170.9,22.03,simulation_historical
9525,93699,Dominique,Klein,Finance,CDD,Running,Runing,2025-11-10,2025-11-10T19:57:30.913Z,2025-11-10T22:22:04.913Z,144.6,3.94,simulation_historical
9526,93699,Dominique,Klein,Finance,CDD,Running,Runing,2025-12-23,2025-12-23T06:35:30.913Z,2025-12-23T09:21:39.913Z,166.2,26.67,simulation_historical
9527,93699,Dominique,Klein,Finance,CDD,Running,Runing,2026-03-12,2026-03-12T21:20:30.913Z,2026-03-13T00:15:48.913Z,175.3,9.13,simulation_historical
9528,93699,Dominique,Klein,Finance,CDD,Running,Runing,2026-07-03,2026-07-03T05:08:30.913Z,2026-07-03T05:56:36.913Z,48.1,10.65,simulation_historical
9529,93699,Dominique,Klein,Finance,CDD,Running,Runing,2026-09-05,2026-09-05T22:48:30.913Z,2026-09-06T00:33:02.913Z,104.5,19.66,simulation_historical
9530,93699,Dominique,Klein,Finance,CDD,Running,Runing,2025-11-04,2025-11-04T09:33:30.913Z,2025-11-04T10:45:29.913Z,72.0,4.55,simulation_historical
9531,93699,Dominique,Klein,Finance,CDD,Running,Runing,2026-06-14,2026-06-14T08:26:30.913Z,2026-06-14T09:25:04.913Z,58.6,26.44,simulation_historical
9532,93699,Dominique,Klein,Finance,CDD,Running,Runing,2026-02-08,2026-02-08T03:08:30.913Z,2026-02-08T06:01:22.913Z,172.9,2.79,simulation_historical
9533,94680,Henri,Pineau,Marketing,CDD,Natation,Natation,2025-11-01,2025-11-01T17:43:30.913Z,2025-11-01T20:35:50.913Z,172.3,,simulation_historical
9534,94680,Henri,Pineau,Marketing,CDD,Natation,Natation,2026-01-17,2026-01-17T11:19:30.913Z,2026-01-17T12:11:38.913Z,52.1,,simulation_historical
9535,94680,Henri,Pineau,Marketing,CDD,Natation,Natation,2026-01-25,2026-01-25T01:47:30.913Z,2026-01-25T02:15:50.913Z,28.3,,simulation_historical
9536,94680,Henri,Pineau,Marketing,CDD,Natation,Natation,2025-10-23,2025-10-23T01:33:30.913Z,2025-10-23T02:52:27.913Z,79.0,,simulation_historical
9537,94680,Henri,Pineau,Marketing,CDD,Natation,Natation,2026-04-10,2026-04-10T21:58:30.913Z,2026-04-10T23:20:47.913Z,82.3,,simulation_historical
9538,94680,Henri,Pineau,Marketing,CDD,Natation,Natation,2025-12-23,2025-12-23T20:30:30.913Z,2025-12-23T22:19:27.913Z,109.0,,simulation_historical
9539,94680,Henri,Pineau,Marketing,CDD,Natation,Natation,2025-10-07,2025-10-07T18:06:30.913Z,2025-10-07T20:05:17.913Z,118.8,,simulation_historical
9540,94680,Henri,Pineau,Marketing,CDD,Natation,Natation,2025-10-19,2025-10-19T07:47:30.913Z,2025-10-19T10:29:33.913Z,162.1,,simulation_historical
9541,94680,Henri,Pineau,Marketing,CDD,Natation,Natation,2026-07-07,2026-07-07T17:47:30.913Z,2026-07-07T20:40:43.913Z,173.2,,simulation_historical
9542,94680,Henri,Pineau,Marketing,CDD,Natation,Natation,2026-09-08,2026-09-08T05:52:30.913Z,2026-09-08T06:13:20.913Z,20.8,,simulation_historical
9543,94680,Henri,Pineau,Marketing,CDD,Natation,Natation,2026-03-24,2026-03-24T01:48:30.913Z,2026-03-24T02:40:40.913Z,52.2,,simulation_historical
9544,94680,Henri,Pineau,Marketing,CDD,Natation,Natation,2026-07-05,2026-07-05T17:08:30.913Z,2026-07-05T19:27:03.913Z,138.6,,simulation_historical
9545,94680,Henri,Pineau,Marketing,CDD,Natation,Natation,2026-03-26,2026-03-26T15:09:30.913Z,2026-03-26T16:09:42.913Z,60.2,,simulation_historical
9546,94680,Henri,Pineau,Marketing,CDD,Natation,Natation,2026-02-20,2026-02-20T20:56:30.913Z,2026-02-20T22:54:27.913Z,118.0,,simulation_historical
9547,94680,Henri,Pineau,Marketing,CDD,Natation,Natation,2025-12-11,2025-12-11T18:35:30.913Z,2025-12-11T20:54:03.913Z,138.6,,simulation_historical
9548,94680,Henri,Pineau,Marketing,CDD,Natation,Natation,2025-10-13,2025-10-13T07:39:30.913Z,2025-10-13T10:29:51.913Z,170.4,,simulation_historical
9549,94680,Henri,Pineau,Marketing,CDD,Natation,Natation,2026-03-04,2026-03-04T21:20:30.913Z,2026-03-04T23:14:37.913Z,114.1,,simulation_historical
9550,94680,Henri,Pineau,Marketing,CDD,Natation,Natation,2026-02-19,2026-02-19T19:40:30.913Z,2026-02-19T20:59:39.913Z,79.2,,simulation_historical
9551,94680,Henri,Pineau,Marketing,CDD,Natation,Natation,2026-09-08,2026-09-08T22:14:30.913Z,2026-09-09T00:30:48.913Z,136.3,,simulation_historical
9552,94680,Henri,Pineau,Marketing,CDD,Natation,Natation,2026-07-27,2026-07-27T17:51:30.913Z,2026-07-27T18:51:17.913Z,59.8,,simulation_historical
9553,94680,Henri,Pineau,Marketing,CDD,Natation,Natation,2026-06-10,2026-06-10T23:24:30.913Z,2026-06-11T02:20:33.913Z,176.1,,simulation_historical
9554,94680,Henri,Pineau,Marketing,CDD,Natation,Natation,2026-03-28,2026-03-28T12:28:30.913Z,2026-03-28T13:40:56.913Z,72.4,,simulation_historical
9555,94680,Henri,Pineau,Marketing,CDD,Natation,Natation,2026-05-03,2026-05-03T03:10:30.913Z,2026-05-03T04:11:10.913Z,60.7,,simulation_historical
9556,94680,Henri,Pineau,Marketing,CDD,Natation,Natation,2026-05-15,2026-05-15T20:54:30.913Z,2026-05-15T22:39:21.913Z,104.9,,simulation_historical
9557,94680,Henri,Pineau,Marketing,CDD,Natation,Natation,2025-12-30,2025-12-30T07:04:30.913Z,2025-12-30T07:35:34.913Z,31.1,,simulation_historical
9558,94680,Henri,Pineau,Marketing,CDD,Natation,Natation,2026-09-01,2026-09-01T10:14:30.913Z,2026-09-01T11:35:35.913Z,81.1,,simulation_historical
9559,94680,Henri,Pineau,Marketing,CDD,Natation,Natation,2026-09-16,2026-09-16T15:02:30.913Z,2026-09-16T17:42:49.913Z,160.3,,simulation_historical
9560,94680,Henri,Pineau,Marketing,CDD,Natation,Natation,2026-02-05,2026-02-05T20:19:30.913Z,2026-02-05T22:25:48.913Z,126.3,,simulation_historical
9561,94680,Henri,Pineau,Marketing,CDD,Natation,Natation,2026-08-15,2026-08-15T14:37:30.913Z,2026-08-15T16:43:13.913Z,125.7,,simulation_historical
9562,94680,Henri,Pineau,Marketing,CDD,Natation,Natation,2026-01-02,2026-01-02T09:40:30.913Z,2026-01-02T10:22:40.913Z,42.2,,simulation_historical
9563,94680,Henri,Pineau,Marketing,CDD,Natation,Natation,2025-10-09,2025-10-09T08:52:30.913Z,2025-10-09T10:43:56.913Z,111.4,,simulation_historical
9564,96558,Suzanne,Munoz,Support,CDI,Triathlon,Triathlon,2026-08-23,2026-08-23T13:20:30.913Z,2026-08-23T16:04:37.913Z,164.1,6.83,simulation_historical
9565,96558,Suzanne,Munoz,Support,CDI,Triathlon,Triathlon,2025-11-06,2025-11-06T19:27:30.913Z,2025-11-06T20:09:22.913Z,41.9,14.6,simulation_historical
9566,96558,Suzanne,Munoz,Support,CDI,Triathlon,Triathlon,2025-10-28,2025-10-28T20:40:30.913Z,2025-10-28T22:28:15.913Z,107.8,6.78,simulation_historical
9567,96558,Suzanne,Munoz,Support,CDI,Triathlon,Triathlon,2026-01-27,2026-01-27T01:55:30.913Z,2026-01-27T03:03:53.913Z,68.4,25.63,simulation_historical
9568,96558,Suzanne,Munoz,Support,CDI,Triathlon,Triathlon,2025-12-23,2025-12-23T08:49:30.913Z,2025-12-23T11:48:33.913Z,179.1,19.53,simulation_historical
9569,96558,Suzanne,Munoz,Support,CDI,Triathlon,Triathlon,2025-10-23,2025-10-23T02:04:30.913Z,2025-10-23T03:03:43.913Z,59.2,6.65,simulation_historical
9570,96902,Nicole,Durand,Marketing,CDI,Marche,,2026-03-12,2026-03-12T08:04:30.913Z,2026-03-12T09:40:54.913Z,96.4,5.43,simulation_historical
9571,96902,Nicole,Durand,Marketing,CDI,Marche,,2026-09-08,2026-09-08T00:16:30.913Z,2026-09-08T02:37:23.913Z,140.9,10.81,simulation_historical
9572,96902,Nicole,Durand,Marketing,CDI,Marche,,2026-04-25,2026-04-25T03:34:30.913Z,2026-04-25T04:10:23.913Z,35.9,12.7,simulation_historical
9573,96902,Nicole,Durand,Marketing,CDI,Marche,,2026-01-30,2026-01-30T10:58:30.913Z,2026-01-30T13:08:36.913Z,130.1,13.5,simulation_historical
9574,96902,Nicole,Durand,Marketing,CDI,Marche,,2026-02-17,2026-02-17T18:36:30.913Z,2026-02-17T19:33:57.913Z,57.5,6.65,simulation_historical
9575,96902,Nicole,Durand,Marketing,CDI,Marche,,2026-09-06,2026-09-06T21:53:30.913Z,2026-09-06T22:38:38.913Z,45.1,13.22,simulation_historical
9576,96902,Nicole,Durand,Marketing,CDI,Marche,,2026-01-07,2026-01-07T16:04:30.913Z,2026-01-07T18:33:58.913Z,149.5,7.3,simulation_historical
9577,96902,Nicole,Durand,Marketing,CDI,Marche,,2026-08-23,2026-08-23T10:08:30.913Z,2026-08-23T10:46:44.913Z,38.2,13.6,simulation_historical
9578,96902,Nicole,Durand,Marketing,CDI,Marche,,2026-05-05,2026-05-05T15:19:30.913Z,2026-05-05T18:02:34.913Z,163.1,12.05,simulation_historical
9579,96902,Nicole,Durand,Marketing,CDI,Marche,,2025-12-17,2025-12-17T07:40:30.913Z,2025-12-17T08:53:49.913Z,73.3,4.25,simulation_historical
9580,96902,Nicole,Durand,Marketing,CDI,Marche,,2026-06-05,2026-06-05T01:30:30.913Z,2026-06-05T02:14:51.913Z,44.4,3.17,simulation_historical
9581,96902,Nicole,Durand,Marketing,CDI,Marche,,2026-04-09,2026-04-09T03:59:30.913Z,2026-04-09T05:06:15.913Z,66.8,4.32,simulation_historical
9582,96902,Nicole,Durand,Marketing,CDI,Marche,,2026-03-24,2026-03-24T03:38:30.913Z,2026-03-24T06:06:04.913Z,147.6,9.92,simulation_historical
9583,96902,Nicole,Durand,Marketing,CDI,Marche,,2026-08-07,2026-08-07T01:44:30.913Z,2026-08-07T03:00:27.913Z,76.0,14.92,simulation_historical
9584,96902,Nicole,Durand,Marketing,CDI,Marche,,2026-06-23,2026-06-23T18:38:30.913Z,2026-06-23T19:19:57.913Z,41.5,10.88,simulation_historical
9585,96902,Nicole,Durand,Marketing,CDI,Marche,,2026-06-25,2026-06-25T15:20:30.913Z,2026-06-25T16:11:15.913Z,50.8,4.59,simulation_historical
9586,96902,Nicole,Durand,Marketing,CDI,Marche,,2026-02-12,2026-02-12T07:52:30.913Z,2026-02-12T10:32:39.913Z,160.2,11.97,simulation_historical
9587,96902,Nicole,Durand,Marketing,CDI,Marche,,2026-04-07,2026-04-07T11:15:30.913Z,2026-04-07T13:50:52.913Z,155.4,9.95,simulation_historical
9588,96902,Nicole,Durand,Marketing,CDI,Marche,,2025-11-27,2025-11-27T04:20:30.913Z,2025-11-27T05:13:36.913Z,53.1,4.12,simulation_historical
9589,96902,Nicole,Durand,Marketing,CDI,Marche,,2026-05-28,2026-05-28T01:40:30.913Z,2026-05-28T04:29:22.913Z,168.9,5.86,simulation_historical
9590,96902,Nicole,Durand,Marketing,CDI,Marche,,2026-04-12,2026-04-12T07:07:30.913Z,2026-04-12T07:40:55.913Z,33.4,12.89,simulation_historical
9591,96902,Nicole,Durand,Marketing,CDI,Marche,,2026-06-21,2026-06-21T21:24:30.913Z,2026-06-21T21:57:32.913Z,33.0,3.31,simulation_historical
9592,96902,Nicole,Durand,Marketing,CDI,Marche,,2026-02-26,2026-02-26T06:12:30.913Z,2026-02-26T06:44:14.913Z,31.7,14.39,simulation_historical
9593,96902,Nicole,Durand,Marketing,CDI,Marche,,2026-07-30,2026-07-30T02:27:30.913Z,2026-07-30T04:05:15.913Z,97.8,1.87,simulation_historical
9594,96902,Nicole,Durand,Marketing,CDI,Marche,,2026-05-18,2026-05-18T01:31:30.913Z,2026-05-18T02:59:48.913Z,88.3,14.63,simulation_historical
9595,96902,Nicole,Durand,Marketing,CDI,Marche,,2026-07-26,2026-07-26T03:14:30.913Z,2026-07-26T06:00:22.913Z,165.9,2.77,simulation_historical
9596,96902,Nicole,Durand,Marketing,CDI,Marche,,2026-07-06,2026-07-06T00:57:30.913Z,2026-07-06T03:33:56.913Z,156.4,11.93,simulation_historical
9597,96902,Nicole,Durand,Marketing,CDI,Marche,,2025-12-28,2025-12-28T09:46:30.913Z,2025-12-28T10:57:28.913Z,71.0,2.23,simulation_historical
9598,96902,Nicole,Durand,Marketing,CDI,Marche,,2026-09-09,2026-09-09T10:04:30.913Z,2026-09-09T10:49:41.913Z,45.2,9.05,simulation_historical
9599,96902,Nicole,Durand,Marketing,CDI,Marche,,2025-11-18,2025-11-18T21:52:30.913Z,2025-11-18T23:02:18.913Z,69.8,2.68,simulation_historical
9600,96902,Nicole,Durand,Marketing,CDI,Marche,,2025-10-30,2025-10-30T09:28:30.913Z,2025-10-30T12:10:20.913Z,161.8,7.88,simulation_historical
9601,96902,Nicole,Durand,Marketing,CDI,Marche,,2026-06-20,2026-06-20T21:10:30.913Z,2026-06-20T23:03:22.913Z,112.9,13.03,simulation_historical
9602,96902,Nicole,Durand,Marketing,CDI,Marche,,2026-01-07,2026-01-07T16:01:30.913Z,2026-01-07T18:21:05.913Z,139.6,4.83,simulation_historical
9603,96902,Nicole,Durand,Marketing,CDI,Marche,,2026-02-10,2026-02-10T07:49:30.913Z,2026-02-10T10:36:46.913Z,167.3,4.98,simulation_historical
9604,96902,Nicole,Durand,Marketing,CDI,Marche,,2026-07-19,2026-07-19T23:33:30.913Z,2026-07-20T02:21:54.913Z,168.4,12.17,simulation_historical
9605,96902,Nicole,Durand,Marketing,CDI,Marche,,2026-04-06,2026-04-06T02:43:30.913Z,2026-04-06T04:35:55.913Z,112.4,4.75,simulation_historical
9606,96902,Nicole,Durand,Marketing,CDI,Marche,,2025-11-27,2025-11-27T00:57:30.913Z,2025-11-27T01:23:45.913Z,26.3,9.07,simulation_historical
9607,96902,Nicole,Durand,Marketing,CDI,Marche,,2025-09-21,2025-09-21T21:10:30.913Z,2025-09-21T23:27:33.913Z,137.1,7.6,simulation_historical
9608,96902,Nicole,Durand,Marketing,CDI,Marche,,2025-10-03,2025-10-03T12:15:30.913Z,2025-10-03T14:46:06.913Z,150.6,12.47,simulation_historical
9609,96902,Nicole,Durand,Marketing,CDI,Marche,,2026-08-16,2026-08-16T02:49:30.913Z,2026-08-16T05:25:04.913Z,155.6,4.87,simulation_historical
9610,96902,Nicole,Durand,Marketing,CDI,Marche,,2026-02-20,2026-02-20T22:55:30.913Z,2026-02-20T23:55:30.913Z,60.0,13.98,simulation_historical
9611,96902,Nicole,Durand,Marketing,CDI,Marche,,2026-09-09,2026-09-09T03:56:30.913Z,2026-09-09T04:17:06.913Z,20.6,7.16,simulation_historical
9612,96902,Nicole,Durand,Marketing,CDI,Marche,,2025-12-14,2025-12-14T11:39:30.913Z,2025-12-14T12:46:10.913Z,66.7,3.96,simulation_historical
9613,96902,Nicole,Durand,Marketing,CDI,Marche,,2026-05-24,2026-05-24T19:22:30.913Z,2026-05-24T21:12:02.913Z,109.5,12.04,simulation_historical
9614,96902,Nicole,Durand,Marketing,CDI,Marche,,2026-06-27,2026-06-27T13:19:30.913Z,2026-06-27T15:19:27.913Z,120.0,1.24,simulation_historical
9615,96902,Nicole,Durand,Marketing,CDI,Marche,,2026-03-28,2026-03-28T22:16:30.913Z,2026-03-28T23:05:08.913Z,48.6,12.25,simulation_historical
9616,96902,Nicole,Durand,Marketing,CDI,Marche,,2026-05-04,2026-05-04T03:08:30.913Z,2026-05-04T04:09:33.913Z,61.1,13.0,simulation_historical
9617,96902,Nicole,Durand,Marketing,CDI,Marche,,2026-08-09,2026-08-09T23:03:30.913Z,2026-08-10T00:11:04.913Z,67.6,2.19,simulation_historical
9618,96902,Nicole,Durand,Marketing,CDI,Marche,,2025-11-28,2025-11-28T11:24:30.913Z,2025-11-28T14:19:33.913Z,175.1,7.52,simulation_historical
9619,96902,Nicole,Durand,Marketing,CDI,Marche,,2026-01-25,2026-01-25T20:42:30.913Z,2026-01-25T23:34:44.913Z,172.2,10.68,simulation_historical
9620,96902,Nicole,Durand,Marketing,CDI,Marche,,2025-12-16,2025-12-16T18:27:30.913Z,2025-12-16T19:51:43.913Z,84.2,8.04,simulation_historical
9621,97309,Charles,Roussel,Ventes,CDI,Tennis,Tennis,2025-11-08,2025-11-08T22:26:30.913Z,2025-11-09T01:15:47.913Z,169.3,,simulation_historical
9622,97309,Charles,Roussel,Ventes,CDI,Tennis,Tennis,2026-09-08,2026-09-08T10:36:30.913Z,2026-09-08T11:06:49.913Z,30.3,,simulation_historical
9623,97309,Charles,Roussel,Ventes,CDI,Tennis,Tennis,2026-03-31,2026-03-31T14:06:30.913Z,2026-03-31T15:29:15.913Z,82.8,,simulation_historical
9624,97309,Charles,Roussel,Ventes,CDI,Tennis,Tennis,2025-10-11,2025-10-11T22:17:30.913Z,2025-10-11T23:45:58.913Z,88.5,,simulation_historical
9625,97309,Charles,Roussel,Ventes,CDI,Tennis,Tennis,2025-12-31,2025-12-31T06:03:30.913Z,2025-12-31T06:58:59.913Z,55.5,,simulation_historical
9626,97309,Charles,Roussel,Ventes,CDI,Tennis,Tennis,2026-04-16,2026-04-16T20:23:30.913Z,2026-04-16T23:03:21.913Z,159.9,,simulation_historical
9627,97309,Charles,Roussel,Ventes,CDI,Tennis,Tennis,2025-12-06,2025-12-06T19:40:30.913Z,2025-12-06T20:23:26.913Z,42.9,,simulation_historical
9628,97309,Charles,Roussel,Ventes,CDI,Tennis,Tennis,2026-04-24,2026-04-24T04:16:30.913Z,2026-04-24T07:05:30.913Z,169.0,,simulation_historical
9629,97309,Charles,Roussel,Ventes,CDI,Tennis,Tennis,2025-12-31,2025-12-31T00:53:30.913Z,2025-12-31T01:23:16.913Z,29.8,,simulation_historical
9630,97309,Charles,Roussel,Ventes,CDI,Tennis,Tennis,2025-09-25,2025-09-25T19:16:30.913Z,2025-09-25T20:01:31.913Z,45.0,,simulation_historical
9631,97309,Charles,Roussel,Ventes,CDI,Tennis,Tennis,2026-03-18,2026-03-18T10:29:30.913Z,2026-03-18T13:18:02.913Z,168.5,,simulation_historical
9632,97309,Charles,Roussel,Ventes,CDI,Tennis,Tennis,2026-02-23,2026-02-23T01:20:30.913Z,2026-02-23T03:50:55.913Z,150.4,,simulation_historical
9633,97309,Charles,Roussel,Ventes,CDI,Tennis,Tennis,2026-06-07,2026-06-07T21:55:30.913Z,2026-06-07T23:06:29.913Z,71.0,,simulation_historical
9634,97309,Charles,Roussel,Ventes,CDI,Tennis,Tennis,2026-09-02,2026-09-02T20:16:30.913Z,2026-09-02T21:51:33.913Z,95.1,,simulation_historical
9635,97309,Charles,Roussel,Ventes,CDI,Tennis,Tennis,2026-03-06,2026-03-06T13:05:30.913Z,2026-03-06T13:42:50.913Z,37.3,,simulation_historical
9636,97309,Charles,Roussel,Ventes,CDI,Tennis,Tennis,2025-10-29,2025-10-29T18:15:30.913Z,2025-10-29T20:50:38.913Z,155.1,,simulation_historical
9637,97309,Charles,Roussel,Ventes,CDI,Tennis,Tennis,2025-11-07,2025-11-07T22:13:30.913Z,2025-11-08T00:18:29.913Z,125.0,,simulation_historical
9638,97309,Charles,Roussel,Ventes,CDI,Tennis,Tennis,2025-12-13,2025-12-13T10:50:30.913Z,2025-12-13T13:47:24.913Z,176.9,,simulation_historical
9639,97309,Charles,Roussel,Ventes,CDI,Tennis,Tennis,2026-02-04,2026-02-04T23:13:30.913Z,2026-02-05T00:15:31.913Z,62.0,,simulation_historical
9640,97309,Charles,Roussel,Ventes,CDI,Tennis,Tennis,2026-07-12,2026-07-12T05:11:30.913Z,2026-07-12T08:09:00.913Z,177.5,,simulation_historical
9641,97309,Charles,Roussel,Ventes,CDI,Tennis,Tennis,2026-06-07,2026-06-07T23:57:30.913Z,2026-06-08T00:27:55.913Z,30.4,,simulation_historical
9642,97309,Charles,Roussel,Ventes,CDI,Tennis,Tennis,2025-10-21,2025-10-21T22:24:30.913Z,2025-10-22T01:07:41.913Z,163.2,,simulation_historical
9643,97309,Charles,Roussel,Ventes,CDI,Tennis,Tennis,2026-09-16,2026-09-16T03:03:30.913Z,2026-09-16T04:14:21.913Z,70.9,,simulation_historical
9644,97309,Charles,Roussel,Ventes,CDI,Tennis,Tennis,2025-10-01,2025-10-01T18:54:30.913Z,2025-10-01T20:19:20.913Z,84.8,,simulation_historical
9645,97309,Charles,Roussel,Ventes,CDI,Tennis,Tennis,2026-03-12,2026-03-12T14:00:30.913Z,2026-03-12T15:34:02.913Z,93.5,,simulation_historical
9646,97309,Charles,Roussel,Ventes,CDI,Tennis,Tennis,2026-08-31,2026-08-31T17:47:30.913Z,2026-08-31T19:45:54.913Z,118.4,,simulation_historical
9647,97309,Charles,Roussel,Ventes,CDI,Tennis,Tennis,2026-03-01,2026-03-01T02:58:30.913Z,2026-03-01T04:49:07.913Z,110.6,,simulation_historical
9648,97309,Charles,Roussel,Ventes,CDI,Tennis,Tennis,2025-09-30,2025-09-30T01:08:30.913Z,2025-09-30T01:38:57.913Z,30.5,,simulation_historical
9649,97309,Charles,Roussel,Ventes,CDI,Tennis,Tennis,2026-08-31,2026-08-31T18:37:30.913Z,2026-08-31T19:43:21.913Z,65.9,,simulation_historical
9650,97309,Charles,Roussel,Ventes,CDI,Tennis,Tennis,2026-04-25,2026-04-25T22:33:30.913Z,2026-04-26T00:27:03.913Z,113.6,,simulation_historical
9651,97309,Charles,Roussel,Ventes,CDI,Tennis,Tennis,2026-03-09,2026-03-09T07:28:30.913Z,2026-03-09T08:38:20.913Z,69.8,,simulation_historical
9652,97309,Charles,Roussel,Ventes,CDI,Tennis,Tennis,2025-12-22,2025-12-22T03:15:30.913Z,2025-12-22T05:23:06.913Z,127.6,,simulation_historical
9653,97309,Charles,Roussel,Ventes,CDI,Tennis,Tennis,2026-06-08,2026-06-08T11:22:30.913Z,2026-06-08T13:02:49.913Z,100.3,,simulation_historical
9654,97309,Charles,Roussel,Ventes,CDI,Tennis,Tennis,2026-06-12,2026-06-12T19:29:30.913Z,2026-06-12T20:25:50.913Z,56.3,,simulation_historical
9655,97309,Charles,Roussel,Ventes,CDI,Tennis,Tennis,2025-10-01,2025-10-01T21:57:30.913Z,2025-10-02T00:54:48.913Z,177.3,,simulation_historical
9656,97309,Charles,Roussel,Ventes,CDI,Tennis,Tennis,2026-05-02,2026-05-02T02:51:30.913Z,2026-05-02T04:12:10.913Z,80.7,,simulation_historical
9657,97309,Charles,Roussel,Ventes,CDI,Tennis,Tennis,2026-06-08,2026-06-08T21:47:30.913Z,2026-06-09T00:43:51.913Z,176.4,,simulation_historical
9658,97309,Charles,Roussel,Ventes,CDI,Tennis,Tennis,2026-07-26,2026-07-26T05:19:30.913Z,2026-07-26T06:24:23.913Z,64.9,,simulation_historical
9659,97309,Charles,Roussel,Ventes,CDI,Tennis,Tennis,2026-05-06,2026-05-06T13:01:30.913Z,2026-05-06T14:51:01.913Z,109.5,,simulation_historical
9660,97309,Charles,Roussel,Ventes,CDI,Tennis,Tennis,2026-06-12,2026-06-12T21:56:30.913Z,2026-06-12T23:48:45.913Z,112.3,,simulation_historical
9661,97309,Charles,Roussel,Ventes,CDI,Tennis,Tennis,2026-01-12,2026-01-12T09:46:30.913Z,2026-01-12T11:40:15.913Z,113.8,,simulation_historical
9662,97309,Charles,Roussel,Ventes,CDI,Tennis,Tennis,2026-03-01,2026-03-01T10:08:30.913Z,2026-03-01T11:15:25.913Z,66.9,,simulation_historical
9663,97309,Charles,Roussel,Ventes,CDI,Tennis,Tennis,2026-02-21,2026-02-21T21:30:30.913Z,2026-02-21T22:51:11.913Z,80.7,,simulation_historical
9664,97309,Charles,Roussel,Ventes,CDI,Tennis,Tennis,2026-03-24,2026-03-24T23:06:30.913Z,2026-03-25T01:07:32.913Z,121.0,,simulation_historical
9665,99401,Yves,Pons,Ventes,CDI,Running,Runing,2026-05-24,2026-05-24T23:38:30.913Z,2026-05-25T02:31:23.913Z,172.9,24.29,simulation_historical
9666,99401,Yves,Pons,Ventes,CDI,Running,Runing,2026-02-28,2026-02-28T04:21:30.913Z,2026-02-28T04:48:30.913Z,27.0,22.16,simulation_historical
9667,99401,Yves,Pons,Ventes,CDI,Running,Runing,2026-01-08,2026-01-08T23:28:30.913Z,2026-01-09T01:33:58.913Z,125.5,28.86,simulation_historical
9668,99401,Yves,Pons,Ventes,CDI,Running,Runing,2025-12-04,2025-12-04T05:43:30.913Z,2025-12-04T07:31:00.913Z,107.5,25.77,simulation_historical
9669,99401,Yves,Pons,Ventes,CDI,Running,Runing,2026-01-09,2026-01-09T18:26:30.913Z,2026-01-09T19:57:57.913Z,91.5,8.35,simulation_historical
9670,99401,Yves,Pons,Ventes,CDI,Running,Runing,2026-09-13,2026-09-13T09:25:30.913Z,2026-09-13T10:18:15.913Z,52.8,29.76,simulation_historical
9671,99401,Yves,Pons,Ventes,CDI,Running,Runing,2025-10-05,2025-10-05T22:52:30.913Z,2025-10-06T01:50:02.913Z,177.5,3.44,simulation_historical
9672,99401,Yves,Pons,Ventes,CDI,Running,Runing,2026-07-21,2026-07-21T00:06:30.913Z,2026-07-21T02:38:43.913Z,152.2,6.4,simulation_historical
9673,99401,Yves,Pons,Ventes,CDI,Running,Runing,2026-08-23,2026-08-23T09:11:30.913Z,2026-08-23T11:02:35.913Z,111.1,20.07,simulation_historical
9674,99401,Yves,Pons,Ventes,CDI,Running,Runing,2026-05-19,2026-05-19T06:54:30.913Z,2026-05-19T07:24:47.913Z,30.3,3.82,simulation_historical
9675,99401,Yves,Pons,Ventes,CDI,Running,Runing,2026-03-14,2026-03-14T09:19:30.913Z,2026-03-14T11:03:29.913Z,104.0,3.89,simulation_historical
9676,99514,Léon,Olivier,Support,CDI,Marche,,2026-04-19,2026-04-19T01:38:30.913Z,2026-04-19T03:27:43.913Z,109.2,14.56,simulation_historical
9677,99514,Léon,Olivier,Support,CDI,Marche,,2026-04-02,2026-04-02T09:38:30.913Z,2026-04-02T10:57:38.913Z,79.1,12.94,simulation_historical
9678,99514,Léon,Olivier,Support,CDI,Marche,,2026-06-20,2026-06-20T04:05:30.913Z,2026-06-20T05:24:03.913Z,78.6,14.39,simulation_historical
9679,99514,Léon,Olivier,Support,CDI,Marche,,2026-02-13,2026-02-13T23:58:30.913Z,2026-02-14T02:41:43.913Z,163.2,2.6,simulation_historical
9680,99514,Léon,Olivier,Support,CDI,Marche,,2026-05-18,2026-05-18T02:16:30.913Z,2026-05-18T04:03:08.913Z,106.6,1.75,simulation_historical
9681,99514,Léon,Olivier,Support,CDI,Marche,,2026-09-07,2026-09-07T20:27:30.913Z,2026-09-07T21:28:22.913Z,60.9,12.42,simulation_historical
9682,99514,Léon,Olivier,Support,CDI,Marche,,2025-10-22,2025-10-22T12:26:30.913Z,2025-10-22T13:10:17.913Z,43.8,1.58,simulation_historical
9683,99514,Léon,Olivier,Support,CDI,Marche,,2026-03-19,2026-03-19T10:15:30.913Z,2026-03-19T12:20:03.913Z,124.6,11.09,simulation_historical
9684,99514,Léon,Olivier,Support,CDI,Marche,,2025-12-20,2025-12-20T12:00:30.913Z,2025-12-20T14:43:30.913Z,163.0,8.75,simulation_historical
9685,99514,Léon,Olivier,Support,CDI,Marche,,2025-12-03,2025-12-03T14:06:30.913Z,2025-12-03T15:02:26.913Z,55.9,13.42,simulation_historical
9686,99514,Léon,Olivier,Support,CDI,Marche,,2026-01-15,2026-01-15T15:27:30.913Z,2026-01-15T17:26:04.913Z,118.6,3.13,simulation_historical
9687,99514,Léon,Olivier,Support,CDI,Marche,,2026-05-18,2026-05-18T23:11:30.913Z,2026-05-19T02:03:49.913Z,172.3,13.57,simulation_historical
9688,99514,Léon,Olivier,Support,CDI,Marche,,2026-03-22,2026-03-22T03:34:30.913Z,2026-03-22T04:31:52.913Z,57.4,6.42,simulation_historical
9689,99514,Léon,Olivier,Support,CDI,Marche,,2025-12-05,2025-12-05T02:18:30.913Z,2025-12-05T02:54:26.913Z,35.9,6.32,simulation_historical
9690,99514,Léon,Olivier,Support,CDI,Marche,,2025-11-21,2025-11-21T23:18:30.913Z,2025-11-22T01:41:19.913Z,142.8,9.83,simulation_historical
9691,99514,Léon,Olivier,Support,CDI,Marche,,2026-02-02,2026-02-02T07:25:30.913Z,2026-02-02T08:31:15.913Z,65.8,3.26,simulation_historical
9692,99514,Léon,Olivier,Support,CDI,Marche,,2026-01-06,2026-01-06T17:23:30.913Z,2026-01-06T20:02:49.913Z,159.3,6.53,simulation_historical
9693,99514,Léon,Olivier,Support,CDI,Marche,,2025-10-09,2025-10-09T07:10:30.913Z,2025-10-09T09:03:12.913Z,112.7,13.01,simulation_historical
9694,99514,Léon,Olivier,Support,CDI,Marche,,2025-11-19,2025-11-19T02:21:30.913Z,2025-11-19T04:08:09.913Z,106.7,13.9,simulation_historical
9695,99514,Léon,Olivier,Support,CDI,Marche,,2025-09-16,2025-09-16T20:26:30.913Z,2025-09-16T21:35:02.913Z,68.5,9.23,simulation_historical
9696,99514,Léon,Olivier,Support,CDI,Marche,,2026-07-13,2026-07-13T06:05:30.913Z,2026-07-13T06:57:54.913Z,52.4,2.36,simulation_historical
9697,99514,Léon,Olivier,Support,CDI,Marche,,2025-09-27,2025-09-27T02:23:30.913Z,2025-09-27T02:50:26.913Z,26.9,3.23,simulation_historical
9698,99514,Léon,Olivier,Support,CDI,Marche,,2026-09-13,2026-09-13T14:42:30.913Z,2026-09-13T15:45:04.913Z,62.6,14.13,simulation_historical
9699,99514,Léon,Olivier,Support,CDI,Marche,,2026-04-12,2026-04-12T04:04:30.913Z,2026-04-12T05:27:11.913Z,82.7,10.61,simulation_historical
9700,99514,Léon,Olivier,Support,CDI,Marche,,2025-10-20,2025-10-20T08:40:30.913Z,2025-10-20T10:05:03.913Z,84.6,3.15,simulation_historical
9701,29456,Capucine,Gosselin,Ventes,CDI,Marche,,2026-09-16,2026-09-16T16:17:27.416Z,2026-09-16T17:09:27.416Z,52.0,3.37,live
9702,76771,Andréa,Munoz,Ventes,CDI,Marche,,2026-09-16,2026-09-16T16:22:33.288Z,2026-09-16T17:06:33.288Z,44.0,13.56,live
9703,46903,Luc,Leleu,Support,CDI,Escalade,Escalade,2026-09-16,2026-09-16T16:52:06.471Z,2026-09-16T17:51:06.471Z,59.0,,live
9704,43861,Christine,Klein,Finance,CDI,Marche,,2026-09-16,2026-09-16T16:52:59.936Z,2026-09-16T17:29:59.936Z,37.0,4.97,live
9705,56632,Claire,Evrard,Finance,CDI,Voile,Voile,2026-09-16,2026-09-16T18:25:30.566Z,2026-09-16T19:01:30.566Z,36.0,,live
9706,29450,Julie,Lambert,R&D,CDI,Randonnée,Randonnée,2026-09-16,2026-09-16T18:26:18.158Z,2026-09-16T19:42:18.158Z,76.0,8.55,live
